{"type":"FeatureCollection","features":[{"type":"Feature","properties":{"year":1999,"certainty":"insufficient data"},"geometry":{"type":"MultiLineString","coordinates":[[[179.0380573257102,-8.509750840333217],[179.03778521640734,-8.509809141040483],[179.03724242347232,-8.510195429358586]],[[179.03642847932915,-8.510821675275519],[179.03612070807276,-8.511180740172744],[179.03605352046338,-8.511452286903094],[179.03607396557857,-8.511994569382397]],[[179.03643646212825,-8.512331672162432],[179.0369811026036,-8.512294064437405],[179.03752481940933,-8.512081898389015]],[[179.06993671655462,-8.597511343860775],[179.06947542589938,-8.597785012520875],[179.0694472370999,-8.598056352369191],[179.0695907381536,-8.598296742837455],[179.0698643220873,-8.598500903376271],[179.07013716082702,-8.598567777539676],[179.07068177477717,-8.59850568625386]],[[179.10010740780388,-8.59824106391305],[179.10000378022107,-8.598433213504912],[179.09994528333064,-8.598975899135494],[179.09969692186192,-8.599790804034624],[179.09955390090792,-8.601418684004663],[179.09962741017046,-8.602503015816279],[179.10028632704476,-8.605211250023768]],[[179.10054781943094,-8.603311540439545],[179.10041583514231,-8.602498711863651],[179.10039975978128,-8.601142884067746],[179.1004808337861,-8.60087125836068]],[[179.100389385826,-8.605753053317857],[179.1004216261981,-8.60581551727606],[179.10069416292617,-8.605826570758435],[179.10082559817792,-8.605479487533854],[179.1007708671529,-8.604123871442193]],[[179.09982844801357,-8.60792558186555],[179.0990766559833,-8.608974143071654],[179.0980855731236,-8.610104564372861],[179.0978046150704,-8.61064846478085]],[[179.09734842442586,-8.611735688505728],[179.09745777190673,-8.611875814280019],[179.09772881212126,-8.611614445784765],[179.09863865304777,-8.610372728259359],[179.0995980508145,-8.60955393914754],[179.09998980801788,-8.609009432925408],[179.1003002439458,-8.607923004740474]],[[179.09653764619088,-8.613096030730636],[179.09621316773573,-8.614182535737033],[179.0961610863087,-8.614454003567472],[179.0962128128234,-8.614996088641343],[179.09600971937147,-8.615810747844703],[179.09598655177987,-8.616895608950161],[179.09635648700257,-8.619063058663448],[179.09696250691792,-8.620891986488342],[179.09762649383856,-8.62231032303988],[179.0977915079388,-8.62298335452026],[179.09808267831636,-8.623392562757038],[179.09834242652636,-8.62405967904669],[179.09925003536102,-8.625555643602905],[179.10028196140786,-8.626905910629992],[179.1005572942902,-8.627446768745662],[179.10063564435552,-8.627988705235625],[179.10044285067374,-8.628532126532805],[179.10038503859022,-8.629074808683477]],[[179.09667723563734,-8.615807104856652],[179.09683163323163,-8.61417916077487],[179.09710134740476,-8.613092954556603]],[[179.09764309753555,-8.6206831323021],[179.0970913228849,-8.619601412984276],[179.09699320210538,-8.619059581952062],[179.09677900080513,-8.618518384671201],[179.09658469870578,-8.617163527803092],[179.0965774641287,-8.61635001659015]],[[179.09828849441888,-8.622035521508126],[179.09778121645206,-8.621118221720833]],[[179.07921740825645,-8.621868112143515],[179.07917145947374,-8.621597174630846],[179.07870912431915,-8.62150679776502],[179.078386341853,-8.621601426266201],[179.07828818063155,-8.621873144265805],[179.07843935736722,-8.622005040448323],[179.07871189091605,-8.62201281259609],[179.07921740825645,-8.621868112143515]],[[179.1009374110111,-8.625817590837045],[179.1003418183701,-8.624736120286753],[179.09944303456004,-8.62365630667014],[179.09915490460608,-8.623156200620778],[179.09884943566033,-8.6228460041193],[179.09860608766843,-8.622460619016335]],[[179.07800354384554,-8.62458655093561],[179.07784717970281,-8.625672143919724]],[[179.10296455305536,-8.628789491671721],[179.102480828888,-8.628249778636473],[179.1023379687651,-8.627708196709985],[179.10217862283844,-8.627437887465554],[179.10129586925373,-8.626357993211705]],[[179.07746217103445,-8.626758975169569],[179.07719420713,-8.627031612757115],[179.07705070054703,-8.627303576419969],[179.07701702142634,-8.627574945447249],[179.07712053534067,-8.627845571636463],[179.07738200074775,-8.627970698651644],[179.0782002951604,-8.628118410188348],[179.0784720616656,-8.62798516188606],[179.07855595559505,-8.627837796495003]],[[179.10164833096977,-8.630574676323452],[179.1018466430586,-8.630693897012629],[179.10192226397746,-8.630834809357811],[179.1019758795629,-8.631235553631821]],[[179.10364336070322,-8.63203995600015],[179.10356311420907,-8.631898164470797],[179.10347389210548,-8.632040885760428],[179.1035647579835,-8.632194898445373],[179.10364336070322,-8.63203995600015]],[[179.09920538058495,-8.632291810816362],[179.09812649728295,-8.633697283548488],[179.09703842961997,-8.634647402298935],[179.09649507732124,-8.63494470595818],[179.0953254989068,-8.635339705008915],[179.09405670339723,-8.636160190506406]],[[179.07464599072836,-8.632469142392564],[179.0745928296672,-8.632740617067563],[179.07475636293074,-8.633282106103923],[179.07550513458713,-8.633570914799167],[179.07577702632523,-8.633459686219027]],[[179.1003025316584,-8.633588271126186],[179.10002958619384,-8.633506971456978],[179.09975560341283,-8.633238090348321],[179.09956686117695,-8.632604666011916]],[[179.09595410522064,-8.635673248572157],[179.09676923097774,-8.635244565269469],[179.09867367184532,-8.634694551938795]],[[179.07468015171185,-8.637350323101678],[179.07462499144472,-8.636537060865578],[179.07469494785408,-8.636265495193282],[179.07513045450867,-8.635449576640916]],[[179.0736108053859,-8.635728988440249],[179.07368156896547,-8.635999792703526],[179.07365329584238,-8.636271132810707],[179.07350923578122,-8.636543099418308]],[[179.09404934348743,-8.636167226613779],[179.09298156162126,-8.636708431480825],[179.09271905724754,-8.636981049044632]],[[179.07283560594416,-8.638987428780585],[179.07295504669713,-8.639800344160786],[179.07308745678654,-8.639946160680948]],[[179.0880749264154,-8.639904459385047],[179.08748192610204,-8.640263831314062],[179.08698915252194,-8.640674446748566],[179.08644566126856,-8.640949895789614],[179.08508912591122,-8.642038144313357],[179.0831869171346,-8.643007262826174]],[[179.07338458849142,-8.64034039385686],[179.07377072310376,-8.641151864831953],[179.07418562445667,-8.64143648125254],[179.07473122378002,-8.641543966324717]]]}},{"type":"Feature","properties":{"year":1999,"certainty":"insufficient data"},"geometry":{"type":"MultiLineString","coordinates":[[[179.11660050198813,-8.426332592032955],[179.11578448073072,-8.426519513373911],[179.1154508542219,-8.426690622464793]],[[179.12086284520143,-8.426932596248399],[179.12014934706374,-8.427865760883686],[179.11960541835788,-8.42800598128009]],[[179.11524915786148,-8.427234075012855],[179.11551775039845,-8.427552435226884],[179.116609188752,-8.427929534820358]],[[179.11933546953577,-8.428446130101694],[179.12069646088628,-8.428309991476857]],[[179.16795047711597,-8.433183481592003],[179.1678377850565,-8.432989064108897],[179.1675649655538,-8.432903353905722],[179.16728667123803,-8.433187150574396]],[[179.1667520843206,-8.433646969367029],[179.1662068402237,-8.43354657603507],[179.16577731654604,-8.433737836963843],[179.16560871148212,-8.43400994216964],[179.16575232906857,-8.434280323037584],[179.16612494735347,-8.43454943881072],[179.16648695954456,-8.43494212805383]],[[179.16992774514804,-8.437240145719773],[179.16949485032154,-8.437113089655018],[179.16922254368495,-8.437119839144612],[179.16914788085913,-8.437244462014068],[179.16950935964672,-8.43778480823285],[179.17032024589403,-8.438610480414622]],[[179.1718579129027,-8.438314147952273],[179.17167494702218,-8.437353587742457],[179.1714010411812,-8.437074074655781],[179.1711285374035,-8.43704546562748]],[[179.17086738320668,-8.439048459279249],[179.17141458424157,-8.439497630011584],[179.17251011891233,-8.440597846616448]],[[179.17917992376996,-8.448578027168377],[179.17826670119288,-8.44725123105378]],[[179.17786735426478,-8.448042987900667],[179.17829604936415,-8.448582946297545]],[[179.180903491354,-8.453449510912638],[179.18212790773657,-8.455840770102677],[179.18240243563568,-8.456226787791296]],[[179.18417144159497,-8.460481716466894],[179.18503230879526,-8.463459779947613],[179.1856189291652,-8.464812350881187],[179.1865524972383,-8.467698367919086],[179.1876112319157,-8.469682259427248],[179.18834976200762,-8.47049163082405],[179.18873009727074,-8.471031838455717],[179.18902389804785,-8.471259577992246]],[[179.1859150949847,-8.463183673051253],[179.18567481185605,-8.462371506175705]],[[179.1875136629443,-8.468055786839226],[179.18702250727793,-8.466973857355647],[179.18685499871327,-8.466161285113074]],[[179.18853791382537,-8.46994823704522],[179.18812797417704,-8.469137024995428]],[[179.1900493306712,-8.47265145768046],[179.19053646746548,-8.474004571006093],[179.19083000854172,-8.475087600400972],[179.19111741090822,-8.47644183272032],[179.19123487703985,-8.47752584957053],[179.19147518128767,-8.478338007121964]],[[179.19106207708205,-8.47400162097051],[179.19049652169343,-8.472920118057198]],[[179.1925726841498,-8.478603009634005],[179.19242863230826,-8.477790312533031],[179.19204379271795,-8.476707798977614],[179.19188500375574,-8.475895183934348],[179.19156655245362,-8.475083465209792]],[[179.1916916652312,-8.479963805071336],[179.19179215197894,-8.482674930062009]],[[179.19275127287904,-8.481856031585169],[179.19272096078956,-8.479958020391235]],[[179.19180127287194,-8.48321721667632],[179.19175138928517,-8.48620035528178],[179.1920784631431,-8.488639035597107],[179.1923080174984,-8.489451250558572],[179.19240094317325,-8.490422182755026],[179.19290746614072,-8.492430732537262]],[[179.1925998454113,-8.485924414826],[179.19263115153944,-8.484568394890369]],[[179.19281474949457,-8.488906061772013],[179.19273473613444,-8.487550668453043]],[[179.19305405460656,-8.49297224444971],[179.19311727704573,-8.493514225642778],[179.1932737101169,-8.494055681831956]],[[179.19627216669625,-8.504885502016432],[179.19657275286258,-8.505553214139187]],[[179.196907862029,-8.50650891870079],[179.19706412004652,-8.50705037141311],[179.19745799255952,-8.507861648835895],[179.1977393976291,-8.50867356118402],[179.19795393084192,-8.508926547240241],[179.1982263986524,-8.508940192168565],[179.19849833027914,-8.50885987282716]],[[179.198420178306,-8.510025549665809],[179.19846207272946,-8.510567647640888],[179.19863292116625,-8.510837848732336],[179.19869697634815,-8.511108653806474]],[[179.19860736386144,-8.511651495543607],[179.1984442541265,-8.511923585643185],[179.1985169125276,-8.512465509474453],[179.19885981042125,-8.513005904192873],[179.1992352877898,-8.513817281243698],[179.19902097837127,-8.514360828777807]],[[179.19880807027764,-8.515402320637232],[179.1986212919541,-8.515718927526372],[179.19859546393334,-8.516532575781957]],[[179.19773603083405,-8.51847420495753],[179.19746323923272,-8.518405063081751],[179.19719146178346,-8.518513551925057],[179.19703196871302,-8.518981930574304],[179.19681599016494,-8.519254320062972]],[[179.20237804294817,-8.520443994576933],[179.2022817759638,-8.52085036066937],[179.2021091512708,-8.521056519097165],[179.20183739611122,-8.521168825441059],[179.20173916008497,-8.521124604925168],[179.20144549267357,-8.520312769804706],[179.20148895895426,-8.520041356551133],[179.20180539051339,-8.51949722882744],[179.20209825613142,-8.519224401400784]],[[179.19469256998724,-8.523062678594075],[179.19462473353497,-8.523334230116596],[179.19419992950756,-8.523878967873586],[179.19405448077546,-8.524422126245382],[179.1940598478421,-8.524693263955887]],[[179.19777247576405,-8.524853841411925],[179.19804525273474,-8.5249195694167],[179.19831628079257,-8.524679338044232],[179.1988601177169,-8.524510529614066],[179.1991313895298,-8.524313080388565]],[[179.19614846800366,-8.526674969843045],[179.1973890773951,-8.525759097474923],[179.19744947277647,-8.525487588012085]],[[179.19030877557032,-8.530137826268358],[179.18982090156774,-8.530411749904772],[179.18936200862203,-8.530823395017638],[179.18881855178506,-8.531061699630387],[179.18800644665936,-8.531960360442655],[179.18719228977892,-8.532499250577107],[179.18583784220354,-8.53383435339295]],[[179.18421181555334,-8.535317408831322],[179.18204236204582,-8.53704878480089],[179.18041321738036,-8.53798790677991]],[[179.15977543040344,-8.549676336820372],[179.16248957549342,-8.547883790400066],[179.16411890846513,-8.54696057448353],[179.16492576335668,-8.546279547421948],[179.16511765257852,-8.546007301492038],[179.1651834106359,-8.545735760933251]],[[179.16384250615567,-8.54625515714159],[179.16202740009373,-8.547109264623684],[179.15950007194346,-8.549155563256383],[179.15868463303545,-8.549481892290375]],[[179.14891271198312,-8.555802064806215],[179.14864124788411,-8.555974638615925],[179.1480970579391,-8.556094880209868]],[[179.148648508353,-8.557269259208748],[179.15018303867745,-8.555852846140105]],[[179.14755345121335,-8.556319266114135],[179.14619509117554,-8.556998088844928],[179.14538124452494,-8.557614677187047],[179.14456462002573,-8.557735581418497],[179.1434783798568,-8.558360347718057],[179.14268352256548,-8.558606236344993],[179.14103363463013,-8.559642631093304],[179.1409248278645,-8.559971863659632]],[[179.1451162036541,-8.558934819369178],[179.1462045899263,-8.55869350464536]],[[179.1331668954293,-8.56573080789458],[179.13398396308892,-8.565684735443226]],[[179.11761889028517,-8.579354068977299],[179.11725772623734,-8.580169593390654],[179.116912607358,-8.580713849120762]],[[179.11791791089888,-8.580437148903577],[179.11809955319518,-8.579893790500893],[179.11828201537142,-8.579621608005098]],[[179.1169033130032,-8.58072279848519],[179.11572300619676,-8.581805100616695]],[[179.11425571842108,-8.582355510823115],[179.11413529722935,-8.582627352178925],[179.1142680818948,-8.582897805074692],[179.1147376241392,-8.583243130897278],[179.1150103035816,-8.583283263262043],[179.11529993169822,-8.583163326030737],[179.11559739437388,-8.582619332236476],[179.1161607996438,-8.582073878931377]],[[179.10364336070322,-8.63203995600015],[179.10356311420907,-8.631898164470797],[179.10329735705054,-8.632041854209993],[179.1035647579835,-8.632194898445373],[179.10364336070322,-8.63203995600015]]]}},{"type":"Feature","properties":{"year":2000,"certainty":"insufficient data"},"geometry":{"type":"MultiLineString","coordinates":[[[179.03805766691153,-8.509815343014004],[179.03778564513158,-8.509890199746444],[179.03724243243144,-8.510197123635805]],[[179.03642845459729,-8.510816996654292],[179.03611391028258,-8.511180775780712],[179.03605951062957,-8.511452255525567],[179.03611747116676,-8.511994341474125]],[[179.03643644997234,-8.512329373006216],[179.03698110389897,-8.512294309381527],[179.03752481940933,-8.512081898389015]],[[179.06996444179504,-8.59751119476384],[179.06956390781087,-8.597784536779649],[179.0695045586029,-8.598056044165409],[179.06959019050993,-8.598195856774044],[179.06986373000737,-8.59839184833563],[179.0701366360586,-8.598471134180404],[179.07068163931118,-8.598480744809667]],[[179.10010750705575,-8.598259082005402],[179.10000235811444,-8.598433221264457],[179.09994528333064,-8.598975899135494],[179.09965429277432,-8.600062219894872],[179.0995719391166,-8.601689768823618],[179.0996743475725,-8.602773942858121],[179.1002868972185,-8.605211246909885]],[[179.10049904047455,-8.60331180680822],[179.10034666204038,-8.602499089539053],[179.10037752484155,-8.601956554810021],[179.1003179115828,-8.601414514007837],[179.1004678543156,-8.600871329216908]],[[179.100692588878,-8.605541149899242],[179.1007498790789,-8.604123986075816]],[[179.09983963328736,-8.607925520774115],[179.09970080652525,-8.608197462145375],[179.0994124693418,-8.608470220016647],[179.09904932129848,-8.609014569509345],[179.09812189864604,-8.610104366086075],[179.09781754748806,-8.610648394193381]],[[179.09737118745807,-8.611735564272541],[179.09745738014692,-8.61180471875522],[179.09772851701914,-8.611560896772302],[179.09854015550027,-8.610508337161518],[179.09968762981615,-8.60928226670256],[179.10028363555466,-8.60792309547152]],[[179.0965655595064,-8.613095878424325],[179.09618832694082,-8.61445385493563],[179.09623766219502,-8.614995953045286],[179.0960531209902,-8.615810511014443],[179.09602020784828,-8.616895425278635],[179.09612832723903,-8.617858847370318],[179.09640860100447,-8.619271898313515],[179.09694635753442,-8.620958122051205],[179.09760992375277,-8.622310413592796],[179.09779164096722,-8.62300746059997],[179.09826415045825,-8.62393393706385],[179.0988189905053,-8.624744452369182],[179.0993681533918,-8.625826180344568],[179.10039416407773,-8.62717647915404],[179.1006285365727,-8.627717561401289],[179.10065855986255,-8.62798857974493],[179.10047057694084,-8.628531974701767],[179.10040009263847,-8.629074726243918]],[[179.09664743979002,-8.615807267493018],[179.09669849970513,-8.614993438092919],[179.09703049098292,-8.613093341272624]],[[179.09757804230685,-8.620683487752384],[179.09707596952035,-8.619601496841057],[179.0967808325995,-8.618518374669],[179.0965649325082,-8.617163635706005],[179.09655804356976,-8.61635012259618]],[[179.0982838229793,-8.622035547044156],[179.09778150618104,-8.621170735219541]],[[179.0791451815285,-8.621868503359416],[179.07913795825885,-8.62159735608224],[179.07870916230843,-8.621513746274944],[179.078386341853,-8.621601426266201],[179.07828818063155,-8.621873144265805],[179.07843928603072,-8.62199199155598],[179.0791451815285,-8.621868503359416]],[[179.1008739412847,-8.625817938370204],[179.10028129850951,-8.624736451533643],[179.09959392613212,-8.62392666417898],[179.09860649380124,-8.622534190073553]],[[179.07800354384554,-8.62458655093561],[179.07784717970281,-8.625672143919724]],[[179.10281417680952,-8.628790316121353],[179.10241595532563,-8.628250134214676],[179.10205735176186,-8.62743855199877],[179.10135402032873,-8.626630504401366],[179.10121420434112,-8.62635844047554]],[[179.07756264265456,-8.626758431103523],[179.07709285208148,-8.627303348198772],[179.07702711830336,-8.627574890779329],[179.07713993625563,-8.627845466584661],[179.07765511478738,-8.628083801630389],[179.07820051076996,-8.62815782558329],[179.07847215949826,-8.628003044554779],[179.07855494336096,-8.627837801979794]],[[179.10164845216238,-8.630596577721485],[179.10192217297023,-8.630818365539152],[179.10199508116438,-8.631235448373912]],[[179.07470011001513,-8.632468849543171],[179.07462484619938,-8.632740443820316],[179.07464123056818,-8.633011542167367],[179.07475583424966,-8.633282108965085],[179.07550513458713,-8.633570914799167],[179.0757770216052,-8.633458822890844]],[[179.09920576651422,-8.632361621197315],[179.0986845957945,-8.633151862548472],[179.0983944018102,-8.63346913728454],[179.09703870963517,-8.63469809238816],[179.09622428398225,-8.635253288776772],[179.09570870328835,-8.635337609892801],[179.09497302900377,-8.635612815357895]],[[179.1003026140522,-8.633603165247054],[179.10002978181865,-8.633542338963405],[179.09975584704054,-8.633282143545927],[179.09966735126332,-8.633146481403566],[179.09955810396076,-8.632604713968554]],[[179.09595410497272,-8.635673203674001],[179.0962254349603,-8.63546171011779],[179.09676915620392,-8.635231028409597],[179.0986737890998,-8.634715761435398]],[[179.07464887891916,-8.637350492416545],[179.07460579628653,-8.636537164778655],[179.0751275781793,-8.635449592213899]],[[179.09486420637108,-8.635690181120204],[179.0941944359924,-8.636159437903942]],[[179.09404993474865,-8.636274393777732],[179.09350579891915,-8.6364306223523],[179.09276322389286,-8.636980807845427]],[[179.07283210767716,-8.638987447707397],[179.07295504669713,-8.639800344160786],[179.07308745678654,-8.639946160680948]],[[179.08807516988975,-8.639948696659458],[179.08698948151434,-8.640734247599319],[179.0863353517012,-8.64108363266166],[179.08571483095065,-8.641629382214559]],[[179.07338458849142,-8.64034039385686],[179.07377072310376,-8.641151864831953],[179.07418562445667,-8.64143648125254],[179.07473122378002,-8.641543966324717]],[[179.0856323514313,-8.641713856207069],[179.08373103987165,-8.642845648742782],[179.08318740378567,-8.643095858400905]]]}},{"type":"Feature","properties":{"year":2000,"certainty":"insufficient data"},"geometry":{"type":"MultiLineString","coordinates":[[[179.11660077032062,-8.426381925989032],[179.11551274609948,-8.426631984689331]],[[179.12089129430984,-8.426932442509377],[179.12033771247755,-8.427748979289452],[179.12014958781734,-8.427909942046945],[179.11960582926824,-8.428081406194028]],[[179.1153065079568,-8.427233765901086],[179.1155177426886,-8.427551017220521],[179.11660941603827,-8.427971314084544]],[[179.1193353395373,-8.428422266221244],[179.12042468553358,-8.428414784209757],[179.12069665078113,-8.428344828612882]],[[179.16792157151644,-8.43318364138218],[179.16783787412209,-8.433005038993528],[179.16756499410369,-8.432908475341167],[179.16726945044255,-8.433187245742092]],[[179.1667525281921,-8.433726615871972],[179.16595867170432,-8.433736835325782],[179.16567617685968,-8.434009569580487],[179.1657138566195,-8.434280535523822],[179.1664866416269,-8.434885083626012]],[[179.16998026687935,-8.437239854973393],[179.16949491399635,-8.43712449603743],[179.1692212359018,-8.437244056083927],[179.1694982542077,-8.437722822090889],[179.1703202803153,-8.438616643008414]],[[179.17187354302018,-8.43831406134108],[179.17175172871336,-8.43777239042884],[179.17149181333806,-8.43723148443852],[179.17140134590053,-8.437128612667292],[179.17112870265564,-8.437075045964537]],[[179.170867441231,-8.43905884446289],[179.17250994573772,-8.440566880999723]],[[179.1791954193753,-8.448577940911086],[179.17826636424255,-8.447191187750114]],[[179.17789006375344,-8.448042861570606],[179.1783252781428,-8.448582783659113]],[[179.180903491354,-8.453449510912638],[179.18240236377207,-8.456214020065392]],[[179.1841715297279,-8.460481715974504],[179.18511164494234,-8.463730506701324],[179.1855059691774,-8.464541812444775],[179.18655265864672,-8.467726950821948],[179.18765364310883,-8.469768058388253],[179.188750391759,-8.471057750268315],[179.1890239066278,-8.47126109500042]],[[179.18591115828886,-8.463183695069699],[179.18564497975888,-8.462371672995602]],[[179.18751160246055,-8.46805579837866],[179.18703103442616,-8.466973809617146],[179.18684250158833,-8.466161355064934]],[[179.18849572284716,-8.469948473489435],[179.18805764142965,-8.469137419037043]],[[179.1900596632787,-8.472651399716394],[179.19082264476592,-8.47508764173653],[179.1912339275813,-8.477525854902666],[179.19146466124005,-8.478338066214178]],[[179.19106010735865,-8.4740016320271],[179.19046440495163,-8.472920298266956]],[[179.1925191738426,-8.47860331036387],[179.19238725672696,-8.47779054502902],[179.1915615339501,-8.475083493389963]],[[179.19169315728047,-8.479963796687924],[179.1917834794205,-8.482674978807935]],[[179.19272424060824,-8.481856183577374],[179.19266663356453,-8.479958325780173]],[[179.19179814660907,-8.483217234249322],[179.19174637544737,-8.486200383473966],[179.19211836047958,-8.488909979976883],[179.19228098672755,-8.489451402643617],[179.19265978230038,-8.491618620834625],[179.19290975799262,-8.49243071963445]],[[179.19260653668465,-8.48592437718831],[179.1926526879819,-8.484568273766843]],[[179.1928011553367,-8.488906138270906],[179.19272001095547,-8.487550751300681]],[[179.1930534976616,-8.492972247585634],[179.19325897193715,-8.494055764834822]],[[179.19628964581406,-8.50488540331971],[179.19657273026658,-8.505549249004632]],[[179.19690021521146,-8.506508961899186],[179.19705754122367,-8.507050408583153],[179.19744554327937,-8.507861719192768],[179.1977213596351,-8.508673663147787],[179.1979539037397,-8.508921796256677],[179.1982263407956,-8.5089300512155],[179.19849807749057,-8.508815569820321]],[[179.1984221121331,-8.510025538729295],[179.19847342880334,-8.510567583412735],[179.1986616987134,-8.510837685952769],[179.19871033706895,-8.511108578227573]],[[179.1986095582089,-8.511651483130397],[179.19844949435108,-8.511923556001005],[179.19843946140531,-8.512194780189871],[179.19851890829497,-8.512465515267111],[179.19922823209325,-8.513817321178268],[179.199021132473,-8.51436082790563]],[[179.19880809546785,-8.51540673132444],[179.19862219963744,-8.515718922389286],[179.19860594029478,-8.516532516485436]],[[179.1977360275943,-8.518473637621554],[179.19746319689207,-8.518397647543434],[179.19719139193862,-8.518501317942262],[179.19703495216157,-8.518981913695239],[179.19681251988723,-8.519254339694951]],[[179.20237750888285,-8.520350689533291],[179.20223033757946,-8.520850652440123],[179.20210882520303,-8.520999550033661],[179.20183728629215,-8.521149636284202],[179.20177036377453,-8.521124427965228],[179.20145315211897,-8.5203127263771],[179.20166057752064,-8.519769216701786],[179.20208197205375,-8.51922449374388]],[[179.19468643277932,-8.52306271329479],[179.19462359772666,-8.523334236538645],[179.19418977112457,-8.523879025303016],[179.19410150484293,-8.52415069234851],[179.19407117303984,-8.52469319992783]],[[179.19777156837415,-8.524695064138626],[179.1985877100421,-8.524509345541128],[179.19913129840313,-8.524297143799778]],[[179.19614834437021,-8.526653325024357],[179.19641923399328,-8.526388427887866],[179.19700932877026,-8.526032415271256],[179.1971617441432,-8.525760384762998],[179.19721552733097,-8.525488912735634]],[[179.19033276596141,-8.530137690784294],[179.18981809421106,-8.530411765755984],[179.18936200807116,-8.53082329832084],[179.18881860248476,-8.53107060084561],[179.18800649401393,-8.531968676561508],[179.1871925427269,-8.532543685340105],[179.18583794752763,-8.533852863986423]],[[179.18421192999295,-8.535337532903004],[179.18204241232053,-8.537057632531383],[179.18041324030617,-8.537991944011512]],[[179.15977538722944,-8.549668671820472],[179.16248955571987,-8.547880283514509],[179.16411908328445,-8.546991559024908],[179.16492645723775,-8.546279543541672],[179.16515138778996,-8.54573594001825]],[[179.16384262796956,-8.546276751713926],[179.16221240594956,-8.547041984343466],[179.16133551319996,-8.547655475204452],[179.1595000544572,-8.54915245820366],[179.1586846409189,-8.549483292631917]],[[179.1489127520284,-8.555809205114837],[179.14864138627314,-8.5559993167896],[179.1480972777815,-8.556134092865296]],[[179.14864879177603,-8.55731979249416],[179.15018303867745,-8.555852846140105]],[[179.14755377883705,-8.556377716594227],[179.14673887290124,-8.556804554571391],[179.14619650026762,-8.557249617300917],[179.14538181625628,-8.557716765682272],[179.14456510215032,-8.557821701363034],[179.14347872089013,-8.55842129158935],[179.14280024583567,-8.558605589404097],[179.14130528763332,-8.559502605878297],[179.14104829412454,-8.559700003032317],[179.14095969832212,-8.559971670522067]],[[179.14511628712532,-8.558949723592402],[179.14566087573118,-8.558899612148863],[179.14620492868067,-8.558753961897319]],[[179.11763653392998,-8.579353972107121],[179.11696106148977,-8.580713583135543]],[[179.11791977011032,-8.580437138693162],[179.11809973956252,-8.579893789477373],[179.11828201537142,-8.579621608005098]],[[179.1169035834059,-8.580771598163288],[179.11612056775323,-8.581531738288389]],[[179.11427383093607,-8.58235541150306],[179.11415100044636,-8.582627266072576],[179.11426620886613,-8.582897815346097],[179.11473810158023,-8.583329357283022],[179.11501074884734,-8.583363668018468],[179.11537381884023,-8.583162920627627],[179.1155520432822,-8.582710125645905],[179.1161332604203,-8.582074030072594]]]}},{"type":"Feature","properties":{"year":2001,"certainty":"insufficient data"},"geometry":{"type":"MultiLineString","coordinates":[[[179.07830317422753,-8.461330055200381],[179.07839028183724,-8.46201819215394],[179.07910025167735,-8.463766511834525],[179.07933574574378,-8.464578823786622]],[[179.08019323793013,-8.46484544823547],[179.08051537304954,-8.464301357096101],[179.0810400835619,-8.463756187251974],[179.0812458536462,-8.463212715553722],[179.0812902477235,-8.4626701032099]],[[179.06165458001269,-8.490497057076096],[179.06110898795814,-8.490348725966426],[179.05974753716393,-8.49045191921275]],[[179.03836351186607,-8.510084207784974],[179.0380576031365,-8.509803286649625],[179.0377856158855,-8.50988467022805],[179.0369774933164,-8.510362667279129],[179.03642831361407,-8.51079032627519],[179.036099784339,-8.511180849774382],[179.0360483001112,-8.51145231424813],[179.03611155967303,-8.51199437244235]],[[179.03643650061585,-8.51233895165956],[179.0370992895754,-8.512260391444409],[179.03759884001732,-8.51198657827399],[179.03781800190328,-8.511714234760818],[179.03791669808922,-8.511442522806986],[179.03789852015674,-8.511171423615915],[179.03778438285644,-8.510900827473728],[179.03783425304078,-8.510629371522674],[179.03806131701484,-8.510505348004726]],[[179.07013130018768,-8.597488395755141],[179.06951769685773,-8.597784785244897],[179.06947969508244,-8.59805617785156],[179.0695904110806,-8.598236490114509],[179.06986385759973,-8.598415349656278],[179.07013676403446,-8.598494702807006],[179.0706817048679,-8.598492814853856]],[[179.10042606140587,-8.598973275442008],[179.1004881658042,-8.598430570210372],[179.10038031798155,-8.59832089116236],[179.10010770095286,-8.59829428179285],[179.10002051817335,-8.598433122175987],[179.0999531191859,-8.598975856378619],[179.0996534648439,-8.600062224412454],[179.09955889325553,-8.600876290237638],[179.09957354861436,-8.602232126539041],[179.10023013030462,-8.604940373823899],[179.10035554890143,-8.605753238129681],[179.10042184026534,-8.605854338245042],[179.1006943035471,-8.60585206895584],[179.10082948147763,-8.605479466319949],[179.10076360663018,-8.604395094121012],[179.10038206925228,-8.602498896222212],[179.10048212210646,-8.600871251327584],[179.1003078386707,-8.600329836435503],[179.10043009598488,-8.599515619701059]],[[179.09937960668825,-8.609826315450126],[179.1000060169255,-8.609009344378299],[179.100237556236,-8.608194530261843],[179.10023863584954,-8.607923341299689],[179.10015994717406,-8.607773536541467],[179.0998881693411,-8.607900379981988],[179.09973094015183,-8.608197297566562],[179.09826480428217,-8.609987287761236],[179.09785034127685,-8.610648215197024]],[[179.09731708807033,-8.611464676018729],[179.09736504951317,-8.611735597771572],[179.09745745757826,-8.61181877083686],[179.09772870146577,-8.611594366361714],[179.0986578292183,-8.61037262355381],[179.09935391502376,-8.609841211745385]],[[179.09659502491095,-8.613095717646999],[179.0962581333263,-8.61418229039365],[179.09620170936537,-8.615267332880473],[179.09603614249104,-8.615810603661854],[179.09601690212742,-8.6168954433191],[179.09636437535002,-8.619063015596469],[179.09696252319623,-8.620894938180303],[179.09763194000732,-8.62231029327727],[179.09774443427378,-8.622852045099854],[179.0980662765775,-8.623396469662426],[179.0982687098697,-8.623933912135126],[179.09881821312086,-8.624744456621064],[179.0994132387427,-8.625825933654358],[179.10008325267867,-8.626635815570378],[179.10055257964464,-8.62744679456146],[179.10065540190988,-8.627988597038703],[179.10041199347023,-8.629074661071703]],[[179.09667450836577,-8.61580711974317],[179.09682894082724,-8.614179175469465],[179.09707289100763,-8.613093109865828]],[[179.0982661774375,-8.622035643501514],[179.09765146810142,-8.62095426990629],[179.09750519961702,-8.620412702370947],[179.09706206126242,-8.619601572804447],[179.09677183835652,-8.618518423780435],[179.09669028992573,-8.617705318450888],[179.09654964565223,-8.617163719155673],[179.0965655731209,-8.616350081496662]],[[179.0791451815285,-8.621868503359416],[179.0791494923142,-8.62159729361109],[179.07870914436032,-8.621510463440591],[179.078386341853,-8.621601426266201],[179.07828818063155,-8.621873144265805],[179.07843935484146,-8.622004578440324],[179.078711825051,-8.622000766133908],[179.0791451815285,-8.621868503359416]],[[179.10084918237098,-8.625818073936612],[179.0999786892484,-8.624300066940897],[179.09958317549655,-8.623926722995435],[179.09860656463073,-8.62254702079071]],[[179.07926193073956,-8.624308548258526],[179.07899633545247,-8.62419848910913],[179.0787239531915,-8.624218661134037],[179.07817994205254,-8.624396834180192],[179.07801990072056,-8.62458646236146],[179.0779312672327,-8.624858128876484],[179.07784541469871,-8.625672153477806]],[[179.07764773822947,-8.626734827183945],[179.07737631238476,-8.6269303183222],[179.07708948341195,-8.627303366437943],[179.07702877660617,-8.62757488180069],[179.07714961246614,-8.627845414189695],[179.07778353872604,-8.628113167607726],[179.0782005776695,-8.628170055384148],[179.078472061756,-8.62798517841284],[179.07855686361808,-8.62756660515068]],[[179.10295887845314,-8.629603069841503],[179.10282158548355,-8.628790275504095],[179.102433513619,-8.628250037977073],[179.1022857885425,-8.627708482678791],[179.10159166145715,-8.626898738290542],[179.1012379625516,-8.626358310357947]],[[179.10082953648637,-8.63033708542052],[179.1018171405398,-8.630694058715681],[179.10198242698044,-8.63096433524848],[179.1019750436977,-8.631506740704014],[179.10219931557666,-8.631658253407265],[179.10301753802153,-8.63179196874871],[179.10321335696597,-8.631499950438602],[179.10317531044552,-8.630686612246096],[179.10334475366534,-8.630143318352303]],[[179.0749291000888,-8.632196423385238],[179.07459766901198,-8.632740590881163],[179.07468519241343,-8.633123949653669],[179.07485747529228,-8.633281558881093],[179.0754643237469,-8.63354946090536],[179.07577684697256,-8.633426881089852]],[[179.07589241229246,-8.633004769443945],[179.07577295806698,-8.632715535266248],[179.07522525412176,-8.632220502488277],[179.07509627943924,-8.632195518626586]],[[179.09920563767304,-8.632338315304377],[179.09866523804615,-8.63316886792721],[179.09731065146775,-8.63459759120399],[179.09676767860526,-8.634963523211171],[179.09567939977705,-8.635273423123651],[179.09513582697915,-8.635531195212941],[179.09420404673747,-8.636159385386783]],[[179.10030269565559,-8.633617916461809],[179.10002996186978,-8.633574890725331],[179.09975600846312,-8.63331133212829],[179.09965808276448,-8.633146532165629],[179.09955192859834,-8.63260474778622]],[[179.1018131509729,-8.632863540680596],[179.101819875376,-8.633134686311763],[179.10193608942183,-8.633332508963434],[179.10220845183093,-8.633308512195828],[179.10233289568382,-8.633131873354108],[179.10228769584967,-8.63286093880012],[179.1019328034391,-8.632738932528852]],[[179.07469072660686,-8.634136710327988],[179.0744177720291,-8.634053596719356],[179.0741463171524,-8.63424497127775],[179.07372631367437,-8.635185989225933],[179.07363057308618,-8.635457694348663],[179.0739324830701,-8.635998434990583],[179.0739033950361,-8.636269779484817],[179.07376012699214,-8.636541741859391]],[[179.09568223178405,-8.635786371303722],[179.0970412968665,-8.635166434403141],[179.0986737677119,-8.634711892704148],[179.09949063729243,-8.634599656455999]],[[179.07467158444322,-8.637621556431574],[179.07459276019316,-8.636537235349058],[179.0753147369507,-8.635177391990693]],[[179.09404994742064,-8.636276690584143],[179.09323431470295,-8.636614611898043],[179.09277637570924,-8.63698073602084]],[[179.07334275659582,-8.636797354343836],[179.07304689782563,-8.637087975116673],[179.07279432628914,-8.638174090391852],[179.07278400839309,-8.638987707937595],[179.07293190224996,-8.639800469398145],[179.07308758980474,-8.639970503778143]],[[179.07608684806482,-8.640282490504145],[179.07580747034046,-8.639026281744643],[179.07553194678263,-8.638474217328378]],[[179.08834729743603,-8.639880606029104],[179.0880739736072,-8.639989419863886],[179.086392549172,-8.641083321108956],[179.08571635604315,-8.64162937390951]],[[179.07338639717707,-8.640340384067166],[179.07363796625606,-8.640952337474056],[179.07391225248537,-8.641278051987936],[179.0744586014385,-8.641522650145374],[179.0747311568395,-8.641531727811348],[179.07500283837237,-8.641381064416155]],[[179.08536100276,-8.64192401061396],[179.0833182393002,-8.64299835289779],[179.08297515046462,-8.643271404712596]],[[179.08074175363978,-8.64355473251365],[179.0807354214864,-8.6431995012382],[179.08046269902567,-8.643160036047316],[179.08046491420743,-8.643563826937912],[179.08074175363978,-8.64355473251365]]]}},{"type":"Feature","properties":{"year":2001,"certainty":"insufficient data"},"geometry":{"type":"MultiLineString","coordinates":[[[179.1220415945097,-8.425266353695909],[179.12188367856916,-8.425571170291676],[179.12200630092113,-8.426112870611151],[179.1217750719298,-8.426334129639056],[179.12123108393652,-8.426462896695517]],[[179.12298923020757,-8.426378736729975],[179.12323889923672,-8.42556384200832],[179.12317432195303,-8.425293009904737],[179.1228581520469,-8.425179343110615]],[[179.1166006821501,-8.426365715536376],[179.1155126889681,-8.426621475803016]],[[179.11759008866304,-8.427763815454227],[179.11730432169114,-8.426680627877127],[179.11714606592926,-8.426492955931057],[179.116969656486,-8.42641125072195]],[[179.1208786605007,-8.426932510782752],[179.12014937817176,-8.4278714695917],[179.11933372933024,-8.428126673989519]],[[179.11531756989484,-8.427233706277283],[179.11551765902055,-8.427535628844486],[179.11633674951375,-8.427912563801867],[179.1174270829124,-8.428086391244936]],[[179.12358696193687,-8.428273772327568],[179.1235927768561,-8.427731378245468],[179.12348866872662,-8.427189578943803]],[[179.1193352146656,-8.428399343404426],[179.1201526606354,-8.428473819854219],[179.1209687883295,-8.428306504372559]],[[179.16766904218537,-8.433727384698363],[179.16802915243258,-8.433183046663995],[179.16795675248363,-8.432912273234129],[179.16783677072027,-8.432807129641741],[179.16756421503658,-8.432768720868184],[179.16738158650935,-8.43291545226172],[179.16713490098627,-8.433459163085864],[179.16702386090714,-8.43354547092949],[179.16675196490962,-8.433625542616095],[179.16593512487148,-8.433659130161438],[179.16575777143223,-8.433737944907957],[179.16558370035838,-8.434010080294923],[179.1656662548191,-8.43428250430828],[179.16676009614514,-8.435084458752833],[179.16703285353196,-8.435158736190507],[179.1673048115048,-8.435089621186734],[179.1675440948309,-8.434812770242193],[179.16763542106315,-8.434269917966411]],[[179.17005096092868,-8.437239463618766],[179.169494738854,-8.437093121891907],[179.1692223809033,-8.437090675554149],[179.16914503557976,-8.437244477758924],[179.1693102127802,-8.437514737070197],[179.17032046697062,-8.438650060669481]],[[179.17187718625945,-8.438314041152706],[179.17172155564455,-8.437501384643765],[179.1715839006215,-8.4372309742958],[179.17140105616542,-8.437076756509622],[179.17112830018343,-8.437003002752531],[179.1708560525047,-8.437020237571069],[179.17031269741662,-8.437258929610731]],[[179.17063001944422,-8.438863296413116],[179.17141453708493,-8.439489192493012],[179.1725099174843,-8.44056182894747]],[[179.17772169336857,-8.447196341021916],[179.17754925524684,-8.447502413639286],[179.17769429740787,-8.4477727787438],[179.17909709435975,-8.449627784344337]],[[179.17928131646696,-8.448848634270952],[179.17888678456,-8.448037315639404],[179.17826632360288,-8.447183945883426]],[[179.17913460920718,-8.449662965584654],[179.1796462162422,-8.450414497351996]],[[179.180903491354,-8.453449510912638],[179.18240250696599,-8.456239460756876]],[[179.18255078812587,-8.45642320499779],[179.18277963532822,-8.457235440378833],[179.183836816382,-8.45939890345776],[179.18402629039892,-8.460211356829282],[179.184449393972,-8.461293674909676],[179.18511606331492,-8.463730481996288],[179.1855128545469,-8.464541773935133],[179.18655264484485,-8.467724506729162],[179.18765367688272,-8.469774034728884],[179.18829165351698,-8.470491956463329],[179.18875084705942,-8.47113826312515],[179.18902450878326,-8.471367560822612]],[[179.1850792901097,-8.461018984067668],[179.18447124802142,-8.45939535939744]],[[179.1859112871058,-8.463183694349214],[179.185429936909,-8.461830311939808]],[[179.18657996784935,-8.465349314328943],[179.1861118404697,-8.463724912901473]],[[179.18773771727467,-8.468596871633562],[179.1870941499977,-8.467154334938016],[179.18681610313686,-8.46614769817402]],[[179.1885045096499,-8.469948424247324],[179.1880796366035,-8.469137295809693]],[[179.19005521825846,-8.47265142465219],[179.1908040581372,-8.475087746069438],[179.19109581971134,-8.476441953953895],[179.19123726162772,-8.477525836178726],[179.19147211162266,-8.478338024364621]],[[179.19104185425587,-8.474001734486196],[179.19047860694178,-8.47292021857871]],[[179.19233762353863,-8.479261962017778],[179.19253563273358,-8.478874386726956],[179.19253660786092,-8.478332043519954],[179.19202583593062,-8.476707899849973],[179.191857078676,-8.47589534077733],[179.19154537114184,-8.475083584147798]],[[179.19172375470592,-8.479963624768269],[179.19178443103263,-8.480505621785769],[179.19178706525318,-8.482674958653035]],[[179.1927506391446,-8.481856035148432],[179.1926955737072,-8.479958163100257]],[[179.19266842330813,-8.484025847722855],[179.19272712157579,-8.482398504955626]],[[179.19180176433153,-8.483217213913777],[179.19173923945758,-8.486200423598632],[179.1919140856081,-8.48701294705722],[179.1921198608632,-8.48888872077501],[179.1926042342248,-8.491347764795028],[179.19291566059198,-8.492430686403575]],[[179.19260690748544,-8.485924375102597],[179.19265163009803,-8.48456827971654]],[[179.19283431338283,-8.488905951678616],[179.19267298623217,-8.487279847134896],[179.19269721599755,-8.486466204606566]],[[179.19337584494508,-8.49188575823654],[179.1931517073227,-8.491073514415625]],[[179.19305807566292,-8.492972221808794],[179.19325591348232,-8.494055782059439]],[[179.1969258759409,-8.506508816936005],[179.19772489893958,-8.508673643141147],[179.19795381553132,-8.508906333413622],[179.19822631201856,-8.508925007261006],[179.19849825468316,-8.50884662411826]],[[179.19843144386974,-8.510025485954715],[179.1984740113847,-8.510567580117733],[179.19865400815803,-8.510837729454435],[179.19871357375533,-8.51110855991822]],[[179.19862733367398,-8.511651382575863],[179.19849547187366,-8.511923295918669],[179.19851467277442,-8.512194354725585],[179.1987024318885,-8.512735627295102],[179.19892501078715,-8.513005535256118],[179.19906396188324,-8.51354708358839]],[[179.19906995433018,-8.513562029474565],[179.19921105456598,-8.513817418400905],[179.19902527923296,-8.51436080443614]],[[179.19880811399497,-8.515409975330575],[179.19863698282524,-8.515718838722652],[179.19861816671164,-8.516532447283195]],[[179.19773602684535,-8.518473506468602],[179.1974634354852,-8.518439434641373],[179.19719191138682,-8.518592303755321],[179.19690635958594,-8.519253808816016]],[[179.20237750888285,-8.520350689533291],[179.20223033757946,-8.520850652440123],[179.20210882520303,-8.520999550033661],[179.20183728629215,-8.521149636284202],[179.20177036377453,-8.521124427965228],[179.20145315211897,-8.5203127263771],[179.20166057752064,-8.519769216701786],[179.20208197205375,-8.51922449374388]],[[179.19468896693118,-8.523062698966315],[179.19462536295256,-8.523334226557774],[179.19421682392985,-8.523878872362019],[179.19413710120642,-8.524150491108648],[179.19411770163669,-8.524692936870618]],[[179.1975220116007,-8.524944842349699],[179.19804351763884,-8.524615995568313],[179.19858771488086,-8.524510191950592],[179.19913129755045,-8.524296994680359]],[[179.1961481162835,-8.526613393162211],[179.19650740076426,-8.526306424493741],[179.19696224707118,-8.526074778293452],[179.19737902134364,-8.525759154420731],[179.19744428702637,-8.525487617378088]],[[179.19343698077128,-8.528873530881528],[179.19397942148404,-8.528458463089843]],[[179.19033645458208,-8.53013766995293],[179.18936202071234,-8.53082551721409],[179.189089989666,-8.530891525686283],[179.18881851682738,-8.531055562198654],[179.18800652477924,-8.531974079368918],[179.1871925404757,-8.532543289875578],[179.18607938716764,-8.533686889880606],[179.18583795210728,-8.533853668856155]],[[179.18421226979433,-8.535397286286985],[179.1820426313103,-8.537096171932992],[179.17987011843587,-8.538292369590978]],[[179.18286159739586,-8.537400156884287],[179.18340374355697,-8.536928911676947]],[[179.15977538722944,-8.549668671820472],[179.16248940225907,-8.547853066869207],[179.1638477486921,-8.547184477359513],[179.16435782128627,-8.546825068889692],[179.16493244896282,-8.546300057789255],[179.16514802008172,-8.546007131661879],[179.16525156235878,-8.545735379791818],[179.1652660694594,-8.545464125865594],[179.16519954768876,-8.545356871066096]],[[179.1639558913884,-8.546284969861485],[179.16194096253085,-8.547215829652034],[179.1595000544572,-8.54915245820366],[179.1586846409189,-8.549483292631917]],[[179.14891264701458,-8.555790480522662],[179.14864136717347,-8.555995910849484],[179.1480973594975,-8.556148668269723]],[[179.1486487707402,-8.557316041895582],[179.14911039130612,-8.556943510365002],[179.15019120986003,-8.555852800707841]],[[179.1475539094722,-8.556401022750773],[179.14619551366042,-8.557073504857334],[179.14538144165093,-8.557649876198242],[179.14456507899652,-8.557817565517109],[179.14347880129353,-8.558435659894302],[179.1429346398925,-8.558562201767566],[179.1426629926488,-8.558702995921973],[179.14104343269506,-8.559700029958876],[179.1409581707638,-8.559971678982844],[179.14103678703816,-8.560206518514027]],[[179.14511656157663,-8.558998728141038],[179.14566105753752,-8.558932066491616],[179.1462049386389,-8.558755739127404]],[[179.13415471754445,-8.56489050416707],[179.13289018592545,-8.564964963305584],[179.13207358806685,-8.565095225133087]],[[179.1328946188477,-8.565760419874284],[179.13398421572737,-8.565730044560123]],[[179.11758193443632,-8.581523715815473],[179.1176840660622,-8.581251974472176],[179.11749724585303,-8.580981819888319],[179.11760872296364,-8.580710027263528],[179.11787567078804,-8.580437380875404],[179.11833842602522,-8.579350117803735],[179.11840051523856,-8.578807416049335],[179.1182533987459,-8.578524170503275]],[[179.11816821878955,-8.57853751134537],[179.11798123495421,-8.578576401129515],[179.11706465267093,-8.580713014459334],[179.11614401783766,-8.581531609598029]],[[179.11609067399107,-8.58157605443425],[179.11527618574576,-8.582096028313694],[179.11445945314549,-8.58221101861355],[179.11427565705003,-8.582355401489504],[179.11415100044636,-8.582627266072576],[179.11426612515822,-8.582897815805142],[179.1145282719325,-8.58316755911869],[179.11473810579398,-8.583330118282646],[179.11501077975095,-8.583369248469312],[179.11528277321014,-8.583285510622447],[179.11555206689795,-8.582714389320657],[179.11619685986338,-8.582073681022116]]]}},{"type":"Feature","properties":{"year":2003,"certainty":"insufficient data"},"geometry":{"type":"MultiLineString","coordinates":[[[179.07832411344032,-8.461329943878527],[179.07853364902167,-8.462413583590315],[179.07912635976248,-8.46376637294046],[179.07933364554805,-8.464578834961813]],[[179.08017069198237,-8.464845568255651],[179.08031029261315,-8.464508354958463],[179.0811218647534,-8.463472672048903],[179.08129111351622,-8.462941286570643],[179.08129349158838,-8.462670085936733]],[[179.0616547009396,-8.490519707998047],[179.06083671629898,-8.49037280361275],[179.05974740176072,-8.490426533011796]],[[179.0383552077282,-8.510084251325933],[179.0380578916901,-8.509857836176435],[179.03778598848234,-8.509955116350973],[179.03697147514276,-8.510473414103073],[179.03644611292052,-8.510907840773354],[179.03619842891618,-8.511180333049518],[179.03609161269048,-8.511452087367848],[179.03611966972332,-8.511994329956645]],[[179.0364363259639,-8.512305918147597],[179.03698103878378,-8.512281996794846],[179.0375501324672,-8.511986833618494],[179.03778293552918,-8.511714418607506],[179.0378811666173,-8.511442709095336],[179.03779050205398,-8.510808440032854],[179.03789020530445,-8.510629078202406],[179.03806145927058,-8.510532238442883]],[[179.0704037628691,-8.597508831977716],[179.0696988143725,-8.597783811387584],[179.0695522749596,-8.598055787599655],[179.0697463364001,-8.598325932328294],[179.07013665547808,-8.598474710564675],[179.07068095110472,-8.598354033900566]],[[179.10040030996163,-8.598973415987542],[179.10029778803226,-8.59870279234534],[179.10010876047164,-8.59848662256754],[179.0996318728982,-8.600062342227579],[179.09953947492804,-8.601418762727574],[179.09963644567028,-8.602774149732005],[179.10014461180057,-8.604992298248883],[179.1004211734329,-8.605733407972863],[179.10064378692164,-8.60548048069846],[179.10068083066542,-8.604937912299574],[179.10029380928816,-8.602499378099264],[179.10023684119383,-8.600330223956874],[179.10037999109082,-8.599515893177863]],[[179.097348581773,-8.611464504143852],[179.0974573353305,-8.611796585548463],[179.0977285696113,-8.611570440131407],[179.09861058572696,-8.61037288151056],[179.0994210932454,-8.60955490567751],[179.09996593046301,-8.608738380264246],[179.1000789201568,-8.608466579943952],[179.100048498631,-8.608195563035103],[179.09988919452582,-8.608086296505597],[179.0996179302853,-8.60830634928382],[179.09838235975278,-8.609831760879796],[179.0978310893865,-8.610648320278791]],[[179.09659453942422,-8.613095720296064],[179.09617831403875,-8.614453909568805],[179.09619083495645,-8.615267392220064],[179.09603385261553,-8.615810616157075],[179.09599502816243,-8.617166746354663],[179.0963487776727,-8.61906310075291],[179.0969349284696,-8.620958184479564],[179.097609131278,-8.622310417923531],[179.09784487053798,-8.623122679433427],[179.09834242166264,-8.624058798032513],[179.09866543622985,-8.624474109074033],[179.09936046325552,-8.625826222421596],[179.09971676311747,-8.62621193213909],[179.10039723889534,-8.627176462319172],[179.10064896470107,-8.627717449535915],[179.1006692839941,-8.627988521016597],[179.10048779922766,-8.628531880390272],[179.10040137629449,-8.629074719214282]],[[179.09664351146967,-8.615807288935022],[179.09679306959546,-8.614179371245475],[179.09704385442296,-8.613093268339428]],[[179.09824962820193,-8.6220357339653],[179.09763275619886,-8.62095437214948],[179.09685706419023,-8.619060325406581],[179.09658960199462,-8.617434684596214],[179.0965160457717,-8.616350351835441]],[[179.07888718591036,-8.62186990068113],[179.07871078751307,-8.621811002188899],[179.07862428373923,-8.621871324398754],[179.07871120214133,-8.621886837518772],[179.07888718591036,-8.62186990068113]],[[179.10084906845296,-8.625818074560359],[179.1000132355325,-8.624466735723427],[179.0986066787756,-8.622567698010814]],[[179.0790790471745,-8.624309539113579],[179.07845214502035,-8.62434383034939],[179.07806827477128,-8.624586200406949],[179.07791061353834,-8.624975621891492],[179.0778714240456,-8.625672012627748]],[[179.1029404283593,-8.629603171007739],[179.10279068264822,-8.628790444924624],[179.10190268817493,-8.627296967966773],[179.10135413996994,-8.626652138514578],[179.1012177122117,-8.626358421263928]],[[179.07764902554283,-8.62697025801661],[179.07710606836045,-8.627342049027037],[179.0770097443996,-8.627574984847369],[179.0771088524767,-8.627851311379603],[179.07765539009876,-8.628134144446728],[179.07820068885087,-8.62819038025906],[179.0783764541137,-8.628109955532642],[179.07847194540696,-8.627963911119762],[179.0784850842734,-8.627566994068737]],[[179.10082946017815,-8.630323289532079],[179.10184106598257,-8.630693927580706],[179.1020178674988,-8.630964140977845],[179.1019967449927,-8.631506621739819],[179.10247214680857,-8.631719159917225],[179.10301754992545,-8.631794118270427],[179.10322688650768,-8.631499876227563],[179.10316081341497,-8.630957874053534],[179.10329703763486,-8.630143580052726]],[[179.07591891025166,-8.63300462596473],[179.07577305730354,-8.632733688047121],[179.07549945954253,-8.632532715470973],[179.07522651117893,-8.632450520046316],[179.07495464668486,-8.632566660893584],[179.0747787162977,-8.632739611164082],[179.07466133556656,-8.633011433370045],[179.07468669954218,-8.633399767332632],[179.07489213319568,-8.633552558264336],[179.07550523909347,-8.633590032099987],[179.0757773617562,-8.633521039056642]],[[179.09920512096977,-8.632244848939186],[179.09847164109178,-8.633424211315965],[179.0973106139141,-8.634590793830098],[179.09676761770848,-8.634952498243848],[179.0959513992571,-8.63518318783584],[179.09465763384623,-8.63588572286842]],[[179.10030246035205,-8.633575381239773],[179.10002972863126,-8.633532723091351],[179.09989159344107,-8.633416436011972],[179.09972487640306,-8.633146166342701],[179.09960361180507,-8.63260446475437]],[[179.10180912070396,-8.632863562775626],[179.1018013505563,-8.63313478787294],[179.10192998826554,-8.633405265080768],[179.1022085471748,-8.633325732190757],[179.1023404644693,-8.633131831848328],[179.10229806251277,-8.632860881954224],[179.10193277966016,-8.632734636976789]],[[179.10112404990622,-8.634316663689951],[179.1014644643715,-8.634221364863814],[179.10142809499308,-8.633950381697987],[179.10112151755388,-8.633859102013238],[179.10084794624035,-8.633664744962672]],[[179.074815491959,-8.63409534700383],[179.07468933218732,-8.633881542351704],[179.07441746866328,-8.633998075935786],[179.07406853293747,-8.634370576309236],[179.0735382596993,-8.63545819377855],[179.07347336729907,-8.635729732009292],[179.07351864796095,-8.636543048492468]],[[179.09568239415322,-8.635815779512194],[179.09634264696152,-8.635605326433486],[179.0973135667508,-8.635125253195357],[179.09867382242444,-8.63472178933187],[179.0994907249534,-8.634615506959726]],[[179.07469579762224,-8.637621425333151],[179.07460937316742,-8.63707951934312],[179.07461609783317,-8.636537109011305],[179.07483649881385,-8.635993541939511],[179.07532234652504,-8.63517735078854]],[[179.0940500781131,-8.636300378636307],[179.09359092123663,-8.63643391910763],[179.092794084574,-8.63698063930863]],[[179.073342216134,-8.636698421552191],[179.07303247193022,-8.637088053156779],[179.07285283537487,-8.638173773868322]],[[179.07607244073176,-8.64032583616345],[179.07593682858158,-8.639241824270506],[179.0755319376555,-8.638472548692757]],[[179.07285830027982,-8.638716118768407],[179.07314043176092,-8.639799340969725]],[[179.08834742457074,-8.639903702433168],[179.08644628257468,-8.64106285584303],[179.08578162254477,-8.641629018488189]],[[179.07338577758503,-8.64034038742077],[179.07363797380523,-8.640953718491872],[179.07391230182856,-8.64128707708046],[179.0744586014385,-8.641522650145374],[179.0747311568395,-8.641531727811348],[179.07500283837237,-8.641381064416155]],[[179.0856326221394,-8.641763088801325],[179.08400231950338,-8.642622618005953],[179.0830033813017,-8.643271251151456]],[[179.08075868387797,-8.643554640518069],[179.08077939666148,-8.642740970364402],[179.08073137715962,-8.642462337160309],[179.0802585817478,-8.64274379979751],[179.08046469236018,-8.643523388742507],[179.08073810955287,-8.64368942207841],[179.08075868387797,-8.643554640518069]]]}},{"type":"Feature","properties":{"year":2003,"certainty":"insufficient data"},"geometry":{"type":"MultiLineString","coordinates":[[[179.12286517302329,-8.426466448697298],[179.12231926657995,-8.426243353384406],[179.12123111898651,-8.42646932660678]],[[179.11754356450433,-8.42776406650212],[179.11703752021361,-8.426682067109262],[179.11687430628575,-8.426600711547866],[179.11605704707503,-8.426560028599198],[179.1157847312459,-8.426565588301603],[179.11551301091748,-8.42668069579937]],[[179.12083410203218,-8.426932751574439],[179.1204643947083,-8.427477112948138],[179.1201488180152,-8.427768673299536],[179.11954877332428,-8.428024423231836],[179.1193341941529,-8.428212004472487]],[[179.11531621895935,-8.42723371355884],[179.11551766379108,-8.427536506251133],[179.116063744921,-8.427791646486472],[179.11660927992278,-8.427946293662025],[179.11742682517405,-8.428039033294796]],[[179.12355123754114,-8.428273965657395],[179.1234801593758,-8.427189624986294]],[[179.11933484062087,-8.428330679261986],[179.12015218832906,-8.42838715177244],[179.12096887799956,-8.428322952697803]],[[179.16758510716434,-8.433727848654105],[179.1675689147911,-8.433611759059707],[179.16729614971854,-8.433535895876963],[179.16675213818635,-8.433656634862244],[179.16620676918978,-8.433533826556184],[179.1659345964251,-8.433564271206325],[179.1657119145909,-8.43373819816315],[179.16557986616084,-8.434010101469347],[179.16567048092452,-8.43428077508653],[179.16593974218844,-8.434487916248434],[179.1667597784853,-8.435027468750468],[179.1670326459009,-8.435121491048207],[179.16730429168652,-8.434996386105158],[179.16746133896464,-8.434813227710954],[179.16759519261524,-8.434541314057906],[179.16759484442775,-8.434270142268906]],[[179.17188907835006,-8.438313975254516],[179.17174937036074,-8.437501230537702],[179.17140081926004,-8.437034355448304],[179.17112779296875,-8.436912209548819],[179.1703133358372,-8.43737324716144]],[[179.16976799569503,-8.437256577351455],[179.16922195391638,-8.437014177055191],[179.16903218148562,-8.437245102240224],[179.1703200997035,-8.438584307207945]],[[179.17066217290593,-8.438863118330001],[179.17141448950096,-8.439480678514512],[179.17251015604532,-8.440604486409638]],[[179.1792285670488,-8.44884892792221],[179.17897899946803,-8.448307973992653],[179.17854124634857,-8.44764236414286],[179.17826784382493,-8.447454840558999],[179.1779957012729,-8.447491820185595],[179.17786479505983,-8.447771830359248],[179.17792265675874,-8.448042680257464],[179.17909691651167,-8.449596113661467]],[[179.1791641144634,-8.449662801324154],[179.17964604042004,-8.450383198292398]],[[179.180903491354,-8.453449510912638],[179.1821281448231,-8.455882899470001],[179.18240260003384,-8.456255995708798]],[[179.18268026734128,-8.45696482413465],[179.1836809101138,-8.459128603589345],[179.18438107586962,-8.461022886186829],[179.18472922947166,-8.462105622310679],[179.18505246866005,-8.463459667232277],[179.18555460215745,-8.464541540439564],[179.18655270301082,-8.46773480699424],[179.1876537062324,-8.469779228193593],[179.18805961405025,-8.470222086982327],[179.18847675232013,-8.470832326512923],[179.18902401964283,-8.471281077053625]],[[179.18506551344825,-8.461019061073527],[179.18442372456724,-8.459395624908485]],[[179.18588220385402,-8.463183857014384],[179.1854074621894,-8.461830660502455]],[[179.18654415589927,-8.46534951473909],[179.18612024465696,-8.463724865888477]],[[179.1877340802812,-8.468596892005355],[179.18742147515508,-8.467785133231665],[179.18709430949855,-8.46718257487681],[179.18680085520464,-8.466161588175028]],[[179.1885241711041,-8.469948314061872],[179.18803440367049,-8.469137549224598]],[[179.1900233112429,-8.472651603643554],[179.19050990970354,-8.474004720045365],[179.19080048552888,-8.475087766123568],[179.19109243434022,-8.47644197296249],[179.1911801318531,-8.477254987900308],[179.19147540523767,-8.47833800586401]],[[179.19106084109046,-8.474001627908464],[179.19044603597604,-8.472920401335651]],[[179.1923375786637,-8.479254047316086],[179.19252629860847,-8.478874439186345],[179.1925388633114,-8.478332030844687],[179.19186085889964,-8.475895319545582],[179.19154827034905,-8.47508356786814]],[[179.191723192414,-8.479963627927676],[179.19177320741971,-8.482675036543613]],[[179.19270051461922,-8.481856316978067],[179.1926903697485,-8.479958192353191]],[[179.19263016131706,-8.484026062900233],[179.19267421217114,-8.48239880245857]],[[179.19178967082735,-8.483217281892307],[179.19169964707913,-8.485929477297656],[179.1919383828885,-8.487283979279422],[179.1920973490931,-8.488910098177273],[179.19226105392693,-8.489451514791671],[179.19262639713398,-8.49161880874827],[179.19290129968334,-8.492430767253492]],[[179.19257886518358,-8.485924532836771],[179.1925958799202,-8.48456859325959]],[[179.19283066849061,-8.488905972189878],[179.19261928962504,-8.48646664297218]],[[179.1933781716471,-8.491885745135546],[179.19314188582442,-8.491073569706732]],[[179.19303918620622,-8.492972328167193],[179.19323874092416,-8.494059675848762]],[[179.19694561045577,-8.506508705450173],[179.19708335087947,-8.507050262759183],[179.1974527264057,-8.507861678597513],[179.19772489893958,-8.508673643141147],[179.19795381553132,-8.508906333413622],[179.19822631201856,-8.508925007261006],[179.19849825468316,-8.50884662411826]],[[179.19843144386974,-8.510025485954715],[179.19846836644007,-8.510567612044696],[179.19864291090866,-8.510837792225818],[179.19870216057993,-8.511108624480379]],[[179.19862087018046,-8.511651419139474],[179.1984709503542,-8.51192343463091],[179.19851886156093,-8.512457328411267],[179.19865253136152,-8.512735909621293],[179.19890368118257,-8.513005655951046],[179.19906981809183,-8.51353817234879],[179.19924476307125,-8.5138172276143],[179.1990293908245,-8.514360781165646]],[[179.19880811399497,-8.515409975330575],[179.19863698282524,-8.515718838722652],[179.19861816671164,-8.516532447283195]],[[179.19773602684535,-8.518473506468602],[179.19746344550023,-8.51844118867083],[179.1971919282394,-8.518595255608137],[179.19690872592514,-8.519253795428641]],[[179.19468896693118,-8.523062698966315],[179.19462536295256,-8.523334226557774],[179.19421566397114,-8.5238788789198],[179.19413234729993,-8.52415051798449],[179.19411770163669,-8.524692936870618]],[[179.19614839670882,-8.526662488078783],[179.19656566415455,-8.526306094664367],[179.19746500401635,-8.525758667506256],[179.1977750798219,-8.52530948870144],[179.19831783553428,-8.524951321656427],[179.19844904974184,-8.524668424448247],[179.1991314927645,-8.524331134441487]],[[179.19343687953648,-8.52885579016645],[179.193979284259,-8.528434420082728]],[[179.1923519536586,-8.52967878262337],[179.19289451524372,-8.529284468138826]],[[179.19030830081272,-8.530137828949506],[179.18977600808242,-8.530412003384992],[179.1890901441495,-8.53091864509803],[179.18800692571602,-8.532044489017174],[179.18692191624098,-8.532856787138059],[179.18583801804792,-8.533865257829287]],[[179.18421237441973,-8.535415684365885],[179.18204226593866,-8.537031871095415],[179.17987011640028,-8.538292011047771]],[[179.18286116038567,-8.53732328016541],[179.18340330844921,-8.536852384363833]],[[179.15970103651216,-8.549562814217584],[179.16058986127786,-8.549171301805],[179.16113522186782,-8.548741287414172],[179.16303236445793,-8.547518774759618],[179.16411890115938,-8.546959279624286],[179.16466156151876,-8.54657204302142],[179.16514802008172,-8.546007131661879],[179.16525156235878,-8.545735379791818],[179.1652660694594,-8.545464125865594],[179.16519960212875,-8.545366516900996]],[[179.16391373149816,-8.546285205517368],[179.16208800322735,-8.547108926140389],[179.1616694365849,-8.547375080695254],[179.15950001524502,-8.549145495250384],[179.1586846623908,-8.549487106717184]],[[179.14891264701458,-8.555790480522662],[179.14864136717347,-8.555995910849484],[179.1480973594975,-8.556148668269723]],[[179.1486487707402,-8.557316041895582],[179.14911039130612,-8.556943510365002],[179.15019120986003,-8.555852800707841]],[[179.1475539094722,-8.556401022750773],[179.14619551366042,-8.557073504857334],[179.14538144165093,-8.557649876198242],[179.14456507899652,-8.557817565517109],[179.14347875017197,-8.558426524335845],[179.1429345992482,-8.558554936786434],[179.14266296973594,-8.558698899899976],[179.1410432612341,-8.559700030908562],[179.1409581707638,-8.559971678982844],[179.14103678703816,-8.560206518514027]],[[179.14511656157663,-8.558998728141038],[179.14566105753752,-8.558932066491616],[179.1462049386389,-8.558755739127404]],[[179.13409940413328,-8.56489080972637],[179.13316227318106,-8.564901479470583],[179.13207358806685,-8.565095225133087]],[[179.13289428014326,-8.565699644458004],[179.13398398362057,-8.565688417675986]],[[179.11764248207,-8.580438661404646],[179.1178400336797,-8.579895215677093],[179.11828819135928,-8.579350393700011],[179.11835824688148,-8.578807648186466],[179.11825371777334,-8.578581723725652],[179.11798103162565,-8.578539715521172],[179.1172878337755,-8.580440608645107],[179.1174473019666,-8.580556616339427],[179.11764248207,-8.580438661404646]],[[179.11690902268523,-8.580985049399018],[179.1161109904052,-8.581531790846947]],[[179.11609052448628,-8.58154906547419],[179.11527566111184,-8.582001289099702],[179.11473096098987,-8.58203966484945],[179.11445919935517,-8.582165171794198],[179.11425880966507,-8.582355493872331],[179.11414840518833,-8.582627280303347],[179.1141900310201,-8.582759234287689],[179.11473816737873,-8.58334124049506],[179.11501078279593,-8.583369798317447],[179.11528274799082,-8.58328095715647],[179.11539066642916,-8.583162828186492],[179.11555199476945,-8.582701366957213],[179.11604311756184,-8.582345705512276],[179.1161409883181,-8.582073987660417]]]}},{"type":"Feature","properties":{"year":2004,"certainty":"insufficient data"},"geometry":{"type":"MultiLineString","coordinates":[[[179.0785234258633,-8.46078650729156],[179.0783725561138,-8.46105849785867],[179.0783481912412,-8.461329815869197],[179.0784554335888,-8.46214281105836],[179.07912635976248,-8.46376637294046],[179.07933364554805,-8.464578834961813]],[[179.08017069198237,-8.464845568255651],[179.08031029261315,-8.464508354958463],[179.0811218647534,-8.463472672048903],[179.08129111351622,-8.462941286570643],[179.08129080560934,-8.462398912264954]],[[179.0619038569977,-8.49070552558487],[179.06165474025588,-8.49052707235062],[179.06138186683177,-8.490438417685567],[179.06083671629898,-8.49037280361275],[179.05980875232277,-8.490445416455863],[179.05952945818245,-8.490718084106566]],[[179.0370352804485,-8.512260726932775],[179.03752443519178,-8.512009264262433],[179.0377951612704,-8.511689205851644],[179.0378811666173,-8.511442709095336],[179.03779050205398,-8.510808440032854],[179.03788085735437,-8.51062912720801],[179.03836005731418,-8.510355420333326],[179.0383310805659,-8.510003603980138],[179.0380578892944,-8.509857383288175],[179.03778598848234,-8.509955116350973],[179.03697147514276,-8.510473414103073],[179.0364290170699,-8.510923401066757],[179.03615841007672,-8.511266172721179],[179.03607767119146,-8.511723355185252],[179.03616229598418,-8.512001309975435],[179.0364361441859,-8.512271536669076],[179.03670883536844,-8.51232288512794],[179.0370352804485,-8.512260726932775]],[[179.07074190742213,-8.598320577234906],[179.07090702825744,-8.59804850076854],[179.07067607867114,-8.597456877757223],[179.0704037244768,-8.597479084969075],[179.0696988143725,-8.597783811387584],[179.0695522749596,-8.598055787599655],[179.0697463364001,-8.598325932328294],[179.07013665547808,-8.598474710564675],[179.07040902739823,-8.59845562771309],[179.07074190742213,-8.598320577234906]],[[179.10064378692164,-8.60548048069846],[179.10065678153296,-8.60466686062448],[179.1003237676815,-8.602770397652318],[179.10026143269295,-8.601686005463117],[179.10024608652577,-8.60005899033568],[179.1004288693306,-8.599244443258254],[179.10038334150067,-8.598869683827369],[179.10010876047164,-8.59848662256754],[179.0996318728982,-8.600062342227579],[179.09953902142672,-8.601147581938895],[179.09956181222066,-8.602232190591325],[179.10028331208963,-8.605482449579053],[179.1004211734329,-8.605733407972863],[179.10064378692164,-8.60548048069846]],[[179.09751598298064,-8.611734773994387],[179.09799922266325,-8.61123889621696],[179.09861058572696,-8.61037288151056],[179.09964342113153,-8.609282508177882],[179.1000789201568,-8.608466579943952],[179.100048498631,-8.608195563035103],[179.09988919452582,-8.608086296505597],[179.09947104903733,-8.608469900107822],[179.09838235975278,-8.609831760879796],[179.09745388836637,-8.611171012824435],[179.09735286882528,-8.611464480747342],[179.09739439388738,-8.611735437618057],[179.0974573353305,-8.611796585548463],[179.09751598298064,-8.611734773994387]],[[179.09664351146967,-8.615807288935022],[179.09679306959546,-8.614179371245475],[179.09724466189982,-8.612549805332087],[179.0971867322459,-8.612137351289649],[179.0969150937297,-8.612290256032406],[179.0966455072878,-8.612815720864853],[179.09617831403875,-8.614453909568805],[179.09619083495645,-8.615267392220064],[179.09603385261553,-8.615810616157075],[179.09599502816243,-8.617166746354663],[179.09623507416845,-8.618521354302803],[179.0964087410028,-8.619297295265708],[179.0969349284696,-8.620958184479564],[179.097609131278,-8.622310417923531],[179.09784487053798,-8.623122679433427],[179.09834242166264,-8.624058798032513],[179.09866543622985,-8.624474109074033],[179.09936046325552,-8.625826222421596],[179.09971676311747,-8.62621193213909],[179.10039723889534,-8.627176462319172],[179.10064896470107,-8.627717449535915],[179.1006692839941,-8.627988521016597],[179.10048779922766,-8.628531880390272],[179.10040137629449,-8.629074719214282]],[[179.10084906845296,-8.625818074560359],[179.1000132355325,-8.624466735723427],[179.09879717549381,-8.62284628989434],[179.09763275619886,-8.62095437214948],[179.09685706419023,-8.619060325406581],[179.09658960199462,-8.617434684596214],[179.0965160457717,-8.616350351835441]],[[179.07888718591036,-8.62186990068113],[179.07871078751307,-8.621811002188899],[179.07862428373923,-8.621871324398754],[179.07871120214133,-8.621886837518772],[179.07888718591036,-8.62186990068113]],[[179.07896897559078,-8.625937253760657],[179.07945317457452,-8.62512107095282],[179.07952096069172,-8.62484951730297],[179.0794592774202,-8.624578665260238],[179.07919255891488,-8.624308924122253],[179.07861824976726,-8.624312035307208],[179.0781803241347,-8.624466713457071],[179.07793822037846,-8.624858091224738],[179.0778714240456,-8.625672012627748]],[[179.10028442718095,-8.630314922570227],[179.1008294042705,-8.630313181889157],[179.10184106598257,-8.630693927580706],[179.1020178674988,-8.630964140977845],[179.1019967449927,-8.631506621739819],[179.10219919110887,-8.631635768839184],[179.10301754992545,-8.631794118270427],[179.10322688650768,-8.631499876227563],[179.10316081341497,-8.630957874053534],[179.1033189385424,-8.630143459937084],[179.10329708678688,-8.629872397497147],[179.1030053819936,-8.629596637663376],[179.10288256778975,-8.62933230590335],[179.10279068264822,-8.628790444924624],[179.1024200166538,-8.62825011195447],[179.1019939151327,-8.627438899599346],[179.10135413996994,-8.626652138514578],[179.1012177122117,-8.626358421263928]],[[179.07764902554283,-8.62697025801661],[179.07710606836045,-8.627342049027037],[179.0770097443996,-8.627574984847369],[179.0771088524767,-8.627851311379603],[179.07765539009876,-8.628134144446728],[179.07820068885087,-8.62819038025906],[179.0783764541137,-8.628109955532642],[179.07847194540696,-8.627963911119762],[179.0784850842734,-8.627566994068737]],[[179.07591891025166,-8.63300462596473],[179.07577305730354,-8.632733688047121],[179.07549945954253,-8.632532715470973],[179.07522651117893,-8.632450520046316],[179.07495464668486,-8.632566660893584],[179.0747787162977,-8.632739611164082],[179.07466133556656,-8.633011433370045],[179.07468669954218,-8.633399767332632],[179.07489213319568,-8.633552558264336],[179.07550523909347,-8.633590032099987],[179.0757773617562,-8.633521039056642]],[[179.10112404990622,-8.634316663689951],[179.1014644643715,-8.634221364863814],[179.10142809499308,-8.633950381697987],[179.10112151755388,-8.633859102013238],[179.1005746610153,-8.63352205055565],[179.10002972863126,-8.633532723091351],[179.09972487640306,-8.633146166342701],[179.0995114320426,-8.632333786663938],[179.0992049935138,-8.632221793296443],[179.0988590112027,-8.632879724718618],[179.09847164109178,-8.633424211315965],[179.0973106139141,-8.634590793830098],[179.09676761770848,-8.634952498243848],[179.0959513992571,-8.63518318783584],[179.09465763384623,-8.63588572286842]],[[179.10180708637492,-8.632863573928361],[179.1018013505563,-8.63313478787294],[179.10192998826554,-8.633405265080768],[179.1022085471748,-8.633325732190757],[179.1023404644693,-8.633131831848328],[179.10229806251277,-8.632860881954224],[179.10193277966016,-8.632734636976789]],[[179.074815491959,-8.63409534700383],[179.07468933218732,-8.633881542351704],[179.07441746866328,-8.633998075935786],[179.07406853293747,-8.634370576309236],[179.0735382596993,-8.63545819377855],[179.07347336729907,-8.635729732009292],[179.07351864796095,-8.636543048492468]],[[179.09568239415322,-8.635815779512194],[179.09634264696152,-8.635605326433486],[179.0973135667508,-8.635125253195357],[179.09867382242444,-8.63472178933187],[179.0994907249534,-8.634615506959726]],[[179.07469579762224,-8.637621425333151],[179.07460937316742,-8.63707951934312],[179.07461609783317,-8.636537109011305],[179.07483649881385,-8.635993541939511],[179.07532234652504,-8.63517735078854]],[[179.0945932034403,-8.635961143866853],[179.09405028562367,-8.636337989861222],[179.09360565768037,-8.636433838602144],[179.092794084574,-8.63698063930863]],[[179.09323709474347,-8.637118657107044],[179.09459520684754,-8.636324173903386]],[[179.073342216134,-8.636698421552191],[179.07303247193022,-8.637088053156779],[179.07285283537487,-8.638173773868322]],[[179.07607244073176,-8.64032583616345],[179.07593682858158,-8.639241824270506],[179.0755319376555,-8.638472548692757]],[[179.07285676736151,-8.638716127061855],[179.07314043176092,-8.639799340969725]],[[179.08834742457074,-8.639903702433168],[179.08644628257468,-8.64106285584303],[179.08578162254477,-8.641629018488189]],[[179.07338577758503,-8.64034038742077],[179.07363797380523,-8.640953718491872],[179.07391230182856,-8.64128707708046],[179.0744586014385,-8.641522650145374],[179.0747311568395,-8.641531727811348],[179.07500283837237,-8.641381064416155]],[[179.0856326221394,-8.641763088801325],[179.08400231950338,-8.642622618005953],[179.08255534988805,-8.643544873535959]],[[179.08075868387797,-8.643554640518069],[179.08077939666148,-8.642740970364402],[179.08073137715962,-8.642462337160309],[179.0802585817478,-8.64274379979751],[179.08046469236018,-8.643523388742507],[179.08073810955287,-8.64368942207841],[179.08075868387797,-8.643554640518069]],[[179.08291844661528,-8.643741889479527],[179.08427797347167,-8.643195610051048]]]}},{"type":"Feature","properties":{"year":2004,"certainty":"insufficient data"},"geometry":{"type":"MultiLineString","coordinates":[[[179.12286517302329,-8.426466448697298],[179.12231926657995,-8.426243353384406],[179.12123115180376,-8.426475346916853],[179.1209601131221,-8.426715040028029],[179.12041985987184,-8.42752934054338],[179.1201488180152,-8.427768673299536],[179.11954877332428,-8.428024423231836],[179.1193341941529,-8.428212004472487]],[[179.11754356450433,-8.42776406650212],[179.11703752021361,-8.426682067109262],[179.11687430628575,-8.426600711547866],[179.11605704707503,-8.426560028599198],[179.1157847312459,-8.426565588301603],[179.11551301091748,-8.42668069579937]],[[179.11531621895935,-8.42723371355884],[179.11551766379108,-8.427536506251133],[179.116063744921,-8.427791646486472],[179.11660927992278,-8.427946293662025],[179.11742682517405,-8.428039033294796]],[[179.12355123754114,-8.428273965657395],[179.1234801593758,-8.427189624986294]],[[179.11933484062087,-8.428330679261986],[179.12015218832906,-8.42838715177244],[179.12151328953095,-8.428271374732041]],[[179.16758510716434,-8.433727848654105],[179.1675689147911,-8.433611759059707],[179.16729614971854,-8.433535895876963],[179.16675213818635,-8.433656634862244],[179.16620676918978,-8.433533826556184],[179.1659345964251,-8.433564271206325],[179.1657119145909,-8.43373819816315],[179.16557986616084,-8.434010101469347],[179.16567048092452,-8.43428077508653],[179.16593974218844,-8.434487916248434],[179.1667597784853,-8.435027468750468],[179.1670326459009,-8.435121491048207],[179.16730429168652,-8.434996386105158],[179.16746133896464,-8.434813227710954],[179.16759519261524,-8.434541314057906],[179.16759484442775,-8.434270142268906]],[[179.17188907835006,-8.438313975254516],[179.17174937036074,-8.437501230537702],[179.17140081926004,-8.437034355448304],[179.17112779296875,-8.436912209548819],[179.1703133358372,-8.43737324716144]],[[179.16976799569503,-8.437256577351455],[179.16922195391638,-8.437014177055191],[179.16903218148562,-8.437245102240224],[179.1703200997035,-8.438584307207945]],[[179.17066217290593,-8.438863118330001],[179.17141448950096,-8.439480678514512],[179.17251015604532,-8.440604486409638]],[[179.17950367900843,-8.449389739279297],[179.17897899946803,-8.448307973992653],[179.17854124634857,-8.44764236414286],[179.17826784382493,-8.447454840558999],[179.1779957012729,-8.447491820185595],[179.17786479505983,-8.447771830359248],[179.17792265675874,-8.448042680257464],[179.179536545154,-8.450203070679658],[179.17964639708268,-8.450446689622044]],[[179.18017559953375,-8.451555368296203],[179.18033478772682,-8.451825652731863],[179.1804749839525,-8.452498416223687],[179.18073447043164,-8.45317928179434],[179.18148828219142,-8.454530935120372],[179.1821281448231,-8.455882899470001],[179.1825206416672,-8.45642337321954],[179.1826789214941,-8.456960494758869]],[[179.18124826120558,-8.452634075599043],[179.18082490478875,-8.451822921700787]],[[179.18249023611776,-8.455067688471914],[179.18156400333024,-8.453174657543466]],[[179.182680303611,-8.456964823932232],[179.1836809101138,-8.459128603589345],[179.18438107586962,-8.461022886186829],[179.18472922947166,-8.462105622310679],[179.18505246866005,-8.463459667232277],[179.18555460215745,-8.464541540439564],[179.18655270301082,-8.46773480699424],[179.1876537062324,-8.469779228193593],[179.18805961405025,-8.470222086982327],[179.18847675232013,-8.470832326512923],[179.18902401322114,-8.471279941640757],[179.18923417803535,-8.471029012564205],[179.18819375093926,-8.469407826198072],[179.18764591053386,-8.468399652819187],[179.18742147515508,-8.467785133231665],[179.18709430949855,-8.46718257487681],[179.18680085520464,-8.466161588175028]],[[179.18386854072162,-8.458042873224308],[179.18326995427236,-8.456961532726197]],[[179.18588220385402,-8.463183857014384],[179.18553676522845,-8.462101107831561],[179.18442372456724,-8.459395624908485]],[[179.18663157908856,-8.465620195544732],[179.18612024465696,-8.463724865888477]],[[179.1923375786637,-8.479254047316086],[179.19252629860847,-8.478874439186345],[179.1925388633114,-8.478332030844687],[179.19186085889964,-8.475895319545582],[179.1910773507736,-8.474001535234839],[179.19039433230867,-8.47278085999841],[179.19011997284187,-8.47242859120493],[179.1900193800086,-8.472651625696734],[179.19008130046944,-8.472922447695014],[179.1902385104294,-8.4731927350353],[179.19050990970354,-8.474004720045365],[179.19080048552888,-8.475087766123568],[179.19109243434022,-8.47644197296249],[179.1911801318531,-8.477254987900308],[179.19151576315343,-8.478423800769674]],[[179.191723192414,-8.479963627927676],[179.19179384955635,-8.482946089463498],[179.19169964707913,-8.485929477297656],[179.1919383828885,-8.487283979279422],[179.1920973490931,-8.488910098177273],[179.1922657755733,-8.489451488226333],[179.19262639713398,-8.49161880874827],[179.19289991548445,-8.492430775046314]],[[179.19263016131706,-8.484026062900233],[179.19271549317486,-8.481856232760475],[179.1926903697485,-8.479958192353191]],[[179.19257886518358,-8.485924532836771],[179.1925958799202,-8.48456859325959]],[[179.19383826125514,-8.493510165045466],[179.1934290980434,-8.492427795474388],[179.19338103859542,-8.49188572899256],[179.19287934209564,-8.489990372981968],[179.19261928962504,-8.48646664297218]],[[179.19304027589916,-8.492972322031628],[179.19316366526886,-8.493785132999346],[179.19333030914214,-8.494326531611218]],[[179.1946529595409,-8.496759594622251],[179.19436251584835,-8.49594772677946],[179.19433530190616,-8.495405543457949],[179.1942069287253,-8.494863930124234]],[[179.19405408747343,-8.496220633308418],[179.19406337285574,-8.496762917753108],[179.19425801590108,-8.497575325800165],[179.19430598063232,-8.498117392090679]],[[179.1959848143816,-8.502717780749924],[179.19606094351445,-8.502446183075712],[179.19600923704027,-8.502175306948667],[179.1957324948513,-8.501498124638113],[179.19561770659553,-8.501364012437628],[179.19557811447297,-8.500550731634156],[179.19496543003817,-8.498656010552336]],[[179.19483709170416,-8.50028374353924],[179.19526820318245,-8.50136598438032]],[[179.19694561045577,-8.506508705450173],[179.19708335087947,-8.507050262759183],[179.19772489893958,-8.508673643141147],[179.19795381553132,-8.508906333413622],[179.19849850770086,-8.508890967111519]],[[179.19843144386974,-8.510025485954715],[179.19846836644007,-8.510567612044696],[179.19864291090866,-8.510837792225818],[179.19870216057993,-8.511108624480379]],[[179.19862087018046,-8.511651419139474],[179.1984709503542,-8.51192343463091],[179.19851886156093,-8.512457328411267],[179.19865253136152,-8.512735909621293],[179.19890368118257,-8.513005655951046],[179.19906981809183,-8.51353817234879],[179.19924476307125,-8.5138172276143],[179.1990293908245,-8.514360781165646]],[[179.19880811399497,-8.515409975330575],[179.19863698282524,-8.515718838722652],[179.19861816671164,-8.516532447283195]],[[179.19773602684535,-8.518473506468602],[179.19746344550023,-8.51844118867083],[179.1971919282394,-8.518595255608137],[179.19690872592514,-8.519253795428641]],[[179.19468896693118,-8.523062698966315],[179.19462536295256,-8.523334226557774],[179.19421566397114,-8.5238788789198],[179.19413234729993,-8.52415051798449],[179.19411770163669,-8.524692936870618]],[[179.19614839670882,-8.526662488078783],[179.19656566415455,-8.526306094664367],[179.19746500401635,-8.525758667506256],[179.1977750798219,-8.52530948870144],[179.19831783553428,-8.524951321656427],[179.19844904974184,-8.524668424448247],[179.1985880311732,-8.524565518543675],[179.1994031937449,-8.524208782400917],[179.19994552407414,-8.523776837605459],[179.20021735193916,-8.523676797419311]],[[179.19343687953648,-8.52885579016645],[179.193979284259,-8.528434420082728]],[[179.1923519536586,-8.52967878262337],[179.19289451524372,-8.529284468138826]],[[179.19030830081272,-8.530137828949506],[179.18977600808242,-8.530412003384992],[179.1890901441495,-8.53091864509803],[179.18800692571602,-8.532044489017174],[179.1869081532014,-8.532868708198764],[179.18421222673354,-8.535389714160734],[179.18204226593866,-8.537031871095415],[179.18014181256862,-8.538165593732689],[179.1795983901683,-8.538413170502722],[179.17878227710833,-8.538612219550798],[179.178510147863,-8.538662481852846],[179.17769237359113,-8.538568939096885],[179.1771476693236,-8.538590978214737],[179.176331951098,-8.538860193855152],[179.17524358341132,-8.539088363050883],[179.17495372530107,-8.539172889837316],[179.1741574419371,-8.53970998210879],[179.17334128871275,-8.5399033949233],[179.17307001752351,-8.540105682590763]],[[179.17307221510234,-8.540493877791631],[179.173888443309,-8.540313447717844],[179.17470338518714,-8.539906162047982],[179.17552048676313,-8.539880339233008],[179.1766082893322,-8.539552185052086],[179.17742535877304,-8.53952102637137],[179.17796920686237,-8.539347859996091],[179.17905821904571,-8.539233737865835],[179.1817764046922,-8.538184920771009],[179.18475932801803,-8.53579036568381],[179.1863258464548,-8.534770177217219],[179.18971121325413,-8.531768212889606]],[[179.15923206535447,-8.549940256756752],[179.1597744338491,-8.549499409270911],[179.16058986127786,-8.549171301805],[179.16113522186782,-8.548741287414172],[179.16303236445793,-8.547518774759618],[179.16411890115938,-8.546959279624286],[179.16466156151876,-8.54657204302142],[179.1649505081096,-8.546279409045187],[179.1652024861185,-8.54587749462629],[179.16526426385283,-8.545464135963433],[179.16519954777436,-8.545356886232536]],[[179.16471619148652,-8.545738373553489],[179.16411470515965,-8.546215555892779],[179.16208800322735,-8.547108926140389],[179.1616694365849,-8.547375080695254],[179.15950001524502,-8.549145495250384],[179.1586846623908,-8.549487106717184]],[[179.14961115332198,-8.555313674710268],[179.14864136717347,-8.555995910849484],[179.1480973594975,-8.556148668269723]],[[179.14430020219478,-8.559167535474272],[179.1459161427075,-8.558859482418244],[179.14729211880982,-8.558299615077626],[179.14911039130612,-8.556943510365002],[179.1502185400461,-8.555852648749102],[179.1503623612624,-8.555580673827025],[179.15027282096096,-8.555436848116013]],[[179.1475539094722,-8.556401022750773],[179.14619551366042,-8.557073504857334],[179.14538144165093,-8.557649876198242],[179.14456507899652,-8.557817565517109],[179.14347875017197,-8.558426524335845],[179.1428288613788,-8.558605430796542],[179.14142099357903,-8.559426761828995],[179.1410432612341,-8.559700030908562],[179.14095180164028,-8.559971714259824],[179.14099905770988,-8.56024262929152]],[[179.13588768501677,-8.565081429147394],[179.1361598428918,-8.565030765294907],[179.13640825655773,-8.564878048559503],[179.13666106338476,-8.564605472987456],[179.13684215447867,-8.564333293986854],[179.13663205468293,-8.56406327848904]],[[179.13452340293352,-8.564708775667297],[179.133979689797,-8.564918309687078],[179.13289000264092,-8.564932072544238],[179.13234584769492,-8.565062616414552],[179.131801139288,-8.565093890234454],[179.1312571173479,-8.56524849207488]],[[179.13180582800365,-8.565935662105836],[179.13207769040218,-8.56583163368918],[179.1331666456925,-8.565686001997326],[179.13398394771767,-8.565681978696972],[179.134799650702,-8.565391359375026]],[[179.11817874248237,-8.577723912297156],[179.11824943252685,-8.57780862276582],[179.1187297433048,-8.577720886473713],[179.11888853208518,-8.57717765372121],[179.11906302379282,-8.57712926482066],[179.11922480811353,-8.576904626391343],[179.11919129078493,-8.57663363023462],[179.11905986312286,-8.576559175577193]],[[179.11764248207,-8.580438661404646],[179.1178400336797,-8.579895215677093],[179.11825832857622,-8.579413477536137],[179.11834355108715,-8.579078909276742],[179.11835824688148,-8.578807648186466],[179.11825394951123,-8.578623529476213],[179.11798075958413,-8.578490632114848],[179.1172878337755,-8.580440608645107],[179.1174473019666,-8.580556616339427],[179.11764248207,-8.580438661404646]],[[179.11690902268523,-8.580985049399018],[179.1163620994466,-8.581390080269866],[179.11527566111184,-8.582001289099702],[179.11473096098987,-8.58203966484945],[179.11445919935517,-8.582165171794198],[179.11425880966507,-8.582355493872331],[179.11414840518833,-8.582627280303347],[179.11418989185108,-8.582734092089638],[179.1144644336219,-8.58311068225181],[179.11473813085578,-8.583334644448328],[179.11501078279593,-8.583369798317447],[179.11528274799082,-8.58328095715647],[179.11539066642916,-8.583162828186492],[179.11555199476945,-8.582701366957213],[179.11604311756184,-8.582345705512276],[179.11615583345792,-8.582073906187023],[179.11690666818035,-8.581328288252832]]]}},{"type":"Feature","properties":{"year":2006,"certainty":"insufficient data"},"geometry":{"type":"MultiLineString","coordinates":[[[179.07862034143616,-8.46078599201477],[179.07842802622997,-8.461871768335701],[179.0784539605567,-8.462142818890893],[179.07911514767304,-8.463495244267241],[179.079410703317,-8.464578424928025]],[[179.08087130366974,-8.464028273977675],[179.08126406882937,-8.463212618555861],[179.08136342815015,-8.462398525564591]],[[179.080212219393,-8.464845347189328],[179.08055246690733,-8.464301159611068],[179.0808525740427,-8.46404742889159]],[[179.06193133928883,-8.490705380142574],[179.06177289611895,-8.490435027777542],[179.06165383749894,-8.490357974837734],[179.06110867139267,-8.490289412767327],[179.0600194882368,-8.490367687165698],[179.05974762962109,-8.490469253586175],[179.0595442773215,-8.490718005770962]],[[179.06029574235194,-8.491090007109278],[179.0613859267604,-8.491198958047965]],[[179.03704954172895,-8.512260652186635],[179.0375249530616,-8.51210716443413],[179.03790961692033,-8.511713754424845],[179.03796018940696,-8.511442294781444],[179.03788884218793,-8.510900279853328],[179.0379906517089,-8.510628551608942],[179.03840302049755,-8.510355195055702],[179.03848273372373,-8.510083582651264],[179.03832984187872,-8.509769469637975],[179.03805737014935,-8.509759241395486],[179.03778591014105,-8.50994030457584],[179.03647886684493,-8.510907669179046],[179.036261149045,-8.511180004492841],[179.03614760369874,-8.511722988845271],[179.03623608966743,-8.511993720054804],[179.03643582236316,-8.512210666794354],[179.0365796878202,-8.51226311450702],[179.03704954172895,-8.512260652186635]],[[179.0704369641133,-8.598593405893308],[179.0709527101875,-8.598222167106904],[179.07114051123733,-8.597776056437528],[179.07107179740748,-8.597505238148905],[179.07094801079788,-8.59735697521116],[179.07067482463003,-8.597225956747389],[179.0701311663139,-8.597463737936957],[179.0695869884555,-8.597605954722006],[179.06941163805303,-8.597785355476766],[179.06942985519927,-8.598056445825758],[179.06955677704855,-8.598326951660473],[179.0698621428003,-8.598596497762495],[179.0701376388408,-8.598655809407568],[179.0704369641133,-8.598593405893308]],[[179.10079733099406,-8.605479641952192],[179.10076991552668,-8.604123876639854],[179.10043252882974,-8.602498620716604],[179.10036786645904,-8.600600691914181],[179.10042904686063,-8.598973259147959],[179.1006163988674,-8.598429870339888],[179.1003800156647,-8.598266016264322],[179.10007037989376,-8.598432850106299],[179.1000537057404,-8.599246490711058],[179.09977214668444,-8.599790393569576],[179.0996753848116,-8.601146837802],[179.09972949075762,-8.602231275438585],[179.09984556675371,-8.60331537465506],[179.10038167689473,-8.605481912352984],[179.10042031459415,-8.605577654700646],[179.10069339533672,-8.605687385619724],[179.10079733099406,-8.605479641952192]],[[179.0966675604368,-8.615807157667604],[179.09664796247222,-8.61553608106979],[179.09695919732647,-8.614449648069588],[179.0970238798888,-8.613635744425089],[179.09758315433703,-8.61200559082269],[179.09867382307536,-8.610372536223567],[179.0993534587026,-8.60975845476032],[179.10000340044627,-8.609009358671825],[179.10023190666485,-8.608465744187402],[179.10025635576253,-8.608194427559765],[179.10016043861725,-8.607862649725133],[179.09988835191635,-8.607933490177818],[179.09910952644657,-8.609014240760427],[179.0979941837097,-8.610324561451625],[179.09745354886087,-8.611109395072804],[179.09691416321962,-8.612121353062156],[179.09659966457292,-8.612824508719221],[179.09650456059353,-8.613367394880258],[179.09631362557394,-8.613910803961197],[179.09620588122874,-8.61445375915393],[179.09625721218126,-8.615267030007303],[179.09602594735333,-8.615810659293809],[179.09605989484749,-8.617166392342325],[179.09621442846438,-8.618250283395897],[179.09687361101885,-8.620687335934877],[179.09762426854053,-8.622310335200828],[179.09785635626255,-8.623122616653054],[179.09827940026253,-8.623933853684859],[179.098739827148,-8.62447370223006],[179.09935123058207,-8.625826272938498],[179.10005736754928,-8.626635957262927],[179.10059647920565,-8.62744655418011],[179.1006910852354,-8.627988401626009],[179.10049908974437,-8.628531818561505],[179.10042929227603,-8.62907456633805]],[[179.10102955074598,-8.625817086300458],[179.10046383687595,-8.62500663522852],[179.10034818042234,-8.624736085464406],[179.09970513552088,-8.624107359227187],[179.09938188634789,-8.623656641172227],[179.0991208420204,-8.623115702938433],[179.09873167088148,-8.622575464947015],[179.09832888021953,-8.62160554234212],[179.09788489927413,-8.620952994344883],[179.09716007578086,-8.619329854024524],[179.0969054297217,-8.618517694307313],[179.09658465810986,-8.616621160892848],[179.09660951571462,-8.616349841636225]],[[179.07843993761327,-8.622111178455963],[179.07925666769557,-8.62197529139222],[179.07949714355027,-8.621866596829772],[179.07945762976357,-8.621595624538118],[179.07898063829285,-8.621328177996698],[179.07870798310893,-8.621298059679953],[179.07843616201995,-8.621420526524027],[179.07833150482932,-8.621601723164316],[179.0783072382179,-8.621873041084285]],[[179.07913608517646,-8.62593634825411],[179.0795465853334,-8.625160721366479],[179.07957479558988,-8.624849225557169],[179.0792684412646,-8.624127795510006],[179.07899518348253,-8.623987878858133],[179.0781550703605,-8.624314543847008],[179.0779111500566,-8.625073751971383],[179.0778366007514,-8.62594338777444]],[[179.07764613209878,-8.626441079951405],[179.07727496988238,-8.626759988816419],[179.0769497891641,-8.62730412276601],[179.07687439987623,-8.627575717620278],[179.0771092774944,-8.627929051624008],[179.07792788632733,-8.62813426156158],[179.07847243083148,-8.628052640892886],[179.07862342347025,-8.627837430914324],[179.07875851963527,-8.62729432606295],[179.07849626265187,-8.626753374179899],[179.0785071661686,-8.62648212866225]],[[179.10028450904983,-8.63032972763475],[179.10110182992037,-8.630300954849403],[179.10164761121786,-8.630444604711816],[179.10202646951075,-8.630692911336325],[179.10204020613452,-8.631235201007422],[179.10223418276848,-8.631505320050982],[179.1030169579134,-8.631687216664742],[179.10328872909903,-8.631556726962817],[179.10323393153786,-8.630686290734628],[179.10339454760256,-8.630143045249202],[179.10317563572622,-8.629059516614426],[179.10230680318216,-8.627708367510888],[179.1020353942577,-8.627167489786178],[179.1014528012699,-8.626628316311846],[179.10130382742258,-8.62635794962534]],[[179.07484941567958,-8.634095163388713],[179.0747826103412,-8.633824338005326],[179.07577723918038,-8.633498619075828],[179.07606831230882,-8.633275003727446],[179.07621040957824,-8.633003047454594],[179.0761638403609,-8.632732112892455],[179.07596519545612,-8.632462001757938],[179.07576906722997,-8.632003775237163],[179.0754962584953,-8.631947054926945],[179.0749583905261,-8.632196264873459],[179.0746175552221,-8.632740483273345],[179.07446471943416,-8.63328368433705],[179.07461208343102,-8.633825260909036],[179.07387483849567,-8.634432046968659],[179.07347336729907,-8.635729732009292],[179.0734918198901,-8.636272006495684],[179.07338582423677,-8.63654376713132]],[[179.10171989877972,-8.632864051903695],[179.1015209833991,-8.633407507402156],[179.10139223432276,-8.633537683686066],[179.10084574028124,-8.633266076517547],[179.10023488932552,-8.633143372662934],[179.1000266595674,-8.632977841283818],[179.09947687397232,-8.632110653713744],[179.0992046848033,-8.632165950044953],[179.09843499105202,-8.633424411932817],[179.0973106139141,-8.634590793830098],[179.09676761770848,-8.634952498243848],[179.0959513992571,-8.63518318783584],[179.0946825269827,-8.6358855868154]],[[179.101124748433,-8.63444287355257],[179.10166879730838,-8.634272446049888],[179.10221095558717,-8.633760702250317],[179.10245038016168,-8.633673593846833],[179.1024825723989,-8.633602023828981],[179.10257987624118,-8.63313051888259],[179.10242096726174,-8.632860207981144],[179.1019320006726,-8.632593915205607]],[[179.09568239415322,-8.635815779512194],[179.09634264696152,-8.635605326433486],[179.0973135667508,-8.635125253195357],[179.09812998009934,-8.634930120462016],[179.09867382270386,-8.634721839874658],[179.10057962586032,-8.634419376226873]],[[179.07469757648943,-8.637621415701696],[179.07460937316742,-8.63707951934312],[179.07461609783317,-8.636537109011305],[179.07483649881385,-8.635993541939511],[179.07532234652504,-8.63517735078854]],[[179.09323682996984,-8.637070652691667],[179.09399893727888,-8.636431689898515],[179.0937270879634,-8.636433175204504],[179.09311340607374,-8.636707711379438],[179.09272440876433,-8.636981019819645]],[[179.07334170898056,-8.636605584863787],[179.0730274736412,-8.637088080196015],[179.07288344312772,-8.637631233812664],[179.07284457132613,-8.638987380274685],[179.07300196232688,-8.63980009029045],[179.0736374731119,-8.640862123280954],[179.07418488485123,-8.641301223313228],[179.07445828087674,-8.641464034877801],[179.07473101136534,-8.641505131189584],[179.07500241583656,-8.641303821927595]],[[179.076475436921,-8.640052465253223],[179.0764952675907,-8.639509984527525],[179.07642301671873,-8.639239189503064],[179.07553186561196,-8.638459377539764]],[[179.08834720660855,-8.639864105472014],[179.0878036439424,-8.640126130685825],[179.08576333913356,-8.641629118055153]],[[179.08563261939648,-8.641762589956233],[179.08481715866589,-8.642135868859915],[179.08345917828166,-8.642962807168718],[179.08264380007364,-8.643352119667849],[179.0824689433897,-8.643545343449274]],[[179.0801890677721,-8.642954882539867],[179.0807383532028,-8.64373382773066],[179.08089340784315,-8.642469165025345],[179.08073062266286,-8.642324806946343],[179.0799133025613,-8.642360553683401]],[[179.08291886094827,-8.643817322712229],[179.0850607438998,-8.642717684240369],[179.0857654019778,-8.642171476937346]]]}},{"type":"Feature","properties":{"year":2006,"certainty":"insufficient data"},"geometry":{"type":"MultiLineString","coordinates":[[[179.1230371921183,-8.426378477298993],[179.1225872631467,-8.425446135640655],[179.12231446290477,-8.42536250144476],[179.12204340595522,-8.425598577034119],[179.1214984132535,-8.425542824576729],[179.12095451484944,-8.425687873078866],[179.12068300370825,-8.425840826416469]],[[179.11771343441538,-8.427763149844488],[179.11760747107368,-8.426950174681378],[179.11773535534948,-8.426678302328948],[179.11801052369012,-8.426405635204045],[179.11802879445267,-8.4261343543412],[179.11796093650764,-8.426094866915564],[179.11768842461757,-8.42606427352868],[179.11747350615042,-8.426137350418175],[179.11714559832387,-8.426407008012998],[179.11687360804754,-8.426472357143512],[179.1160565740672,-8.426473043603076],[179.1157847290372,-8.426565182074013],[179.11536247937659,-8.426962281505887],[179.1153032021775,-8.42723378371916],[179.11551776934698,-8.427555920268864],[179.11633663120168,-8.427890813004648],[179.11742695989153,-8.428063786897257]],[[179.12067786005267,-8.425848868585055],[179.12073964852758,-8.42611971656092],[179.12095763880149,-8.42638972043998],[179.12092808610308,-8.426661061912208],[179.12069016397217,-8.427154707363028],[179.12041999007081,-8.427553231562321],[179.11987725858359,-8.427913076476864],[179.11955583254178,-8.428024385102868],[179.11933423090832,-8.428218751858687]],[[179.1235609299695,-8.428273913205173],[179.1235037847296,-8.427189497153508]],[[179.11933491655233,-8.42834461819952],[179.12042469152107,-8.428415882771224],[179.12151365129637,-8.428337716961654]],[[179.16758854136424,-8.433727829671717],[179.1675689147911,-8.433611759059707],[179.1672960361127,-8.4335155156335],[179.16675221400152,-8.433670238868658],[179.16620668455124,-8.433518635238066],[179.16593431875836,-8.433514428090545],[179.1657081973395,-8.433738218692307],[179.16557879688636,-8.434010107374426],[179.1656664371539,-8.434315235739241],[179.16648679711744,-8.434912983567804],[179.1670327517327,-8.43514047532194],[179.16732320037272,-8.435085165046965],[179.1675760438693,-8.434890400638718],[179.16759740072615,-8.434270128138133]],[[179.172144945462,-8.438583730199035],[179.17195256675635,-8.438297496829742],[179.1717542013241,-8.437501203771792],[179.17162001080746,-8.437230774247633],[179.17140062974548,-8.437000436183052],[179.17112802052281,-8.436952942652713],[179.17058542392968,-8.437327375170916],[179.17031348299062,-8.437399596673728]],[[179.16977690781988,-8.43724098067613],[179.1692220212725,-8.4370262445455],[179.1689466178777,-8.43724557568721],[179.1703203734004,-8.438633308430303]],[[179.1706044980539,-8.438863437762386],[179.17141458526473,-8.439497813079768],[179.17251032220742,-8.440634197976511]],[[179.17269714195402,-8.440207706074267],[179.1724303394396,-8.439395666861333]],[[179.179550757222,-8.449389477150063],[179.1791885121374,-8.448577979360747],[179.1786675554961,-8.447767364047637],[179.17826741310043,-8.447378088889772],[179.17799519245077,-8.447401141121263],[179.17785560968457,-8.447771881454326],[179.17792445802706,-8.44804267023703],[179.17854885368683,-8.448997611268034],[179.17937111953643,-8.44992580405237]],[[179.18018631758503,-8.451555308585837],[179.18036317625888,-8.451825494561982],[179.18077165729022,-8.453179074532946],[179.18194276343706,-8.455341913513568],[179.18306087644504,-8.457776212113593],[179.1832066102111,-8.458317740009853],[179.1835058522586,-8.458711616221251],[179.1839304304212,-8.459669551163511],[179.18405859572553,-8.46013655529352],[179.18448478030982,-8.461022306691277],[179.18461069694843,-8.461835114378651],[179.18508090554715,-8.463459508237703],[179.1855921730957,-8.464541330300426],[179.1867659482864,-8.468059973591895],[179.1878827447502,-8.469951908191522],[179.1887499041436,-8.470971522129116],[179.18929689406826,-8.471371151770132],[179.1893636874061,-8.471299455930348],[179.18925942340033,-8.471028871020843],[179.18858317212442,-8.469947983406234],[179.1877213856771,-8.46832579328853],[179.1870723043046,-8.466702408613981],[179.18678003046438,-8.466161704737075]],[[179.18127105633715,-8.45263394852852],[179.18085908702858,-8.451822731207567]],[[179.1825048882454,-8.455067606724992],[179.18156273368072,-8.4531746646225]],[[179.18303327485674,-8.45642051233349],[179.18286973298382,-8.456150254285179],[179.18278537880744,-8.455608383382982]],[[179.18384610459853,-8.458042998520405],[179.18339217016185,-8.456960850452344]],[[179.18666600612792,-8.465620002871164],[179.18656116383372,-8.464807079431136],[179.18622787123644,-8.463724263809828],[179.1854618190722,-8.461559186295453],[179.1845262001112,-8.459395052375797]],[[179.1916600877681,-8.47969281349324],[179.1917129671936,-8.4810483613189],[179.19180263423388,-8.481590195345687],[179.19173372914744,-8.482132920519232],[179.19178749469418,-8.483759631996852],[179.19169597142647,-8.485929497964271],[179.1919619078534,-8.487283846972925],[179.19202358249936,-8.488097006638295],[179.192362490851,-8.489450944065785],[179.19248593483644,-8.490534924432945],[179.19267848812495,-8.49133211307418],[179.19280853688335,-8.49161778351138],[179.19290968109283,-8.492159551431229],[179.19313092933174,-8.49242947440707],[179.19308581156304,-8.492972065638224],[179.19324489889104,-8.494055844091246],[179.19379292549954,-8.495717624620903],[179.1940092878861,-8.49594971736309],[179.19410390838044,-8.496220352552264],[179.19408399200378,-8.49676280155095],[179.19424993393048,-8.49730420301394],[179.19429717546296,-8.49811744172631],[179.19455682513956,-8.49865831452423],[179.194631115162,-8.499417547595074],[179.19483549118635,-8.500283752565949],[179.1951856523932,-8.50113409340647],[179.19545932128867,-8.501359633826969],[179.19553348667574,-8.500822151498106],[179.19547719917355,-8.500280132888479],[179.19471273990956,-8.497030425894874],[179.194389392424,-8.495947575305888],[179.19433284709297,-8.495134388939373],[179.19377892241562,-8.493253988906694],[179.19350263809483,-8.49256680169503],[179.19338080228275,-8.492428067434338],[179.1933086230677,-8.491614968164741],[179.19301778043786,-8.490803099715777],[179.1927497841343,-8.488906427349622],[179.19276647544305,-8.487821658593367],[179.19260876716643,-8.4867378709199],[179.19257091465548,-8.485382240009253],[179.19260612224005,-8.48483970443563],[179.19279533718495,-8.484025133959076],[179.1927448241121,-8.482940742972618],[179.19286969798694,-8.4815841969353],[179.19275211575243,-8.48104252046988],[179.1927420965636,-8.479957901578937],[179.1924890877193,-8.479416986046079],[179.19261586619464,-8.478873935791873],[179.19241529098292,-8.477519218604861],[179.1915516811501,-8.474812379637415],[179.19101129209665,-8.473730736851746],[179.1903943767227,-8.472788706452656],[179.19028401636012,-8.472921310393557],[179.19033951035638,-8.473192168348064],[179.19103653369768,-8.475628779370062],[179.19133923104988,-8.477525263506575],[179.19163255867724,-8.478337123082804],[179.19166356872483,-8.478608117899102],[179.19155373251195,-8.479151072981777]],[[179.19601375258026,-8.502717617410301],[179.19600978411515,-8.50235930178891],[179.19573458356058,-8.501864960446907],[179.1954631549461,-8.50203301378359],[179.19546499058526,-8.502355423268051],[179.19574044918866,-8.502895041142429],[179.19601375258026,-8.502717617410301]],[[179.19613807673912,-8.504343923283011],[179.19623393904516,-8.504885717868051],[179.1967085475139,-8.505967709004116],[179.1971273388606,-8.507274135095443],[179.1976403456278,-8.508402953469723],[179.19795448839474,-8.509024284972227],[179.19822881335952,-8.509363423167645],[179.19850153883536,-8.509422174487261],[179.19862726139638,-8.509210876183076],[179.1986375152136,-8.508939650757043],[179.19850602030846,-8.508126891970313],[179.1978013676891,-8.506775037685609],[179.1976652253461,-8.506065609441276],[179.19695107276684,-8.504610500179242],[179.1969288701651,-8.50433945779111]],[[179.19905305561673,-8.510602314005704],[179.1985058188748,-8.51017219431433],[179.19840248151766,-8.510567984673912],[179.1986387057423,-8.511380150836915],[179.19845349805212,-8.512465868217136],[179.19847551540053,-8.512736911086948],[179.1987935341462,-8.512856717641274],[179.19896218413624,-8.513005324905553],[179.19909813440952,-8.513818057495842],[179.19909286253528,-8.514360421927462]],[[179.20142979255587,-8.515160688760371],[179.20119456421568,-8.514890854676583],[179.20117108768113,-8.514348653830679],[179.20080136273947,-8.513266080229167],[179.20042670045365,-8.51264869040709]],[[179.19889743924722,-8.51490386260473],[179.19870566478576,-8.515718450004249],[179.19860936079039,-8.51653249712527],[179.1980020970461,-8.516807101252931]],[[179.19717562887902,-8.518438782625019],[179.1969547803158,-8.518711199650074],[179.19670887573898,-8.51925492601422]],[[179.20274599166342,-8.52030539405722],[179.2027179535453,-8.519492053338597],[179.20278055442054,-8.518949365044703]],[[179.20238135642,-8.521022858202407],[179.20210928580994,-8.521080025037055],[179.20183669237898,-8.521045858543665],[179.20154588041277,-8.520312200613231],[179.20174680524838,-8.519768727780606],[179.20209952714924,-8.519374870589145],[179.20252665255057,-8.51949313845622],[179.20259877693198,-8.51976389597388],[179.20254270059246,-8.520035380683073],[179.20235688786465,-8.52030760130616],[179.2023796704324,-8.520728321217716]],[[179.19615592753217,-8.520071556832429],[179.1956789136155,-8.52061659017455],[179.19531799231706,-8.521432134688737]],[[179.19488382260784,-8.52224809337948],[179.1948281597561,-8.522519576044884],[179.19456825898874,-8.523063381448589],[179.19434860003153,-8.523878127348825],[179.19398957837637,-8.524422493158541],[179.19391254052073,-8.524694096741438]],[[179.1961489189238,-8.526753913076112],[179.1975057010709,-8.525838459395114],[179.19788822857572,-8.525485103163236],[179.19940421744124,-8.524387788384118],[179.19994613929205,-8.52388439553167],[179.2004895646773,-8.523644061282868],[179.20099811329425,-8.523298141697541],[179.2015734270846,-8.522641706104608]],[[179.19314857725405,-8.526069067417433],[179.19265958750916,-8.5265993559001],[179.19252393014958,-8.52687129079691]],[[179.19206762090343,-8.5275872911975],[179.19155489008796,-8.528503776362934],[179.190716809846,-8.529554428869194]],[[179.1941116972498,-8.52848932308996],[179.19463508233724,-8.527944026572674]],[[179.19235155536578,-8.529608956396432],[179.19316657478095,-8.529223871755097],[179.19370916170223,-8.528834285238744]],[[179.19030830081272,-8.530137828949506],[179.18979946882828,-8.53041187092021],[179.18912576479354,-8.530958011923854],[179.1880736117828,-8.532048625819954],[179.18719306425137,-8.532635299526493],[179.1863950899248,-8.533413940299594],[179.18556689630287,-8.534091662272656],[179.18448352324094,-8.535193728801561],[179.18149953825474,-8.537401152775052],[179.18068438121983,-8.537767837908879],[179.1795984660456,-8.538426536789215],[179.17878261457844,-8.538671687862095],[179.17769237359113,-8.538568939096885],[179.17700730251,-8.538619014885853],[179.17605986505905,-8.538918240678024],[179.17524357915107,-8.539087611134855],[179.17442900144113,-8.539558771913615],[179.17302107032344,-8.539997248619324]],[[179.17307217297258,-8.540486435875037],[179.174975332899,-8.539823505208547],[179.17742452561308,-8.539374131041367],[179.17851380671533,-8.539307291307548],[179.18068918699794,-8.538614007591923],[179.18150450168199,-8.538274790034313],[179.18236852808428,-8.5377753460809],[179.1847594008404,-8.53580316748597],[179.18611648224174,-8.534929109301599],[179.18747174419408,-8.533736731902192],[179.1890989596447,-8.532466047595866],[179.19018276041314,-8.53144291717865]],[[179.15896036408023,-8.550068946192646],[179.16031883206549,-8.54941907380647],[179.1612100538042,-8.54874086955343],[179.16180949165147,-8.548466348425075],[179.16221833507325,-8.548093699749534],[179.1630333543007,-8.547694287083058],[179.16466173709978,-8.546603156192896],[179.1649827687181,-8.546279228636132],[179.1652983173823,-8.545735118305403],[179.16529902104253,-8.545463941582588],[179.16519935037232,-8.545321909855685]],[[179.164696401689,-8.545738484202662],[179.16443963994772,-8.546011092655247],[179.16384326308776,-8.546389341468322],[179.16275617455707,-8.546850824415253],[179.16194150566787,-8.547312187688544],[179.15977139559703,-8.548959976732302],[179.1586844766956,-8.54945412139799]],[[179.14972647104975,-8.555171760776796],[179.14945566719248,-8.555461877988796],[179.1491841024993,-8.555616420641067],[179.14592305412813,-8.557068805716012],[179.14510923881906,-8.557691116179418],[179.14456489440545,-8.55778459285437],[179.1437498144002,-8.55818166369848],[179.14266223807942,-8.55856810420488],[179.14099494440381,-8.559700298523154],[179.14087945526262,-8.559972114960898],[179.1408956232072,-8.560243202204838]],[[179.14430018601624,-8.559164645683811],[179.14538840835363,-8.558893760973277],[179.1459333943316,-8.558914612836732],[179.1464765846737,-8.558615064249462],[179.14702068781247,-8.558478540857612],[179.1491914431068,-8.556925054396556],[179.1501413988144,-8.55612425292113],[179.15038519506166,-8.555851722087763],[179.1504205681911,-8.55558035017221],[179.15023344701677,-8.555310215358531]],[[179.1318061113839,-8.565986535024166],[179.13316701601104,-8.565752441676425],[179.13398414190752,-8.56571680546037],[179.1358882104527,-8.56517558516362],[179.1364136469083,-8.564878018750571],[179.13666350917347,-8.564605459460937],[179.13684215447867,-8.564333293986854],[179.13669886960338,-8.564062908988932]],[[179.13452317674395,-8.564668215343417],[179.13235134495486,-8.564900462180281],[179.1309850537871,-8.565316388543879]],[[179.11707528733197,-8.580984136650258],[179.11717588867572,-8.580744567895062],[179.11744817054165,-8.580713330176607],[179.117721698511,-8.58090690531383],[179.11788070868417,-8.580708533649329],[179.11803382079276,-8.580165331914465],[179.11847621539832,-8.579349361010365],[179.11937227485868,-8.576903816328942],[179.11933212999983,-8.576525843768845],[179.11905877772716,-8.576363393964316]],[[179.11852421079925,-8.576908474133655],[179.1180097932179,-8.577724839925198],[179.11781501689887,-8.578810631184577],[179.1174685938449,-8.57935489412801],[179.11732286753642,-8.579898055223815],[179.11703786869856,-8.580441980913506],[179.1163604426354,-8.58109101567904],[179.115546385777,-8.5816886347736],[179.11445865356444,-8.582066574715812],[179.11437109621548,-8.58262605914156],[179.1139193218909,-8.583075036428118]],[[179.11337569734218,-8.583308169013735],[179.1131961945777,-8.583446044047196],[179.11326401092603,-8.583716853492772],[179.11365111455567,-8.583842958180586],[179.11528408245744,-8.58352189782017],[179.11627341550337,-8.583157983595804],[179.11691380069993,-8.582615306266334],[179.11718571257413,-8.582517072944137],[179.1175888911523,-8.582066038561596],[179.11774452273778,-8.581522822911317],[179.11758028849255,-8.581252544373115],[179.11745072089332,-8.581173463684031]],[[179.10328176842634,-8.630299855097462],[179.10334932361098,-8.630143293287949],[179.1032776957355,-8.62956437100621]]]}},{"type":"Feature","properties":{"year":2007,"certainty":"good"},"geometry":{"type":"MultiLineString","coordinates":[[[179.07051802400767,-8.598592969816437],[179.0709098837045,-8.598319673450698],[179.07104608496493,-8.598047752552471],[179.07109390168787,-8.597776307236758],[179.0710473191466,-8.597505369855186],[179.07092639367337,-8.597370426450683]],[[179.07053907775563,-8.597316271396728],[179.06958722055683,-8.597648715263135],[179.0694160336775,-8.597785331843992],[179.0694120993779,-8.598056541291959],[179.0695541876851,-8.598326965583816],[179.06984664193575,-8.598596581127207],[179.07013778870504,-8.598683408476765],[179.07051802400767,-8.598592969816437]],[[179.10075492465296,-8.604259550030326],[179.10077799746003,-8.60385264947356],[179.10052559854154,-8.603176070245107]],[[179.09973192441964,-8.602909220194633],[179.09992361676,-8.603992906500718]]]}},{"type":"Feature","properties":{"year":2007,"certainty":"insufficient data"},"geometry":{"type":"MultiLineString","coordinates":[[[179.07860926038632,-8.46078605093126],[179.07842802622997,-8.461871768335701],[179.0784539605567,-8.462142818890893],[179.07911514767304,-8.463495244267241],[179.079410703317,-8.464578424928025]],[[179.08119027388727,-8.461585883561494],[179.08111121681756,-8.461490224280809],[179.0805655059334,-8.46131181267782]],[[179.08087130366974,-8.464028273977675],[179.08126406882937,-8.463212618555861],[179.08136342815015,-8.462398525564591]],[[179.080212219393,-8.464845347189328],[179.08055246690733,-8.464301159611068],[179.0808525740427,-8.46404742889159]],[[179.0619778093076,-8.490976325026102],[179.06192790311712,-8.490669917670367],[179.06178181748004,-8.490434980568423],[179.0616537360778,-8.490338977188681],[179.06110831376455,-8.490222405362317],[179.0600192483643,-8.490322719872903],[179.0597473488151,-8.49041660643041],[179.05949764903585,-8.490718252251327]],[[179.0602957120076,-8.491084319924134],[179.06138604745905,-8.491221567265269]],[[179.03712923723882,-8.512260234477344],[179.03752494493372,-8.512105627919528],[179.03789398993447,-8.51171383635839],[179.03795122976624,-8.511442341757355],[179.03788734678238,-8.510900287693078],[179.03798584301768,-8.510628576819249],[179.03840053323188,-8.510355208097819],[179.03848273372373,-8.510083582651264],[179.03832984187872,-8.509769469637975],[179.03805737014935,-8.509759241395486],[179.03778591014105,-8.50994030457584],[179.0364750996318,-8.510907688915212],[179.03626686277983,-8.511179974561188],[179.03615051349476,-8.511722973602089],[179.03623989730758,-8.511993700106716],[179.0365176529228,-8.512263439565197],[179.03670882099178,-8.512320166296139],[179.03712923723882,-8.512260234477344]],[[179.07092639367337,-8.597370426450683],[179.0706749760798,-8.597253845271906],[179.07053907775563,-8.597316271396728]],[[179.10074812089061,-8.605479910772821],[179.10075492465296,-8.604259550030326]],[[179.10052559854154,-8.603176070245107],[179.10045113589877,-8.60276970221647],[179.10036478567062,-8.600058342456688],[179.1004447186638,-8.599515539887994],[179.10042904686063,-8.598973259147959],[179.1006163988674,-8.598429870339888],[179.10037988247657,-8.598241840568129],[179.10007037989376,-8.598432850106299],[179.10004992585561,-8.599246511337896],[179.09974302320316,-8.599790552483908],[179.09968440416907,-8.600062055591803],[179.0995851629477,-8.60141851340512],[179.09973192441964,-8.602909220194633]],[[179.09992361676,-8.603992906500718],[179.1000779331928,-8.604670021806738],[179.1004206824621,-8.605644369138673],[179.10069297510827,-8.605611185627362],[179.10074812089061,-8.605479910772821]],[[179.09666058842643,-8.615807195723349],[179.0966466792852,-8.615536088073622],[179.0968612723316,-8.614178999009509],[179.09753044592583,-8.612005878523746],[179.0988109051361,-8.610194562809498],[179.09935356858998,-8.60977838366367],[179.10003230998734,-8.60900920074135],[179.1002424553399,-8.60846568655835],[179.10026092954104,-8.608194402573007],[179.1001604550467,-8.607865628860868],[179.09988838876947,-8.6079401735097],[179.09911296921294,-8.609014221960992],[179.09795627535513,-8.610376453549241],[179.09739767290606,-8.611193052728733],[179.09667947258188,-8.612552889648196],[179.09618941054876,-8.61445384902315],[179.09619807810793,-8.61526735269559],[179.09602846378849,-8.615810645562366],[179.09607255370497,-8.616352772296304],[179.09602425581096,-8.616895403187458],[179.0961873696881,-8.618250431100407],[179.09643260889393,-8.619333826627088],[179.09696241435802,-8.620875202888662],[179.09762748519785,-8.622310317622233],[179.09772230921575,-8.622852166023836],[179.09826768137594,-8.623933917758453],[179.09870439190107,-8.62447389602724],[179.09935123058207,-8.625826272938498],[179.10005736754928,-8.626635957262927],[179.10059647920565,-8.62744655418011],[179.1006910852354,-8.627988401626009],[179.1003844428342,-8.629074811945967]],[[179.10102955074598,-8.625817086300458],[179.1003577804357,-8.624736032919053],[179.09970510031712,-8.624100986609262],[179.09920730192022,-8.623386413108545],[179.0991208420204,-8.623115702938433],[179.09874142115277,-8.62257541163329],[179.0984183070355,-8.621763628676382],[179.09792898549716,-8.620952753424177],[179.09727664308613,-8.61960040075674],[179.09683848322925,-8.618246876367708],[179.09669660257578,-8.617162916904977],[179.09653870564156,-8.616621411728737],[179.09659169439695,-8.616349938914412]],[[179.07843997409117,-8.622117850913007],[179.0792567212674,-8.62198508693293],[179.07951911444914,-8.621866477805751],[179.0795001351562,-8.621595394281842],[179.07898019884425,-8.621247808153992],[179.0787077369164,-8.621253028064089],[179.0784359394686,-8.621379814433004],[179.07831510255437,-8.621601811967844],[179.07830414609631,-8.621873057825704]],[[179.07900670685666,-8.626094412797658],[179.0795468075164,-8.625201326264547],[179.07958800646395,-8.624849153962733],[179.07928013848417,-8.624037263257089],[179.0789947184594,-8.623902858951126],[179.0787225734351,-8.623966372435085],[179.07811291141147,-8.624314772148498],[179.07791065658895,-8.624983495968374],[179.0778366007514,-8.62594338777444]],[[179.07764613209878,-8.626441079951405],[179.07730836099066,-8.62675980801871],[179.0769501759117,-8.627304120672166],[179.07686373018177,-8.627575775385361],[179.07698378047152,-8.627846312106945],[179.07710934184036,-8.627940821116164],[179.07820072615192,-8.628197199181413],[179.0784744771998,-8.628109424411603],[179.0786299772688,-8.627837395401352],[179.07873789559247,-8.627294437817868],[179.07867764990647,-8.627023577852222],[179.07849626265187,-8.626753374179899],[179.07851150161267,-8.626482105174743]],[[179.1002849862868,-8.630416030022998],[179.10082946959974,-8.63032499288161],[179.10192120555254,-8.630643563780529],[179.10200148915695,-8.630964230757721],[179.1019446721651,-8.63123572470017],[179.10204165065042,-8.63150637556788],[179.1021992454587,-8.63164558690904],[179.10247226521824,-8.63174054712434],[179.10301709558527,-8.631712076661794],[179.10328847832946,-8.631511449409407],[179.10326833539906,-8.630686102040078],[179.10348076467184,-8.630142572362104],[179.10326464183163,-8.629059028539832],[179.10311722016507,-8.62878865460196],[179.10272623102878,-8.628393734872255],[179.1020353942577,-8.627167489786178],[179.1014528012699,-8.626628316311846],[179.10130382742258,-8.62635794962534]],[[179.1000746880783,-8.629618873769603],[179.0996550396145,-8.630163537218543]],[[179.07484941567958,-8.634095163388713],[179.0747826103412,-8.633824338005326],[179.07577720087605,-8.633491612928841],[179.07606172166498,-8.633275039417814],[179.07622001802025,-8.633002995419746],[179.07615407178344,-8.632732165791477],[179.07596095193315,-8.63246202473469],[179.07576899869173,-8.631991236830647],[179.0754962704444,-8.63194924120379],[179.07497413839744,-8.63219617964939],[179.07466035709905,-8.632740251661284],[179.07448658558502,-8.633283566015736],[179.07461208343102,-8.633825260909036],[179.0738748541465,-8.63443491193751],[179.07347336729907,-8.635729732009292],[179.0734918198901,-8.636272006495684],[179.07338582423677,-8.63654376713132]],[[179.0992040327042,-8.632047989328834],[179.09897675794005,-8.632336714136175],[179.09876410896078,-8.632880244256352],[179.09841759563716,-8.633424507151497],[179.0973106139141,-8.634590793830098],[179.09676761770848,-8.634952498243848],[179.0959513992571,-8.63518318783584],[179.0946825269827,-8.6358855868154]],[[179.10356828123577,-8.632040367919958],[179.10355839866017,-8.632040422139127],[179.1035639924775,-8.632056710704486],[179.10356828123577,-8.632040367919958]],[[179.10169987055343,-8.632864161698608],[179.1013917149679,-8.633443848757924],[179.1008456838426,-8.633255876483306],[179.10030023129872,-8.633172430066356],[179.1000266153468,-8.632969846001187],[179.0997511413844,-8.632431217185719],[179.09947675781672,-8.632089644591193],[179.09931628622488,-8.632063672297818]],[[179.10112480598164,-8.634453271365322],[179.10166906141032,-8.634320152098228],[179.10221134653776,-8.633831307534063],[179.1027555406986,-8.633687412609524],[179.1030405607491,-8.633399174296661],[179.1027533142061,-8.633285399663539],[179.10243175841202,-8.632860148803806],[179.10193225673498,-8.632640172366957]],[[179.09568239415322,-8.635815779512194],[179.09634264696152,-8.635605326433486],[179.0973135667508,-8.635125253195357],[179.09813013979556,-8.634959013683892],[179.09867399037475,-8.634752168795123],[179.09949094074562,-8.634654525510143],[179.1000349665725,-8.634479648915233],[179.10057961886417,-8.634418111840976]],[[179.07483785055854,-8.637891843093842],[179.07464306121517,-8.637350523914055],[179.07461609783317,-8.636537109011305],[179.07483649881385,-8.635993541939511],[179.07532234652504,-8.63517735078854]],[[179.0932368585908,-8.637075841791088],[179.09401548576125,-8.636431599476174],[179.09366587885117,-8.636433509606789],[179.09307313436045,-8.636707931338266],[179.0926945962771,-8.636981182626652]],[[179.07334170898056,-8.636605584863787],[179.0730274736412,-8.637088080196015],[179.07288344312772,-8.637631233812664],[179.07282284538866,-8.63871631058617],[179.07297721059263,-8.639800224228],[179.07363769463467,-8.640902648061687],[179.07445828087674,-8.641464034877801],[179.07473101136534,-8.641505131189584],[179.07500241583656,-8.641303821927595]],[[179.076475436921,-8.640052465253223],[179.07650513406514,-8.63950993104892],[179.07643270432985,-8.639239136997361],[179.07553186497017,-8.638459260205035]],[[179.08834720660855,-8.639864105472014],[179.0878036439424,-8.640126130685825],[179.08576126768045,-8.641629129335719]],[[179.0856326391258,-8.641766178038772],[179.0831876781976,-8.643145815097217],[179.0826439833267,-8.643385488634735],[179.08249718550925,-8.643545189859402]],[[179.08617884335197,-8.641983653506962],[179.08647040272663,-8.641896451867956],[179.08674343584923,-8.641623779459257]],[[179.07957790357332,-8.642747496652975],[179.0799164819019,-8.642940296283935],[179.08021016088696,-8.64301524878291],[179.08073823711632,-8.643712670783952],[179.08087794784734,-8.642469249027162],[179.08073071388407,-8.642341434936354],[179.07991339022698,-8.64237653978104]],[[179.0829188500057,-8.643815330529904],[179.08505063090624,-8.642717739301027],[179.08578455148893,-8.64217137264735]]]}},{"type":"Feature","properties":{"year":2007,"certainty":"insufficient data"},"geometry":{"type":"MultiLineString","coordinates":[[[179.12300811594613,-8.426378634575741],[179.12258769255862,-8.425524870049909],[179.1223147222209,-8.425410054789936],[179.12204356860846,-8.425628407348826],[179.1214987078255,-8.425596862737425],[179.1209545648953,-8.425697056028554],[179.12075294743588,-8.425848462894331],[179.12080651265921,-8.426119355278624],[179.12097481886758,-8.426389627600775],[179.12093277973176,-8.426661036547987],[179.1204975866224,-8.427476933601259],[179.12014879542355,-8.42776452740252],[179.11955583254178,-8.428024385102868],[179.1193341105709,-8.42819666084868]],[[179.11771343441538,-8.427763149844488],[179.11760747107368,-8.426950174681378],[179.11796727347533,-8.426405868595534],[179.11780950026437,-8.426135537644301],[179.1175937144316,-8.426136701896894],[179.117145669876,-8.42642015966929],[179.11605659332835,-8.426476585701268],[179.1157847341756,-8.426566127132757],[179.11535900230228,-8.426962300247148],[179.11528265317506,-8.427233894477196],[179.11551776934698,-8.427555920268864],[179.11633663120168,-8.427890813004648],[179.11742695989153,-8.428063786897257]],[[179.12355318398048,-8.428273955123927],[179.1235037847296,-8.427189497153508]],[[179.11933508342622,-8.428375251595519],[179.12069704690654,-8.428417499270925],[179.12151365063767,-8.428337596164468]],[[179.1220585654331,-8.428378328550973],[179.12260354821788,-8.428431535299197],[179.12314928981414,-8.42862379118051]],[[179.16758854136424,-8.433727829671717],[179.1675689147911,-8.433611759059707],[179.1672960361127,-8.4335155156335],[179.16675221400152,-8.433670238868658],[179.16620668455124,-8.433518635238066],[179.16593431875836,-8.433514428090545],[179.1657081973395,-8.433738218692307],[179.16557879688636,-8.434010107374426],[179.1656664371539,-8.434315235739241],[179.16648679711744,-8.434912983567804],[179.1670327517327,-8.43514047532194],[179.16732320037272,-8.435085165046965],[179.1675760438693,-8.434890400638718],[179.16759740072615,-8.434270128138133]],[[179.172144945462,-8.438583730199035],[179.17195256675635,-8.438297496829742],[179.1717542013241,-8.437501203771792],[179.17162001080746,-8.437230774247633],[179.17140062974548,-8.437000436183052],[179.17112802052281,-8.436952942652713],[179.17058542392968,-8.437327375170916],[179.1703133860279,-8.437382234393585],[179.1692220212725,-8.4370262445455],[179.16895065402076,-8.437201311458619],[179.1703203734004,-8.438633308430303]],[[179.1706044980539,-8.438863437762386],[179.17141458526473,-8.439497813079768],[179.17251032220742,-8.440634197976511]],[[179.17269714195402,-8.440207706074267],[179.1724303394396,-8.439395666861333]],[[179.18019296871242,-8.450779118896982],[179.1800302959771,-8.450742663662787],[179.17980015783414,-8.449659259828135],[179.17931743110273,-8.448848433219935],[179.17922507741105,-8.448577775816004],[179.17854105019592,-8.44760741657243],[179.17826741310043,-8.447378088889772],[179.17799519245077,-8.447401141121263],[179.17785560968457,-8.447771881454326],[179.17792445802706,-8.44804267023703],[179.1788232936712,-8.44936967010416],[179.17979238566713,-8.450472817364025],[179.18017788213115,-8.451555355579854],[179.18036317625888,-8.451825494561982],[179.18077165729022,-8.453179074532946],[179.1810266360967,-8.453733700193656],[179.18140686315274,-8.454260218038792],[179.18307968577267,-8.457776107112691],[179.1832333423649,-8.458317590761174],[179.18358704266745,-8.458857957156711],[179.1840241541545,-8.460211368763177],[179.18439474374898,-8.461022809812935],[179.18456056049865,-8.461835394584506],[179.18514775676547,-8.463730304783029],[179.18556596129545,-8.46454147690681],[179.18593585781488,-8.465624088552401],[179.18610915953005,-8.465894289068792],[179.18621306414806,-8.466436047894547],[179.1867748306493,-8.468059923864399],[179.1877339921813,-8.46968157174797],[179.18824130522674,-8.470221068897994],[179.18856927969333,-8.470761570220855],[179.18902333129375,-8.471159370119313],[179.18913067812917,-8.471029592840772],[179.18904211798161,-8.470758919771484],[179.18863673792913,-8.470218852847024],[179.18734285821205,-8.467514403576383],[179.1866687108132,-8.46589115777178],[179.18666857821907,-8.465348818435185],[179.1865705055701,-8.464807027156247],[179.18550137419942,-8.461558965143434],[179.1848765893547,-8.460299744851595],[179.18414356147719,-8.458583678376916]],[[179.18127105633715,-8.45263394852852],[179.18085908702858,-8.451822731207567]],[[179.18382035128235,-8.45804314234002],[179.18357080955508,-8.457231023802759],[179.18286973298382,-8.456150254285179],[179.18276149724022,-8.455608516647775],[179.18259537409233,-8.45533827274636],[179.18241850194735,-8.454796917777498],[179.18179703716208,-8.453715700234833],[179.18156273368072,-8.4531746646225]],[[179.19168637852988,-8.47969266577866],[179.19182850577917,-8.481590049945464],[179.19177274459378,-8.482132701241826],[179.19182018793748,-8.483759448213503],[179.19171895586663,-8.485929368732075],[179.19239780321377,-8.4898691167037],[179.19267473855115,-8.49067182199905],[179.19284138866828,-8.490532923934536],[179.19293877152117,-8.49026120715254],[179.19275580585312,-8.488906393464244],[179.1927361829127,-8.487821829034074],[179.19256654548218,-8.486738108432725],[179.19254717517137,-8.48511120474746],[179.192738794709,-8.484025451959118],[179.1926982217439,-8.483212173812825],[179.19280464239327,-8.481584562723462],[179.19273078041803,-8.48104264041941],[179.19272809831216,-8.47995798026861],[179.1925182222457,-8.479416822296903],[179.19259001456606,-8.478874081087252],[179.192189847494,-8.476978147427973],[179.1915386010727,-8.47481245308246],[179.19101129209665,-8.473730736851746],[179.19039460634795,-8.472829273310012],[179.19029961763832,-8.472921222860997],[179.19033940149876,-8.473192168958848],[179.1909907982031,-8.47535786696826],[179.1912584942728,-8.476983378731532],[179.19144687637726,-8.477795827993507],[179.19166290296258,-8.478336952621946],[179.19159579479532,-8.479150836680226]],[[179.19298644799662,-8.491345613362249],[179.19295000135577,-8.49117977667906],[179.19295176629086,-8.491490526283364],[179.19298644799662,-8.491345613362249]],[[179.1943067909666,-8.49567687248253],[179.19433761523513,-8.495134362069617],[179.1937791568632,-8.49329524259658],[179.19350277881483,-8.492591568139352],[179.19328361689736,-8.492428614680227],[179.1932286610975,-8.492285553917513],[179.19309701400917,-8.49297200256084],[179.19323843267318,-8.494055880507453],[179.19351674317457,-8.495048895978995],[179.19379287116845,-8.495708067303577],[179.1940664511781,-8.495918896370485],[179.1943067909666,-8.49567687248253]],[[179.19532193417461,-8.500823345022049],[179.19541338609292,-8.500551660988672],[179.19529367589462,-8.500010000067885],[179.1952345688802,-8.499196829047253],[179.19489370965118,-8.497696972158304],[179.19480548792382,-8.497572239512621],[179.1946147837206,-8.496546568262415],[179.19433979490574,-8.496088124262936],[179.19420286397698,-8.496219794888114],[179.19408804539933,-8.496491610328142],[179.1945145097717,-8.497573879952077],[179.19432129505242,-8.498117305761273],[179.1945506530131,-8.49865834932328],[179.1945570096818,-8.499200650023832],[179.1949094919706,-8.500470701180719],[179.19518414386593,-8.500869065993136],[179.19532193417461,-8.500823345022049]],[[179.19589141343658,-8.502718307930296],[179.1959315411257,-8.502446913454763],[179.19582529901498,-8.502176345070877],[179.19573562577307,-8.502047995991255],[179.19546336349433,-8.502069643583294],[179.1954649169933,-8.50234249790975],[179.19574058606324,-8.50291907655289],[179.19589141343658,-8.502718307930296]],[[179.1961423962915,-8.504343898895511],[179.19623393904516,-8.504885717868051],[179.1967085475139,-8.505967709004116],[179.1971273388606,-8.507274135095443],[179.1976403456278,-8.508402953469723],[179.19795448839474,-8.509024284972227],[179.19822881335952,-8.509363423167645],[179.19850153883536,-8.509422174487261],[179.19862437734452,-8.50921089249347],[179.1986485886371,-8.508939588134139],[179.19850602030846,-8.508126891970313],[179.1978013676891,-8.506775037685609],[179.1976652253461,-8.506065609441276],[179.19694320992147,-8.504610544589285],[179.19690650495676,-8.504339584106171]],[[179.19905305561673,-8.510602314005704],[179.1987794589859,-8.5103910883762],[179.1985066896951,-8.510324785567965],[179.1984259666632,-8.51056785184888],[179.1986387057423,-8.511380150836915],[179.19858209552436,-8.512193973308477],[179.19879277270266,-8.512723350013255],[179.19898541569157,-8.513005193444762],[179.19903787776076,-8.513276063890117],[179.1990851268531,-8.514360465710551],[179.19866231956107,-8.515718695326072],[179.19867675948842,-8.516260948296296],[179.19860165430836,-8.516532540744283],[179.19799857572323,-8.516749009071077]],[[179.2014556055023,-8.515160542492138],[179.20122189402886,-8.514890699834345],[179.20120656537608,-8.51434845283926],[179.20079563847807,-8.513266112649008],[179.20042670045365,-8.51264869040709]],[[179.19791337350892,-8.5168076032995],[179.19778302874315,-8.517079508317913],[179.19761389101112,-8.517893967856605],[179.19748960127396,-8.518165838644498],[179.19719099804362,-8.518432323180969]],[[179.202650643917,-8.518136602056767],[179.2025169964356,-8.51759502670914],[179.20232809651034,-8.517324931187227]],[[179.19717562887902,-8.518438782625019],[179.1969547803158,-8.518711199650074],[179.19670887573898,-8.51925492601422]],[[179.20270365809637,-8.520305634219548],[179.20274593884514,-8.519763061181866],[179.2026814540199,-8.519492260382318],[179.20277388478297,-8.518949402877244]],[[179.2023812114004,-8.520997524127079],[179.2018374507535,-8.521178373295772],[179.20138330296243,-8.521668956477132],[179.20102401495558,-8.52183531009517],[179.20075162307,-8.521836488387315],[179.2004785675795,-8.521721657771373],[179.20033229265877,-8.521403747833514],[179.2004749236099,-8.521084555927693],[179.20074672003398,-8.520979361470982],[179.20129152951557,-8.520981719355419],[179.20146793040308,-8.520854976196276],[179.2014639880081,-8.520312664939402],[179.20155876396475,-8.520079302447247],[179.20182849825804,-8.519613920471127],[179.2020992616709,-8.51932847796968],[179.20237160700273,-8.519319518126588],[179.20260916901236,-8.51949267040922],[179.20256166379843,-8.520306439732929]],[[179.19638849940716,-8.519799073633255],[179.19584007237123,-8.520370443156834],[179.19531799231706,-8.521432134688737]],[[179.19503150532609,-8.521882841474856],[179.1948281597561,-8.522519576044884],[179.194659091734,-8.522791699916617],[179.19434860003153,-8.523878127348825],[179.19398957837637,-8.524422493158541],[179.19374087174612,-8.524966235286312]],[[179.1941116972498,-8.52848932308996],[179.19469295699824,-8.527943699162494],[179.1951280226556,-8.527670069792766],[179.1967773012886,-8.52630489651182],[179.19859043458263,-8.52498591638223],[179.19994599846675,-8.52385977531265],[179.20084436103312,-8.523299013530712],[179.20157331973,-8.52262294862013]],[[179.1934905071569,-8.525509986787222],[179.19260716091844,-8.526663498835868],[179.19234256409305,-8.527143483980293]],[[179.1920675927981,-8.527582362098759],[179.19155489008796,-8.528503776362934],[179.190716809846,-8.529554428869194]],[[179.19081085966175,-8.530948496118157],[179.1912671702478,-8.530527632010624],[179.19191119347346,-8.530128773465162],[179.1923961159578,-8.529583696048588],[179.19316657478095,-8.529223871755097],[179.19370916170223,-8.528834285238744]],[[179.19030830081272,-8.530137828949506],[179.18981427061772,-8.530411787345155],[179.18912711427487,-8.530958004306198],[179.18806632658496,-8.532048666929215],[179.18719249572473,-8.532535428598392],[179.18448335873296,-8.53516480335469],[179.18253490216847,-8.53668972943027],[179.18122786748538,-8.537531836790443],[179.18068436322696,-8.537764669677747],[179.17959832953824,-8.538402490099074],[179.17851008962324,-8.538652217691936],[179.1776923311113,-8.538561449567986],[179.1771476525989,-8.538588028787496],[179.17578029179828,-8.538897077942611],[179.1749714773145,-8.539142958867625],[179.17415686217882,-8.539607613087435],[179.17302564448448,-8.53999722296254]],[[179.18942787356207,-8.532312150320413],[179.1900614056641,-8.531495066562936],[179.19072513672225,-8.53101522149777]],[[179.17307212889406,-8.540478649720445],[179.17416013778143,-8.54018597574045],[179.17497538880403,-8.539833372546397],[179.17688032660675,-8.53948549472362],[179.17824171982096,-8.539365115236716],[179.1790579443075,-8.539185333442685],[179.18148634374177,-8.538322653516568],[179.1825908068219,-8.537685571812455],[179.18475955787594,-8.535830773469367],[179.1861167415692,-8.534974673995999],[179.18747201399023,-8.533784113294567],[179.18801488789515,-8.533442625134205],[179.18855676890502,-8.532927026051208],[179.18909968048519,-8.532592565380305]],[[179.15896036408023,-8.550068946192646],[179.16031883206549,-8.54941907380647],[179.1612100538042,-8.54874086955343],[179.16180949165147,-8.548466348425075],[179.16221833507325,-8.548093699749534],[179.1630333543007,-8.547694287083058],[179.16466173709978,-8.546603156192896],[179.1649827687181,-8.546279228636132],[179.1652983173823,-8.545735118305403],[179.16529902104253,-8.545463941582588],[179.16519935037232,-8.545321909855685]],[[179.164696401689,-8.545738484202662],[179.16443963994772,-8.546011092655247],[179.16384326308776,-8.546389341468322],[179.16275617455707,-8.546850824415253],[179.16194150566787,-8.547312187688544],[179.15977139559703,-8.548959976732302],[179.1586844766956,-8.54945412139799]],[[179.14972632289653,-8.555145352165194],[179.14945572355106,-8.555471924924134],[179.14918431927632,-8.555655069154184],[179.14809689729816,-8.556066227028602],[179.14592347483472,-8.557143913187526],[179.14510890398552,-8.557631320579684],[179.14456439298522,-8.557695025784087],[179.14375005467554,-8.558224597270451],[179.14293421494085,-8.558486243298868],[179.14166354251913,-8.559154241455056],[179.14125646522504,-8.559427673217547],[179.1410023996266,-8.559700257230974],[179.14091728703605,-8.560243082213356]],[[179.14430018415962,-8.55916431405655],[179.14538840798434,-8.558893695039739],[179.1459337550351,-8.558978993775542],[179.14702083530722,-8.55850485484902],[179.14783409469197,-8.557783873284826],[179.14946327854895,-8.556818628368603],[179.14978608429723,-8.5563974036678],[179.150449481642,-8.555851364612252],[179.15069884977646,-8.555307627514619],[179.15054395509117,-8.555205717869097]],[[179.14239861961323,-8.56014424659708],[179.14286661006622,-8.559961103891247],[179.14348524927865,-8.559587851016461]],[[179.13588166425924,-8.564002456777102],[179.13506650778334,-8.56439032334099]],[[179.13180636655198,-8.566032342969233],[179.13316716070827,-8.565778401986543],[179.13398422850292,-8.565732335773241],[179.13490533927504,-8.565428712338631],[179.13588835653343,-8.565201762059324],[179.1364317598381,-8.564936959067722],[179.13680390051627,-8.564604682995768],[179.136917235162,-8.564332878721029],[179.13680787533318,-8.564062306140269]],[[179.13452286518609,-8.564612346449385],[179.13343357121965,-8.564696426277777],[179.13234482483392,-8.564879015569387],[179.13098481931866,-8.565274276801127]],[[179.12984266417857,-8.566270193836957],[179.13017362370076,-8.566375517154743],[179.13044594214256,-8.566353226693286],[179.13126205631826,-8.566135400415373]],[[179.11337568984132,-8.583306813480236],[179.1130959698651,-8.583446593406503],[179.11307174647132,-8.583717907390456],[179.11337901067452,-8.583906923355398],[179.11365142752248,-8.583899505509697],[179.1152840751442,-8.583520577421748],[179.11623754416792,-8.583158180499662],[179.1169133237645,-8.58252925253651],[179.1171852595844,-8.582435349328037],[179.11745606836766,-8.582138169902757],[179.11766177444736,-8.581794457822037],[179.11773205410745,-8.581522891389104],[179.11760643072745,-8.58125240081405],[179.11712403198933,-8.580983869041447],[179.1171185645964,-8.58071271849235],[179.11717491669063,-8.5805691740418],[179.1174478436888,-8.580654357654687],[179.1177216461954,-8.580897467721158],[179.1179129884198,-8.580708356371883],[179.11802607523762,-8.58016537445243],[179.1184043424054,-8.57962093613672],[179.11853013511546,-8.579296724738354],[179.11872825333631,-8.578263255314978],[179.11906029877287,-8.577719070849353],[179.11930462508352,-8.576904187948797],[179.1192473803515,-8.576633322145101],[179.11905960443264,-8.576512513949877]],[[179.11865236021777,-8.576907770420767],[179.11829107758126,-8.577452115064778],[179.1180148684255,-8.577724812060488],[179.1178552324556,-8.578810410378118],[179.11771177195408,-8.579115988333982],[179.1174408540613,-8.579393151356685],[179.1172923161404,-8.580169403493363],[179.11714942876733,-8.580441368486536],[179.1166312612227,-8.580795590878155],[179.1155237484995,-8.581806193882045],[179.11527554888423,-8.581981022719884],[179.11473166548242,-8.582166915198146],[179.11414448401374,-8.582898482847027],[179.1139193218909,-8.583075036428118]],[[179.10328258668937,-8.63044761673628],[179.1034651651867,-8.630142657924265],[179.10327641075597,-8.629332304033278]],[[179.10356828123577,-8.632040367919958],[179.10356387876882,-8.63203618403257],[179.10342464773902,-8.632041155917129],[179.1035639924775,-8.632056710704486],[179.10356828123577,-8.632040367919958]]]}},{"type":"Feature","properties":{"year":2008,"certainty":"good"},"geometry":{"type":"MultiLineString","coordinates":[[[179.1007540118961,-8.604259555015728],[179.10078019097577,-8.603852637493175],[179.1005046921451,-8.603176184407081]],[[179.09970985295593,-8.602909340669363],[179.09990632429967,-8.603993000910025]]]}},{"type":"Feature","properties":{"year":2008,"certainty":"insufficient data"},"geometry":{"type":"MultiLineString","coordinates":[[[179.07974492466766,-8.46066861093509],[179.07892642459186,-8.460412921276875]],[[179.07859121352124,-8.46078614688341],[179.07851474915248,-8.462142495655895],[179.07926187600543,-8.463765651970984],[179.079412762773,-8.464578413969196],[179.07976924615272,-8.46519953604111],[179.08004141022877,-8.465159463921896],[179.08035853042932,-8.464573380181887],[179.08085262912354,-8.464057683294097]],[[179.08119247465413,-8.461585871844711],[179.08095879872403,-8.461315927813208],[179.08056471352893,-8.46116422054476]],[[179.08087225189587,-8.464028268928724],[179.08130708121146,-8.463483577468637],[179.08151527412122,-8.462940092842835],[179.0815327142577,-8.462668812032105],[179.08143015674787,-8.462398170236394]],[[179.06002367701288,-8.491152889182139],[179.06056822035092,-8.491104480906456],[179.06138626129942,-8.491261623591518],[179.0616586056122,-8.49125106178974],[179.06193017381588,-8.49109516846724],[179.06200343164733,-8.490976189418067],[179.06192802439426,-8.490692630711202],[179.06165363540737,-8.490320120114855],[179.06110832551,-8.490224606064647],[179.0597472354543,-8.490395352779638],[179.05953657881096,-8.490718046466208],[179.0595191534066,-8.49098932979886]],[[179.03717726515026,-8.512259982740032],[179.03774370707254,-8.51198581878675],[179.03792571160963,-8.511713670038436],[179.03795934467334,-8.51144229921044],[179.0378778484462,-8.510900337488533],[179.03798996772858,-8.510628555194819],[179.03844632527102,-8.510354967982147],[179.03854508034036,-8.51008325572542],[179.03833007375928,-8.509813299773285],[179.03805765424875,-8.509812949174494],[179.03724296070564,-8.510297026109603],[179.0364706659745,-8.510907712142785],[179.03628721518095,-8.511179867943543],[179.03612696521287,-8.511723096960857],[179.03623735400913,-8.511993713430973],[179.03643576465953,-8.512199752621104],[179.03670881241175,-8.512318543695386],[179.03717726515026,-8.512259982740032]],[[179.07053484230093,-8.598592879337144],[179.07091973205783,-8.598319620460073],[179.0710151771656,-8.598047918860997],[179.07098347586074,-8.597776901399607],[179.0708556835263,-8.597506400904672],[179.07067539380083,-8.597330765503532],[179.06958706676483,-8.59762038184633],[179.06939935559333,-8.597785421512297],[179.06940371303415,-8.59805658638181],[179.0695453829016,-8.598327012928129],[179.0698384310502,-8.598596625285664],[179.0701378342753,-8.598691800699914],[179.07053484230093,-8.598592879337144]],[[179.1006047530458,-8.605751876947078],[179.10069361196219,-8.605726666027264],[179.10076806424954,-8.605479801828755],[179.1007540118961,-8.604259555015728]],[[179.1005046921451,-8.603176184407081],[179.10040315069105,-8.602769964222684],[179.100472932723,-8.60222721701509],[179.1003969278852,-8.6016852657646],[179.10052691422408,-8.600871006799423],[179.10039061128504,-8.600329384626054],[179.10039188196168,-8.600058194555656],[179.10046708417602,-8.599786600940561],[179.1004362830439,-8.598973219654152],[179.10057932794282,-8.598430072669988],[179.100380083725,-8.598278370225767],[179.10008381514422,-8.598432776795965],[179.09995735112912,-8.599247016506707],[179.09964747617144,-8.6000622570894],[179.09954022891347,-8.601147575349836],[179.09970985295593,-8.602909340669363]],[[179.09990632429967,-8.603993000910025],[179.1004025987345,-8.605752981150275],[179.1006047530458,-8.605751876947078]],[[179.09666512764989,-8.615807170946649],[179.0968543680788,-8.614179036691999],[179.0972649785504,-8.613092061450226],[179.0973664380889,-8.612549140673803],[179.09766988653743,-8.611733933945791],[179.09800028909683,-8.611432391189338],[179.09881099032086,-8.610210014921929],[179.09949960938124,-8.609825660005562],[179.10005529741568,-8.609009075161339],[179.10027214214287,-8.608465524373178],[179.1003114016285,-8.60792294378605],[179.10071075213747,-8.607378395940183],[179.10043134859364,-8.60757848467761],[179.10015904048137,-8.607609123821584],[179.09988816161555,-8.607898978937992],[179.09888682117156,-8.609286640067232],[179.09792795780442,-8.610376608116468],[179.0971832206155,-8.611499985444812],[179.09676916491037,-8.61228121665052],[179.09656119120172,-8.612824718641932],[179.09616956884287,-8.614453957284807],[179.0962014584006,-8.615267334249937],[179.0960459166915,-8.615810550326582],[179.0960509340293,-8.617708808543348],[179.09612822922495,-8.61825075392112],[179.0966722648256,-8.620146068599084],[179.09759364520744,-8.622310502551791],[179.09781376761197,-8.623122849438683],[179.09828298426848,-8.623933834089058],[179.09869757522537,-8.624473933307614],[179.0992854789269,-8.625826632694615],[179.09971683015243,-8.626224063793854],[179.10060383755456,-8.627446513887419],[179.10067988508888,-8.627988462961756],[179.10042361163215,-8.628532231886009],[179.10027867759587,-8.629275109098122],[179.09968047634348,-8.630163397952025],[179.0997391855099,-8.63026883804497],[179.1000123021893,-8.630381558459508],[179.1008295549961,-8.63034043181659],[179.1019214728765,-8.630691866653713],[179.10196809088563,-8.630964413832244],[179.10189806404438,-8.631235980185304],[179.10197667311914,-8.63150673177174],[179.10240938666115,-8.63177554186286],[179.10301830477218,-8.63193042148238],[179.10324495558578,-8.632313323930585],[179.10327309886208,-8.632584351804864],[179.10317782204373,-8.63285605674664],[179.10302465266852,-8.633076577252199],[179.10275285242253,-8.63320201810984],[179.1025072216472,-8.63285973496424],[179.1019323559147,-8.632658088918145]],[[179.09970425069895,-8.62394718631007],[179.09951912116313,-8.623655890436238],[179.09942791918218,-8.623251467599873],[179.09901611112988,-8.622573909548146],[179.0985013292103,-8.622034358004374],[179.09800033905918,-8.62122354676208],[179.09713355986543,-8.619329998848698],[179.09661085978559,-8.617705752099104],[179.0965755523812,-8.61635002702536]],[[179.0784398111849,-8.622088052424347],[179.0792566906632,-8.621979490992118],[179.07951911444914,-8.621866477805751],[179.0795001351562,-8.621595394281842],[179.07898019973518,-8.62124797109597],[179.07870773879864,-8.621253372346521],[179.0784359394686,-8.621379814433004],[179.07831510255437,-8.621601811967844],[179.07830414609631,-8.621873057825704]],[[179.07900700699992,-8.626149273442177],[179.07954682664788,-8.625204822610028],[179.0795996165569,-8.624849091043126],[179.0792794622453,-8.624037266921006],[179.07899472358588,-8.623903796222795],[179.0781787831978,-8.62418488684007],[179.07806514139128,-8.624315030829777],[179.07790972407133,-8.62481293436293],[179.07783552703307,-8.625672207022639],[179.0779892547181,-8.626213747588718],[179.07791805512116,-8.626336596191],[179.07737509086414,-8.626706889776273],[179.076962165976,-8.62730405575793],[179.07690120702674,-8.627575572486657],[179.0770344592939,-8.627846037707982],[179.07738228565557,-8.628022803799416],[179.077927836264,-8.628125108311224],[179.07826996383312,-8.628110532503321],[179.07847230360002,-8.628029384598857],[179.07860574306193,-8.627837526718332],[179.07876167470351,-8.627023122569547]],[[179.10168384257784,-8.63286424956335],[179.1013917342622,-8.633447334794997],[179.10111936195446,-8.633469594632244],[179.1008458551414,-8.633286834908276],[179.1005732734649,-8.633271253097135],[179.10030122806234,-8.633352619765105],[179.0999337330394,-8.633145022378088],[179.0997896612486,-8.632603445837363],[179.09963925047424,-8.63233308671619],[179.09920427296342,-8.632091450939734],[179.09893332041878,-8.632370483078933],[179.0987595705376,-8.63288026910114],[179.09843315201724,-8.633424421999326],[179.09758128228626,-8.634259848636155],[179.09703855988752,-8.634670984173022],[179.09595117206854,-8.635142041776131],[179.0951361087136,-8.635582237575221],[179.09463979597498,-8.635885820360008],[179.09438595029232,-8.63615839134369],[179.0945949309713,-8.636274184333782],[179.094867064389,-8.636208016631148],[179.09677028133387,-8.635434716726166],[179.0973136592752,-8.635141999420343],[179.09867406092167,-8.634764929546686],[179.09949077273134,-8.63462414596736],[179.10003464414143,-8.634421362276388],[179.10112455315982,-8.634407591777693],[179.10166885319413,-8.634282540992979],[179.10329907762932,-8.633424984891288],[179.10356943776972,-8.633039634939925],[179.10373642053327,-8.632310627597713],[179.10373115913944,-8.632039474279697],[179.1033428522839,-8.631499240122805],[179.10329317268074,-8.631228330363514],[179.10328558420866,-8.630686007434528],[179.10350900594923,-8.630142417458913],[179.1032730649161,-8.629058982349875],[179.1031348118386,-8.628788558143377],[179.1023021879579,-8.627708392804102],[179.1020636110696,-8.627167335175308],[179.10135327512796,-8.626495752282834],[179.10104787064265,-8.625816985982167],[179.10052815621003,-8.625112256900373],[179.10017293927424,-8.624465861725112]],[[179.07541621361713,-8.634634468822892],[179.0752368404491,-8.634340339127535],[179.07494814568784,-8.63409462898679],[179.07485578456894,-8.633823941957978],[179.0749610129528,-8.633731605976745],[179.07550543617785,-8.633626084534097],[179.07577720296976,-8.63349199588872],[179.07606430297292,-8.633275025439247],[179.07622830360043,-8.633002950548711],[179.0761973934865,-8.632731931192914],[179.07576889617437,-8.631972482236177],[179.07549626753092,-8.631948708136175],[179.07497413839744,-8.63219617964939],[179.07479163290304,-8.632468354278636],[179.07453410250764,-8.633012121868425],[179.07434183131596,-8.633826723377297],[179.07403112520595,-8.634099591620924],[179.07387445454688,-8.634361762874416],[179.07373053954083,-8.63491477923215],[179.07339490209426,-8.635458969321597],[179.07296590810014,-8.637088413241678],[179.07276856271096,-8.638445417014076],[179.0728039856245,-8.638987599856076],[179.07303011951797,-8.639799937923206],[179.0735737458174,-8.640881744153267],[179.07391191638735,-8.641216577905404],[179.07445853983086,-8.641511385113962],[179.07473099823815,-8.641502731177612],[179.07500235379067,-8.641292479445164]],[[179.07488210083926,-8.63789160348006],[179.07465731120794,-8.637079259812277],[179.07460854526647,-8.636537149897102],[179.07471003281117,-8.636265413529856],[179.07509180189388,-8.635720972810924],[179.07532234652504,-8.63517735078854]],[[179.09323701449634,-8.637104108040663],[179.09403343655904,-8.636431501390646],[179.09377788777672,-8.636356290489204],[179.09350562716114,-8.636399483516719],[179.09235768103963,-8.637254206393521]],[[179.09214861755464,-8.637394574318714],[179.09176224507823,-8.637528641297683],[179.0915043845639,-8.63780123300204]],[[179.076475436921,-8.640052465253223],[179.07651236063214,-8.639509891879065],[179.07635213374007,-8.638963417349286],[179.0760785115096,-8.638758977438457],[179.07580553910665,-8.638673272163285],[179.07553149117732,-8.63839092226678],[179.0752581382012,-8.638235570834148]],[[179.08970701638253,-8.63937372062027],[179.08999864309737,-8.639165370954801],[179.08997697656102,-8.638912331450868],[179.08970507695457,-8.63902158773318]],[[179.0883469002008,-8.63980844039362],[179.0879206029025,-8.639990255821015],[179.0857263031072,-8.641629319741574]],[[179.08617895792503,-8.642004484355775],[179.08645074304974,-8.641873772610863],[179.08699257908307,-8.641297270686419]],[[179.08563242859103,-8.641727888970879],[179.08481738740986,-8.642177483839339],[179.08346035645542,-8.643177266956668],[179.08289111748974,-8.643271861796183],[179.08253969529343,-8.64354495867339]],[[179.0795758452115,-8.64274750783038],[179.07991659496884,-8.642960912938944],[179.08020862902515,-8.64301525710408],[179.08073803203112,-8.643675293547037],[179.08090702015238,-8.64328264861258],[179.08093535542235,-8.642468937100217],[179.08073017603687,-8.642243394567943],[179.08018583234642,-8.642364991033403],[179.07991318470798,-8.642339062729151]],[[179.08264581869835,-8.643719688264536],[179.0829186803202,-8.643784437754894],[179.08319072893082,-8.643701180950867],[179.08400521090778,-8.643148806430627],[179.08509346277498,-8.642827012749418],[179.08586206006652,-8.642170950518736]]]}},{"type":"Feature","properties":{"year":2008,"certainty":"insufficient data"},"geometry":{"type":"MultiLineString","coordinates":[[[179.12286318697622,-8.42610238150925],[179.12177145320433,-8.425670408198602],[179.12095459171644,-8.425701977453201],[179.12073515690236,-8.425848559016366],[179.1206800484125,-8.426120038584475],[179.1208200560318,-8.426661645687819],[179.12077923938685,-8.426933048042425],[179.12048401345237,-8.427477006941922],[179.12014932888133,-8.427862424182363],[179.1193340886533,-8.428192637310396]],[[179.117720311483,-8.427763112732682],[179.1176939866141,-8.427086313940906],[179.11741964492674,-8.426719593084062],[179.11714638773637,-8.426552104964868],[179.11687387396407,-8.426521239780339],[179.1157851265528,-8.426638292887423],[179.1155135562092,-8.426780996836207],[179.11534403676455,-8.426962380910316],[179.11521931766356,-8.427234235845477],[179.11524420024793,-8.427331089941266],[179.11530667915451,-8.427504947690785],[179.11551816451936,-8.427628600626932],[179.11633699130348,-8.427957014873838],[179.11742731899574,-8.42812976995837]],[[179.1235461093451,-8.428273993409404],[179.12351132517475,-8.427189456353132]],[[179.11929731955172,-8.428568145384157],[179.1198810601175,-8.428610761058446],[179.120697353027,-8.428473657743954],[179.1212421558493,-8.428493783049571],[179.12205863866208,-8.428391754035303],[179.12314940974903,-8.428645767569343]],[[179.16739847262323,-8.435084748961367],[179.16763287009326,-8.434812279479214],[179.16766301297082,-8.433998591734227],[179.16757591108836,-8.433456725758202],[179.16801529980847,-8.433183123244357],[179.1679816480536,-8.432912135613588],[179.16729102244747,-8.43261604151256],[179.167017666219,-8.432433965789292],[179.16671523065384,-8.432105612591256],[179.1664704758804,-8.431983912600995],[179.1659252861689,-8.43189284890998],[179.16538324607,-8.432367393073962],[179.16528895754135,-8.432655837287072],[179.1653864273188,-8.432938655367874],[179.16591001047152,-8.433194756062555],[179.16591179945306,-8.43346592019913],[179.1656733918384,-8.433738410909966],[179.16555231728861,-8.434010253607369],[179.1656196297593,-8.434281055929937],[179.1664869362063,-8.434937940450972],[179.1667599746333,-8.435062658876546],[179.16703287003588,-8.435161696679337],[179.16739847262323,-8.435084748961367]],[[179.17294555216074,-8.440748674087464],[179.1724985288294,-8.439666461658156],[179.17229069627908,-8.438854095245363],[179.17191455782068,-8.438042661139738],[179.1717542013241,-8.437501203771792],[179.17162001080746,-8.437230774247633],[179.17140062974548,-8.437000436183052],[179.17112802052281,-8.436952942652713],[179.17058542392968,-8.437327375170916],[179.17031331032948,-8.437368679702004],[179.16949438091547,-8.43702900215045],[179.16910579083225,-8.436973521503512],[179.16894736803698,-8.437245571536453],[179.17004671804764,-8.438398719801663],[179.17059427684288,-8.438912249374109],[179.17128989003746,-8.439401987207203],[179.17278414033032,-8.440897353487891],[179.17294555216074,-8.440748674087464]],[[179.17455331932476,-8.443180306534412],[179.17442864112263,-8.442759257008724],[179.1741551726178,-8.442558996108229],[179.17400588706343,-8.442641000086004],[179.17393222401668,-8.442912581393857],[179.17399916722508,-8.443183382390837],[179.17415986654447,-8.443397446266113],[179.1744323312338,-8.44341830957058],[179.17455331932476,-8.443180306534412]],[[179.18127115230487,-8.45263394799355],[179.1804712436205,-8.451282549868415],[179.1800619558657,-8.45074248731263],[179.17984241687807,-8.450201367314692],[179.17972254266184,-8.449659692045552],[179.17918602105595,-8.448577993227513],[179.1785421642592,-8.447805901856617],[179.17826843878302,-8.447560856156992],[179.17799571145213,-8.447493634249184],[179.17786829816404,-8.447771810872633],[179.1779235830905,-8.448042675104288],[179.17882364129926,-8.44943158407616],[179.17953817453704,-8.450203061606441],[179.17985738169546,-8.450743626775134],[179.18012715242088,-8.45155563819185],[179.18041912082387,-8.45209635414146],[179.1807518784188,-8.453306184579253],[179.1810274356152,-8.453875878462807],[179.18147910741862,-8.454530986281164],[179.1821283317548,-8.455916116363753],[179.18258005463017,-8.456694212541437],[179.1833996216998,-8.458587833056155],[179.18358142783083,-8.458857988512163],[179.18401355709088,-8.460211427962328],[179.18437782646336,-8.461022904343913],[179.18454747596246,-8.461835467711154],[179.18510597841868,-8.463730538385235],[179.18563225028646,-8.46481227637033],[179.18668793416435,-8.468060410341664],[179.18765336292665,-8.469718479577146],[179.18820150234507,-8.470321957254479],[179.18847663193168,-8.470811034300462],[179.18875083215562,-8.471135627629263],[179.18902428802235,-8.471328528720706],[179.18917631422264,-8.471300506520608],[179.18916720976776,-8.471029388027741],[179.18906206938496,-8.470758807923234],[179.18866677103395,-8.47021868452165],[179.18778166697152,-8.468596625456655],[179.18707036216844,-8.46697358944176],[179.18666251583969,-8.465620022404968],[179.18607562825522,-8.463182775134134],[179.18570577468907,-8.462447022594548],[179.1849836236655,-8.460477178013564],[179.1841773553849,-8.458583489614547]],[[179.18389192470698,-8.458042742633436],[179.18290112270446,-8.456150079103237],[179.18239467983452,-8.45484872903342],[179.18176636768916,-8.453715871262741],[179.18156128941928,-8.45317467267509]],[[179.19548781044955,-8.50109357728461],[179.19553501353272,-8.500822142883553],[179.19532428818823,-8.499196323002506],[179.19505635566588,-8.498384329610342],[179.194894490015,-8.497571737704583],[179.19457408942378,-8.496760039215413],[179.19442140363887,-8.495405058227083],[179.19414594876693,-8.494593105335554],[179.1938275892928,-8.493239056696723],[179.19341135555666,-8.492156726836775],[179.19327022162423,-8.491344015794068],[179.19306684913192,-8.490802823500355],[179.1929422961535,-8.489822994530877],[179.19278356529833,-8.489177405951942],[179.19278008765377,-8.487821582003601],[179.19257343096945,-8.487009238458604],[179.19253041672985,-8.485382467786131],[179.1927120057552,-8.48402560261978],[179.19269579154795,-8.48294101869615],[179.1928005655626,-8.4815845856459],[179.19270399040835,-8.479958115787435],[179.19248904356476,-8.479688155154625],[179.19243431824566,-8.479417293869343],[179.19255980227123,-8.479145419743396],[179.19254872074825,-8.478603144310092],[179.192249059816,-8.477520152623033],[179.19218122405144,-8.476978195875047],[179.1915017711546,-8.474812659881248],[179.19100973203427,-8.473730745608318],[179.19066882368895,-8.473156335064745],[179.19012011318466,-8.472453389137009],[179.19006216784408,-8.472651385666193],[179.19011556368022,-8.472922255474755],[179.19054120209645,-8.47400454443567],[179.19085593765524,-8.475087454850298],[179.19116125103676,-8.476441586556343],[179.1913201612083,-8.477525370607045],[179.19167775141042,-8.478608038223701],[179.19161819507494,-8.479150710835922],[179.19175046407375,-8.479692305706768],[179.1918760345169,-8.482945627501493],[179.19174421797277,-8.485929226691917],[179.19198812866415,-8.487012530645199],[179.1921175084398,-8.488474244061226],[179.19257909926307,-8.490534400133782],[179.1926784974549,-8.491333755989368],[179.19307118735426,-8.492700979380402],[179.1932380495281,-8.493937997451443],[179.19365976067547,-8.495138181375859],[179.1937803392449,-8.49567983896844],[179.1939577786049,-8.495950007612135],[179.1940715739345,-8.496819850477149],[179.19416440422157,-8.497033516728598],[179.1942714027841,-8.498117587008359],[179.19455087124396,-8.49865834809287],[179.19462466160093,-8.499471436819055],[179.19490982117927,-8.500528549326113],[179.19518553153864,-8.501112861242428],[179.19545839840148,-8.501197520909944],[179.19548781044955,-8.50109357728461]],[[179.19573428111764,-8.501811844015103],[179.1954624224034,-8.501904347308313],[179.19538529797208,-8.502178828026686],[179.19574087162255,-8.502969221041734],[179.19601131537723,-8.502628174239847],[179.19601339876687,-8.502175283459419]],[[179.20140582344825,-8.515160824579013],[179.20117486803747,-8.514890966267822],[179.20115534002474,-8.514348743044673],[179.20062409421521,-8.513267084165484],[179.2003331884948,-8.512184063108704],[179.19965988056276,-8.510832038440725],[179.1993248251419,-8.510493466795333],[179.19905248162092,-8.510501763092753],[179.19852145091775,-8.510296144362679],[179.198776995082,-8.509959395511894],[179.1988132737399,-8.509752158970807],[179.1984949374577,-8.508265236636344],[179.19821854660594,-8.50756379584258],[179.19779659751305,-8.506775064645096],[179.19766512659803,-8.506048290817832],[179.1969367738037,-8.504610580940923],[179.1968891515011,-8.50406851431466],[179.1965609449757,-8.503480907839469],[179.19612540617683,-8.503259323065286],[179.19601392444773,-8.503086277441938],[179.19592522436466,-8.503260453060712],[179.19596357046606,-8.503802572550525],[179.19629752216926,-8.50505427800115],[179.19661446585982,-8.505697072569852],[179.19712719889372,-8.507249584959656],[179.19795436434805,-8.509002539969973],[179.19822888427603,-8.509375852529267],[179.1983924268378,-8.509483371666626],[179.198472460675,-8.509754086530261],[179.19845743642085,-8.511652343639247],[179.198635112137,-8.512193673380088],[179.1987161490542,-8.512735549685276],[179.1991484232454,-8.513817772879847],[179.1991622112392,-8.514088862130885],[179.19907542870394,-8.514520606667224],[179.19857296895196,-8.515990368377786],[179.19857642138564,-8.516532683562623],[179.19799930293132,-8.516876365295959],[179.19780161971187,-8.517079403124649],[179.19776807539924,-8.517621927908872],[179.19763876609574,-8.51789382710352],[179.19665147906628,-8.519356446931283],[179.1961103836896,-8.520004755771568]],[[179.19235509445429,-8.529855096206294],[179.1931652680706,-8.528994857963438],[179.1934368950163,-8.528858502904816],[179.19452171606062,-8.528018014866511],[179.1951280226556,-8.527670069792766],[179.19560680436732,-8.527225208731155],[179.19614958797558,-8.526871043532898],[179.19696244019525,-8.526108578772668],[179.19799959560015,-8.52548447236851],[179.19932407526755,-8.52439229941114],[179.19967434029394,-8.523989527002529],[179.20048903001623,-8.523550607535539],[179.20120450534583,-8.523025804460861],[179.20157382252654,-8.522710799148658],[179.20217967289497,-8.521935606497921],[179.20249324840177,-8.521391494313592],[179.20251046618728,-8.520849063401547],[179.20265260451046,-8.52082203989823],[179.20287901643252,-8.520304639365108],[179.20293835989298,-8.51949080300974],[179.20269959091553,-8.518136324450662],[179.20231101146246,-8.517325028061581],[179.20172783370384,-8.515701333456311]],[[179.19603802104666,-8.520072223694653],[179.1956359062194,-8.520888001207316],[179.1949626019867,-8.521976480018477],[179.19436689703076,-8.523878023900844],[179.1936875952025,-8.525054489080086]],[[179.1934241385673,-8.525510361938968],[179.19278798310518,-8.526327462038777],[179.19098736721045,-8.529230149067608],[179.19071673319297,-8.5295409803395]],[[179.19066479887292,-8.52959347833603],[179.19017569331157,-8.530202900578423],[179.18854809281157,-8.531403801160797],[179.18800650751066,-8.531971046769721],[179.18692125101498,-8.532739917857572],[179.1861085924245,-8.533542721630281],[179.1855659842796,-8.533931358457034]],[[179.19075516949997,-8.530948810719925],[179.19181063236118,-8.53029078729042],[179.19235297263756,-8.529857421000294]],[[179.1855397904124,-8.533961101587394],[179.18482851181037,-8.534778619427701],[179.18231347356394,-8.536819816277635],[179.18149926962673,-8.537353867590296],[179.1795983228285,-8.53840130813181],[179.1785101255331,-8.538658546440747],[179.1771476026949,-8.538579228132635],[179.17551532952,-8.538970259895013],[179.17497150613966,-8.539148046981785],[179.17415686456718,-8.539608034806571],[179.17298425477367,-8.539997455118318],[179.17263972315908,-8.540270559018625],[179.172799904255,-8.540512590283925],[179.1730723135526,-8.540511268285364],[179.17388882565575,-8.540380962230333],[179.1749757396821,-8.539895302907274],[179.17552023163034,-8.539835319278827],[179.17606412150926,-8.539669184229902],[179.1774248332635,-8.53942837353092],[179.17878636053211,-8.539331763447281],[179.18177675882586,-8.538247242927742],[179.1844885629092,-8.536079804620634],[179.18611674177393,-8.534974709967512],[179.19072495305966,-8.530983004178612]],[[179.15814188412736,-8.549855438805354],[179.15896068883805,-8.550126621746143],[179.16043737582936,-8.549287530648053],[179.16221827781305,-8.548083543505111],[179.16303334458755,-8.547692564829049],[179.16466163723604,-8.54658546022937],[179.16499011905975,-8.546279187530894],[179.16521795600164,-8.546006740536443],[179.1653369421487,-8.545734902284757],[179.16529840687517,-8.545463945017369],[179.16519925100928,-8.545304304311223],[179.16492686166356,-8.545310012104224],[179.16465273031417,-8.545738728375488],[179.16438595001034,-8.546006864161518],[179.1638431124529,-8.546362638006899],[179.16220983608423,-8.547108245645449],[179.16112741773782,-8.547877049578329],[179.15950023343132,-8.549184238771062],[179.1583196182563,-8.549570521038868],[179.15814174170916,-8.549830135593337]],[[179.14430030732657,-8.559186313939584],[179.14511626754054,-8.558946226629836],[179.145933478917,-8.558929710292425],[179.14647665875333,-8.558628283671224],[179.14702064478635,-8.558470864704443],[179.14837767946557,-8.557555286236427],[179.14946258596342,-8.55669518185702],[179.1503780950881,-8.555851761567615],[179.15038861916284,-8.555038177364327],[179.15026940120285,-8.55482742191826],[179.14999680687373,-8.554798294761314],[179.1497258262815,-8.555056828905636],[179.1494557597253,-8.555478373623655],[179.14918432710823,-8.555656465476941],[179.14864041217643,-8.555825609801468],[179.14701007263136,-8.556584505067676],[179.14592330647764,-8.557113856991913],[179.14510890398552,-8.557631320579684],[179.14456439298522,-8.557695025784087],[179.14375005467554,-8.558224597270451],[179.14293421494085,-8.558486243298868],[179.14157637515598,-8.559261490123411],[179.1410215490183,-8.559700151167732],[179.14089572091385,-8.560243201663663],[179.14076547802216,-8.560408182821948],[179.1404945026015,-8.560669583863868],[179.1399512869404,-8.560966257496466],[179.1391373980417,-8.561578886863172],[179.13896912589473,-8.561880930468456],[179.13914004637218,-8.562052921377356],[179.13941185198928,-8.561939759725947],[179.140006033558,-8.561332836148214],[179.14049623623535,-8.560979733027507],[179.14158293025065,-8.560433745912476],[179.1429424830461,-8.559964009658385]],[[179.13615358736473,-8.563909853554119],[179.1357368118531,-8.564068228249955],[179.1350668697956,-8.564455224892557],[179.13425096035314,-8.564708429571976],[179.1331615099615,-8.564764533834309],[179.13180075641597,-8.565025148872154],[179.13071291393777,-8.565370606730147],[179.1301702295475,-8.565765732941902]],[[179.1318061207689,-8.565988219828164],[179.13316702652227,-8.565754327512149],[179.13398420847776,-8.565728744393246],[179.13561630478137,-8.565271480418973],[179.13615983642268,-8.565029606189679],[179.13665822937804,-8.564605488661009],[179.1368407382073,-8.564333301820012],[179.1366988534067,-8.564062909078508]],[[179.1298497714077,-8.566270154648299],[179.1301736456709,-8.566379464100486],[179.13044595000912,-8.56635463974912],[179.13126207705176,-8.56613912340171]],[[179.11438854618717,-8.583710687432498],[179.11528397292363,-8.583502121533371],[179.11622066413392,-8.583158273155895],[179.11656953135017,-8.582885177406544],[179.11691290697993,-8.582454051124152],[179.11718485438544,-8.582362246935288],[179.11745550753082,-8.582036997928743],[179.11767237410996,-8.581523219146375],[179.1175711035674,-8.581252594811351],[179.1171206384843,-8.580983887672032],[179.1171688942688,-8.580712442184504],[179.11744818018656,-8.580715070357545],[179.1177214149992,-8.580855760422695],[179.11781276056158,-8.580708906805565],[179.11799802462468,-8.580165528502844],[179.11854134438497,-8.579077822933545],[179.1189990216288,-8.577719407444427],[179.11933500870632,-8.577045012207824],[179.11938086936036,-8.576903769116],[179.11933235337054,-8.576566129356626],[179.11905898065564,-8.576399998169352],[179.118787508763,-8.576576742368589],[179.11851856180093,-8.577209067380082],[179.11803528089084,-8.577724699988046],[179.1179419003439,-8.577996393138081],[179.1178523087734,-8.578810426430945],[179.11744177009555,-8.57955845126056],[179.11711391103142,-8.580441563470362],[179.1155468635274,-8.581774899877612],[179.11527519920423,-8.581917876200455],[179.11473069284307,-8.581991229793182],[179.1144589988216,-8.582128945547927],[179.11422357363566,-8.5823556870871],[179.11411777709228,-8.582898629294274],[179.11391975265718,-8.583152865024001],[179.11324379066497,-8.583445783150783],[179.11330343008265,-8.583716637404807],[179.11337820813384,-8.583761899707355],[179.1136509022635,-8.583804600682006],[179.11438854618717,-8.583710687432498]],[[179.10328277705256,-8.630481992076556],[179.1035013423526,-8.630142459493888],[179.10348025154295,-8.62987139292118],[179.10327642717962,-8.629335270180771]],[[179.10329889401802,-8.633391840527693],[179.10352512912308,-8.633125333531192],[179.10364657891424,-8.632853484936815],[179.10373642053327,-8.632310627597713],[179.10373115913944,-8.632039474279697],[179.10356241278018,-8.631771539382814],[179.10328859974788,-8.631533372073527]]]}},{"type":"Feature","properties":{"year":2009,"certainty":"insufficient data"},"geometry":{"type":"MultiLineString","coordinates":[[[179.07974492910355,-8.460669437542105],[179.07892633200444,-8.460395660744876],[179.0786541179136,-8.460425860940486],[179.07857144883587,-8.460515063520868],[179.07851644971203,-8.460786544381149],[179.07866592437455,-8.462412880173384],[179.0792970548148,-8.463765464806054],[179.0794934841749,-8.464569436512496],[179.0797694586858,-8.46523911841117],[179.0800418290805,-8.465237461248941],[179.08067965873852,-8.464300482424159],[179.08122133678452,-8.463755222056154],[179.08138838940545,-8.463483144460774],[179.08157598764038,-8.46293976950157],[179.0815831940808,-8.462668543199085],[179.08138245345884,-8.462127236294073]],[[179.08121140088036,-8.461585771081841],[179.08101733551965,-8.461315616206118],[179.08056456449023,-8.461136460509039]],[[179.07422840988627,-8.46894499216467],[179.0740691410823,-8.468909518819832],[179.07403090225682,-8.46894604099963],[179.07406959540248,-8.46899432663464],[179.07422840988627,-8.46894499216467]],[[179.06002405451713,-8.491223650089102],[179.0605684913179,-8.49115525896664],[179.06111400502635,-8.491288690174574],[179.06167281621515,-8.49124912995823],[179.06193024072994,-8.49110769963195],[179.06201254490648,-8.490976141185097],[179.06192700395928,-8.490501519525038],[179.06165327844047,-8.490253254536851],[179.06110809496764,-8.490181409949034],[179.0605638135769,-8.490278626018302],[179.0600189349505,-8.490263965914108],[179.05960729603265,-8.490446481431524],[179.0594763130476,-8.490672490551093]],[[179.03791012654423,-8.511984946241117],[179.03807905968708,-8.511441671518224],[179.03798087747313,-8.510899797341823],[179.03805731147267,-8.510628202128691],[179.03843878506396,-8.510355007520436],[179.0386066911569,-8.510082932648052],[179.03848260765452,-8.509812388893758],[179.0383295156551,-8.50970780634532],[179.0380570024035,-8.509689720085195],[179.0373615040656,-8.51008946031713],[179.0363652561496,-8.51090826436152],[179.0359570807767,-8.511452792058146],[179.03597410898894,-8.511723897670585],[179.0360892891255,-8.511994489109048],[179.0364361497199,-8.512272583369375],[179.0367088512098,-8.512325880942992],[179.03725341905727,-8.512274565219263],[179.03779734280909,-8.512101565599977]],[[179.07084652740545,-8.598320014343278],[179.0710111822578,-8.598047940356595],[179.07067613788794,-8.597467781871282],[179.07040356523936,-8.597449759323784],[179.06985930654153,-8.597577045988444],[179.06958730810803,-8.597664844951145],[179.06948555979312,-8.597784958034941],[179.06950393595656,-8.598056047513271],[179.06959011170477,-8.598181339316056],[179.06986404400234,-8.598449683159288],[179.0701371396573,-8.598563878865148],[179.07084652740545,-8.598320014343278]],[[179.10079084657073,-8.60547967737509],[179.1007533496016,-8.604395150144986],[179.10080537353946,-8.603852499951973],[179.10077798971056,-8.60358146648885],[179.10052935294974,-8.603040458205601],[179.10045987609195,-8.601413738993529],[179.1005372882494,-8.600599767061542],[179.10036964453195,-8.60005831593547],[179.10048396727396,-8.599515325659677],[179.10048900012785,-8.598701748794868],[179.100380819946,-8.59841200420349],[179.10010820321904,-8.598385461731382],[179.099889325376,-8.599247387700625],[179.09965908847488,-8.59979101046735],[179.0995341049463,-8.600876425499738],[179.09955185596334,-8.601961061676702],[179.09975774388948,-8.603315854067226],[179.1002086387306,-8.604940491188106],[179.1002813568168,-8.605482460257656],[179.10042091719893,-8.60568693939337],[179.10069359140408,-8.605722938264536],[179.10079084657073,-8.60547967737509]],[[179.09970368927188,-8.62384555361575],[179.09936250174917,-8.62311438116336],[179.09900325999917,-8.622573979826267],[179.09860437342232,-8.622150075732197],[179.09801201475452,-8.621223482952225],[179.09772089363068,-8.620682707223503],[179.0975705596676,-8.620141161918049],[179.0971449137483,-8.619329936836483],[179.09655569294085,-8.617706053272391],[179.0966747173179,-8.617163036382077],[179.0966032047643,-8.616078692513723],[179.0967689057064,-8.615264237370676],[179.0968163593169,-8.614450427695253],[179.09702508661272,-8.61390692136942],[179.0975257600489,-8.612005904100565],[179.09881125325023,-8.610257708876814],[179.09908257899414,-8.610048498944781],[179.09935485749378,-8.610012132585888],[179.09960891131402,-8.609825062975064],[179.0998120940958,-8.609281586830285],[179.1000142193108,-8.6090092995695],[179.10028922866914,-8.607923064916614],[179.10043161671547,-8.607627098041943],[179.1001591053702,-8.607620890373013],[179.09988803253498,-8.607875569965898],[179.09871438046537,-8.609287581579725],[179.09770838194808,-8.610648990024906],[179.0969137090314,-8.612038909141162],[179.09624590935792,-8.614182357091169],[179.09616587726748,-8.615267528408285],[179.096045812977,-8.61581055089253],[179.0961766225106,-8.616352204362615],[179.09601753738644,-8.616895439852271],[179.0960963229845,-8.617979744446544],[179.0963176562584,-8.618520903485736],[179.09640822881738,-8.619204379866742],[179.09660147673367,-8.61987527164457],[179.09710962889653,-8.62122841361302],[179.09751467814587,-8.62203975073468],[179.09772896905068,-8.6228521296248],[179.09785858947268,-8.623122604446403],[179.09812458332303,-8.623392333671848],[179.09837523315227,-8.623933329700359],[179.09879978787174,-8.624473374294332],[179.0993096486254,-8.62555531744853],[179.09995522002941,-8.626365333504156],[179.10059324528652,-8.627446571888292],[179.1006674853123,-8.627988530866705],[179.10046329513276,-8.628532014577667],[179.10037358305465,-8.62907487141633],[179.10000865735708,-8.629722324676326],[179.09985364080637,-8.630162449828909],[179.10001175011735,-8.630281709629392],[179.10110216932605,-8.630362308564871],[179.10190514642588,-8.630693576349461],[179.10195668421676,-8.630964476357883],[179.1019025346055,-8.631235955679909],[179.1020165909387,-8.63150651294538],[179.10247278682098,-8.631834758589932],[179.10301806947925,-8.631887934707974],[179.1033690556179,-8.632312643137803],[179.10335534467748,-8.632583900602286],[179.10302481486767,-8.633105861334906],[179.10275355579296,-8.63332902125018],[179.1025319555872,-8.632859599320348],[179.10220434207628,-8.632566218014219],[179.10193149078572,-8.632501804376194],[179.10178281012742,-8.63259252451057],[179.10168507820873,-8.632864242789694],[179.10166437177853,-8.633472999766312],[179.10139302999661,-8.63368144075737],[179.10084706344864,-8.633505206134213],[179.10030176981633,-8.633450553570832],[179.10002855942386,-8.633321336642128],[179.0999074357483,-8.633145166421766],[179.09965966998914,-8.632332974892739],[179.09947734086438,-8.632195100173927],[179.09920465131862,-8.632159892912407],[179.0989340392197,-8.63250052150165],[179.09862965482336,-8.633152163307193],[179.09758117026482,-8.634239574063878],[179.0970383051098,-8.63462486260091],[179.09595035224783,-8.634993562557938],[179.0954076046368,-8.635400705756144],[179.0948677657678,-8.635613390723544],[179.09432119143582,-8.63604930224409],[179.09377700049285,-8.6361617187149],[179.09350513882646,-8.636310950337917],[179.09257292250675,-8.636981847067227],[179.09214854036688,-8.63738057309392],[179.0918765616089,-8.637475110620969],[179.09153830902594,-8.637801047827638]],[[179.0789483967833,-8.626208551644233],[179.07917462684412,-8.625664953054963],[179.0795195338149,-8.62512071133392],[179.07956580268356,-8.624849274292675],[179.07949811564384,-8.624578454798868],[179.07931505119365,-8.62430826043793],[179.0789956340129,-8.624070248232824],[179.07872314053742,-8.624070068118549],[179.07817888748636,-8.62420396078967],[179.0780569908749,-8.624315074965363],[179.07788257673965,-8.624858392535232],[179.07787903435263,-8.625671971414837],[179.07795016660324,-8.625942772745033],[179.0781903150546,-8.626293751128141],[179.0784632673264,-8.626377502297482],[179.07873551173668,-8.62633184220082],[179.0789483967833,-8.626208551644233]],[[179.0918787849216,-8.637878439802273],[179.09242165578516,-8.637492221301391],[179.09323692936317,-8.637088673092768],[179.0945948959134,-8.636267831710532],[179.0959540100064,-8.635656005386583],[179.0964981315923,-8.635497716414203],[179.09731336789704,-8.635089262016661],[179.0997621288859,-8.634417957348177],[179.10165533617496,-8.634220318418299],[179.102152488789,-8.633946409929408],[179.1024826313699,-8.63361267279093],[179.10302754034404,-8.633597914383104],[179.103299124595,-8.63343346281994],[179.10356979186204,-8.633103547762701],[179.10380179622322,-8.632310268878445],[179.10377175138564,-8.63203925155692],[179.1034671357369,-8.63149855835434],[179.1032889208982,-8.630685989133502],[179.10347238187077,-8.630142618341303],[179.10348104215407,-8.629871388584844],[179.10317160869508,-8.629330721013485],[179.10304216160523,-8.628789066153669],[179.10289918195755,-8.628518667712166],[179.10245192657965,-8.628066165950997],[179.10196328444187,-8.62716788489444],[179.10138602308174,-8.626628682083547],[179.100961444071,-8.625546276510649],[179.1005443688273,-8.625006194394443],[179.10030832241176,-8.62446512077226],[179.10002587775028,-8.624195483638283]],[[179.07833936731896,-8.62811015647446],[179.07861141694798,-8.627837495973598],[179.07860672350208,-8.627295148570434],[179.07846647353472,-8.626963653034402],[179.07819298348122,-8.626781657824647],[179.0779201021008,-8.626710924583785],[179.07732159499534,-8.627030922999793],[179.0771040685795,-8.627303287468463],[179.07704815031562,-8.627574776904035],[179.07719554128775,-8.627845165489894],[179.0779277438102,-8.628108204654428],[179.0782004964122,-8.628155200855588],[179.07833936731896,-8.62811015647446]],[[179.075475474131,-8.634634147955829],[179.0752364400427,-8.634267089708613],[179.07493510826765,-8.63409469955668],[179.0748121332569,-8.633824178217518],[179.07512807325978,-8.633551281186465],[179.07550493482248,-8.633534371822892],[179.0757769050429,-8.633437502660076],[179.07600542086809,-8.633275344299314],[179.07617362808134,-8.633003246643822],[179.0761510677729,-8.632732182058817],[179.07576889617437,-8.631972482236177],[179.07549626753092,-8.631948708136175],[179.07503425314675,-8.632195854315453],[179.07482229157208,-8.632468188368248],[179.07425366380537,-8.633827200454231],[179.07402090703485,-8.634099646906186],[179.0737039605366,-8.634914923029177],[179.0733788774815,-8.635459056009008],[179.07296815930414,-8.637088401063714],[179.07268380073398,-8.638717062812795],[179.07302841084214,-8.640071134355482],[179.07324403434404,-8.640341154594351],[179.07348184986125,-8.640882241613856],[179.07391210391643,-8.6412508780112],[179.07445839813968,-8.641485476652367],[179.07473089958742,-8.641484695094714],[179.07500165954312,-8.64116556442143],[179.07527051071645,-8.64049759268717],[179.07554244994873,-8.64039420494334],[179.0758152485465,-8.64044790578111]],[[179.07661420111202,-8.640322899648714],[179.07650910976517,-8.64005228272809],[179.07648656416683,-8.639238845078975],[179.07635239125804,-8.63901047582809],[179.07608621839114,-8.638698641369889],[179.07580511786435,-8.638596271432695],[179.0749838250497,-8.637904586469176],[179.07486990173902,-8.637620482628918],[179.07463769824295,-8.636536992076739],[179.07468775071237,-8.636265534155283],[179.07506061581705,-8.635721141658966],[179.0753210443682,-8.635177357839096]],[[179.091334170046,-8.637948429027452],[179.09096825808209,-8.638075343257126],[179.0908560952692,-8.638347139589259],[179.09106419006338,-8.638405809997101],[179.09133573793133,-8.638232917747004]],[[179.0833623385195,-8.64354048386598],[179.08346131220992,-8.6433512363066],[179.08400592629158,-8.64327898947513],[179.08454889727028,-8.642907879303715],[179.08509288501153,-8.642721922841673],[179.08536396988308,-8.642463670341991],[179.08645008573575,-8.641754277540002],[179.08699221298193,-8.641230729061865],[179.08943599953753,-8.639643346342838],[179.08985891501368,-8.639166133186613],[179.08970540760126,-8.639081622766241],[179.08943312839313,-8.639121989586924],[179.08889069014393,-8.639587869530999],[179.08861851909768,-8.639647988253614],[179.08807505726583,-8.639928233849764],[179.0869896245747,-8.640760251504545],[179.0864458723535,-8.640988273448192],[179.0859079185773,-8.641357145647898],[179.0853532952136,-8.64190253595218],[179.08481277856288,-8.64217666380389],[179.0842748418151,-8.642625775935377],[179.0839075955794,-8.642723960888747],[179.08359171967902,-8.642996865018812],[179.08346064543608,-8.64322986847822],[179.0831384610038,-8.643270516358978],[179.0826446840181,-8.643513077897008],[179.08237205299247,-8.643490285308802],[179.08230061356647,-8.643546258838628],[179.08237293758546,-8.64365138004976],[179.08264507660851,-8.643584564037281],[179.08291802068797,-8.643664344675745],[179.083190397916,-8.643640923684963],[179.0833623385195,-8.64354048386598]],[[179.08087182982212,-8.643554025686095],[179.08095435338058,-8.643282391398666],[179.0808746333724,-8.642469267036267],[179.08073051982922,-8.642306062179243],[179.08018668836263,-8.64252106627711],[179.0799132978859,-8.642359701104846],[179.07964093737516,-8.642386142459333],[179.07957069052918,-8.642476349747396],[179.07961865352817,-8.642747275368475],[179.08018859054624,-8.642867876072403],[179.08073865336442,-8.643788532415705],[179.08087182982212,-8.643554025686095]]]}},{"type":"Feature","properties":{"year":2009,"certainty":"insufficient data"},"geometry":{"type":"MultiLineString","coordinates":[[[179.12303098655119,-8.426378510865884],[179.12279894388269,-8.426108584489159],[179.12204440903284,-8.425782537966711],[179.12122703547726,-8.425720173780613],[179.12095496274617,-8.425770057617761],[179.12080068618698,-8.425848204958466],[179.1206800484125,-8.426120038584475],[179.1208269010501,-8.42666160869942],[179.12081527145529,-8.426932853332396],[179.12069080890154,-8.427273039001202],[179.12014931575752,-8.427860015800865],[179.11933407670213,-8.428190443362697]],[[179.11772555164487,-8.427763084454288],[179.11768572033193,-8.427220934781019],[179.1175753441617,-8.426950348026406],[179.11741985022604,-8.426757321795323],[179.11714662542582,-8.426595792662201],[179.116874118292,-8.42656615359592],[179.11578544719927,-8.426697265504249],[179.1154105610226,-8.426962022344995],[179.1152301997319,-8.427234177193597],[179.1153368758287,-8.427504784925008],[179.1155181298721,-8.427622228307918],[179.1163369245798,-8.427944748290628],[179.1174274797579,-8.42815930879053]],[[179.12349472310868,-8.4282742714901],[179.12345712191356,-8.428003293639781],[179.12356184586272,-8.4271891829885]],[[179.11933590914353,-8.428526828575148],[179.1220590267734,-8.428462908345844],[179.12287786506207,-8.428792672745551],[179.1231499696971,-8.428748369399916]],[[179.16738055172388,-8.435084848024788],[179.1675758374771,-8.43485338582704],[179.1676512379912,-8.434541004235355],[179.1676641907364,-8.433998585223748],[179.16756919818795,-8.433662591762094],[179.16702425301173,-8.433615820657842],[179.16620615930665,-8.433424361258691],[179.16593426648436,-8.43350504451283],[179.16558787437663,-8.434010057243794],[179.1655848896924,-8.43428124779036],[179.16566691831633,-8.434401609918801],[179.16676047722663,-8.435152826441643],[179.1670331858483,-8.435218347180324],[179.16738055172388,-8.435084848024788]],[[179.17313532467415,-8.441018794316811],[179.1731062147166,-8.440747783082413],[179.17277977076878,-8.440116116170454],[179.17198021930113,-8.4377711243725],[179.1716736256958,-8.437117133144762],[179.17139928665452,-8.436760046097945],[179.17112697602477,-8.436765971582085],[179.17085657305725,-8.437113428754826],[179.17058522410792,-8.437291598942979],[179.17031279782518,-8.437276909180683],[179.16922114789577,-8.436869769340326],[179.16885772317403,-8.436974894082457],[179.16894295742574,-8.437245595941079],[179.17004680902681,-8.43841501067476],[179.1713064431966,-8.439401895493678],[179.17196237563456,-8.440052181213066],[179.1727848449944,-8.441023333910845],[179.17305805661178,-8.441177989146116],[179.17313532467415,-8.441018794316811]],[[179.17453516807112,-8.44345157970545],[179.17461095286487,-8.443179986590799],[179.1745513318993,-8.442909145157799],[179.17442839831082,-8.442715889035268],[179.17415502681578,-8.4425329509216],[179.17398641542945,-8.442641108143885],[179.1739321184131,-8.442912581979902],[179.17397018772084,-8.443183543221853],[179.17416054711097,-8.443519004931556],[179.1744329927459,-8.443536449758536],[179.17453516807112,-8.44345157970545]],[[179.18920921472764,-8.47130032205595],[179.18912225023536,-8.470758470541156],[179.1885591925136,-8.46994811779471],[179.18708790823902,-8.466973491209254],[179.1860765113288,-8.463182770194617],[179.18581245041685,-8.462641906702022],[179.1847042691612,-8.459665227890028],[179.18280681260214,-8.455879434603684],[179.18162730086306,-8.453174304617674],[179.18119162503308,-8.452363220162857],[179.18095830056134,-8.452093349479775],[179.18032474711794,-8.45101219474469],[179.17980955293825,-8.449930378926629],[179.1796773571003,-8.449388772219946],[179.17920218795845,-8.44857790323314],[179.17854233109443,-8.447835625372484],[179.1782689539909,-8.447652659953102],[179.1779965970318,-8.447651454216832],[179.17790151516516,-8.447771626095811],[179.17790408346403,-8.44804278358004],[179.17799992612564,-8.448244707747993],[179.17934936258578,-8.450204112960312],[179.1798164668349,-8.451015026059226],[179.18015585952546,-8.451826649602982],[179.18038062197644,-8.452638911231341],[179.18073514074155,-8.453450449274447],[179.18245223580695,-8.456694925805419],[179.18315919061104,-8.458318004754418],[179.18363144870062,-8.45912887981901],[179.1839199109724,-8.460211951092],[179.18431361594008,-8.461023263134992],[179.18448390196374,-8.46183582300628],[179.18503820243848,-8.463730917342835],[179.18583093660203,-8.46562467554657],[179.18665301808113,-8.468060605808802],[179.1876538559796,-8.469805726106395],[179.18820195549745,-8.470402117449062],[179.1884769613779,-8.470869300875979],[179.18875108051049,-8.471179545030548],[179.18902438445843,-8.471345579329439],[179.18920921472764,-8.47130032205595]],[[179.20142441815057,-8.515160719214045],[179.20119128853392,-8.514890873235453],[179.20118802958308,-8.514348557850301],[179.20056305563327,-8.512996262778868],[179.2004061599344,-8.51245481704905],[179.19981680035644,-8.51110231759499],[179.1995183236166,-8.510561672233994],[179.19923298741787,-8.509749784757432],[179.19894166754068,-8.509209097970498],[179.1976634988128,-8.505762801578673],[179.19725530405483,-8.504879949461941],[179.19599228735638,-8.501633066645905],[179.195814923927,-8.500820563524451],[179.19565634953977,-8.50055029022792],[179.19534410199222,-8.498925043112692],[179.19512324812436,-8.498383952383723],[179.19470819193032,-8.496488114995188],[179.19449606955106,-8.495946974066431],[179.19448581852836,-8.495404695201126],[179.19415974642772,-8.494050690805361],[179.19337456840344,-8.49134342829818],[179.1931086476628,-8.490802588204952],[179.19310520728035,-8.489989101698377],[179.1927951134514,-8.487007991317846],[179.19273877318923,-8.485652464605678],[179.19288178651695,-8.481584128963917],[179.1928439155785,-8.480228497991185],[179.19261507514963,-8.478060433684204],[179.19216946578774,-8.47643592403389],[179.1915743494826,-8.47481225235298],[179.19094336216443,-8.473540025143267],[179.1903941710933,-8.472752378656308],[179.19014072292856,-8.472922114326776],[179.19053718863742,-8.47400456695893],[179.19083926545832,-8.475087548438328],[179.19112430879824,-8.47644179398873],[179.1912203683951,-8.477254761943284],[179.19155655710793,-8.478608719051657],[179.1915495103966,-8.479151096700942],[179.19166378216676,-8.479692792736381],[179.1917530574582,-8.480776967058087],[179.19188177666817,-8.483487933070103],[179.19177258891705,-8.484302053652714],[179.19172293361038,-8.485929346366692],[179.19192044900586,-8.486741742397667],[179.19205602301315,-8.48836799299872],[179.192507501491,-8.490263634336008],[179.1926210058564,-8.491347670397511],[179.193027530867,-8.492701225183755],[179.19316782129386,-8.493785109595134],[179.19365557684873,-8.495138204945572],[179.19373570945805,-8.49568009041868],[179.19394154413243,-8.496221267501335],[179.19402870977783,-8.497034281485721],[179.19425388087703,-8.498117685779363],[179.19445207755595,-8.498658905088064],[179.19449523059927,-8.499200998357509],[179.19528980858794,-8.501637030600559],[179.1953170012942,-8.502179213384892],[179.19590017730246,-8.503531762422776],[179.19625758359305,-8.504885584360053],[179.197126853507,-8.507189003951243],[179.19747972451694,-8.507861526017177],[179.19795519751446,-8.509148590343045],[179.1983096787353,-8.509755007081676],[179.19841169712095,-8.51029676509326],[179.19849437316788,-8.512194469560157],[179.19865352940454,-8.512735903974646],[179.19912197093848,-8.513817922590816],[179.19900387068486,-8.51490326021543],[179.19840988547358,-8.516533626114757],[179.19783232845276,-8.517079229363462],[179.19778717221257,-8.517621819847436],[179.19764135048283,-8.517893812479945],[179.19672215939102,-8.519254850869592],[179.1961103836896,-8.520004755771568]],[[179.19075516949997,-8.530948810719925],[179.19206267207494,-8.530127917349802],[179.19262401692012,-8.529618761151792],[179.19316530364577,-8.529001092944567],[179.19359172632045,-8.528763431863345],[179.19425035529815,-8.528200811480534],[179.19479354197384,-8.527916741647887],[179.1961676509972,-8.526850682966089],[179.19669148992202,-8.526362751772378],[179.19723512677746,-8.5261583227616],[179.19750646651144,-8.525972396211944],[179.1991334837051,-8.52467930945619],[179.2007614943657,-8.52356187311912],[179.20188185422361,-8.52247962925825],[179.20223997594732,-8.521935264409603],[179.20276861217226,-8.520847598881236],[179.2029364030027,-8.520033147226123],[179.20293779088206,-8.51949080623781],[179.20270332900847,-8.518136303249566],[179.2020132293124,-8.516513216144514],[179.2017473047769,-8.515701223102512]],[[179.19603802104666,-8.520072223694653],[179.1950318853045,-8.521949436770184],[179.19440985442066,-8.523606613022734],[179.1938809931598,-8.524694275083663],[179.19337435404526,-8.525239475178447],[179.1926284749533,-8.52659953172188],[179.19108323792332,-8.52904877774942],[179.1901758727184,-8.530234382199655],[179.18909010974923,-8.530912606173256],[179.18787105960374,-8.532049768739988],[179.18656213343286,-8.533141828983588],[179.18556547403878,-8.533841673464556],[179.1847537170137,-8.534803919812378],[179.18285557214705,-8.536340160928413],[179.18149911037284,-8.537325834834713],[179.17986948896788,-8.538181496050111],[179.17932588256997,-8.538396707537672],[179.17823738713182,-8.53860145796226],[179.17769199475038,-8.53850214623679],[179.17714732387645,-8.53853005786088],[179.17605876111514,-8.538723466356206],[179.17497074351337,-8.53901342980087],[179.17415605373347,-8.539464862226701],[179.17279803197596,-8.539998499591317],[179.172417723507,-8.540271803985],[179.172444667621,-8.540542824507176],[179.1730729965294,-8.5406319099497],[179.17388973424173,-8.54054139746834],[179.1744327724031,-8.540224515500226],[179.17497717680308,-8.540148951449654],[179.17640824470274,-8.53970706400499],[179.17742535740615,-8.539520785381015],[179.17878697149706,-8.53943941673647],[179.18204895550397,-8.538209071237635],[179.18345290112498,-8.536955728359478],[179.18489513579553,-8.535862921996028],[179.18611737988758,-8.535086827570549],[179.18672378187094,-8.534496763410935],[179.18801502052952,-8.533465913344225],[179.1885700457411,-8.5328593309433],[179.18932488701697,-8.532312731822518],[179.18979731000272,-8.531767726699972],[179.19072495305966,-8.530983004178612]],[[179.1595812816004,-8.549834656237266],[179.16086127296518,-8.548991468472906],[179.161676562897,-8.548639406360426],[179.1624905674749,-8.54805971850525],[179.16466245185825,-8.54672981105915],[179.16513629362782,-8.546278370051256],[179.16525125961778,-8.546006554277335],[179.16528774952943,-8.545464004619273],[179.16519902159038,-8.545263654808831],[179.16492649194592,-8.545244495510175],[179.16452049514737,-8.545739467690947],[179.16377923186548,-8.54628595728251],[179.16221232582237,-8.547027770366286],[179.16127778825785,-8.547655797520228],[179.16031359896212,-8.548490155550256],[179.15949935960165,-8.54902907102591],[179.158202046911,-8.549571176732334],[179.1582468699718,-8.549842100709597],[179.1589602680446,-8.550051890620887],[179.15923263861555,-8.550042053846456],[179.1595812816004,-8.549834656237266]],[[179.14999053546893,-8.556125091708942],[179.15012136862487,-8.555853189023741],[179.1501913009144,-8.55531044968174],[179.15031290972684,-8.55503859830655],[179.14999688336925,-8.554811929097283],[179.14972571331177,-8.555036691547231],[179.14945601617137,-8.55552408956088],[179.14918465323998,-8.55571461016205],[179.14782463915483,-8.556097271130625],[179.1461945048921,-8.556893432696056],[179.14522055836576,-8.557507462522066],[179.14456431193256,-8.557680547518567],[179.14347800730943,-8.558293771659315],[179.14266196397708,-8.558519103351848],[179.1421195574909,-8.558959557010136],[179.1410332025348,-8.559565336974568],[179.14091473241433,-8.559700742783564],[179.1408608256996,-8.560243394938517],[179.14076523609745,-8.560364905420542],[179.13979026839925,-8.561062853844811],[179.1399528569351,-8.561247193404395],[179.14022471173575,-8.56114299139522],[179.1410276905504,-8.560784824220091],[179.14158297582753,-8.560441895906031],[179.14267064988817,-8.560071728894576],[179.14430049828033,-8.559220421673354],[179.14538867377476,-8.558941147443178],[179.14593382323685,-8.558991166856908],[179.14620571988144,-8.558895165213313],[179.14668828490747,-8.558584019745316],[179.14756415583855,-8.5582288357118],[179.1481135350477,-8.557762576349004],[179.14892119906557,-8.557315223514617],[179.14973348424434,-8.556421780244223]],[[179.1299263676895,-8.566269732294636],[179.1301737543341,-8.566398985473933],[179.1304462964205,-8.566416864720438],[179.1323502793828,-8.565858045466099],[179.13371199663231,-8.565769931206724],[179.13480055426518,-8.565553350273383],[179.13534393196267,-8.565283677059394],[179.13615806821463,-8.564712780944381],[179.1365624138699,-8.564063663604617],[179.13642594315147,-8.563894808172373],[179.13615328368712,-8.563855434470996],[179.13588123588954,-8.563925683806163],[179.13506682568098,-8.564447316054704],[179.13425062837103,-8.564648890858154],[179.13234458554692,-8.564836063600515],[179.13180101321623,-8.565071255198596],[179.13071275247606,-8.565341603880471],[179.1301700260467,-8.56572917111756]],[[179.1145322968138,-8.583709898981597],[179.11624162139057,-8.583158158119268],[179.11656142244541,-8.582885221922854],[179.11691287312735,-8.582447942995822],[179.11718463657232,-8.582322950759204],[179.11763890009604,-8.581794583446726],[179.11778092057054,-8.58152262301193],[179.11785088625876,-8.580979877871284],[179.1182150315354,-8.580164336675246],[179.1182875227399,-8.579621577757294],[179.11857330033874,-8.579077647411847],[179.1186120891891,-8.578535073678673],[179.11939596776057,-8.576903686174148],[179.11933224048266,-8.5765457697074],[179.1190588919522,-8.576383997878011],[179.11878703860523,-8.576491926032604],[179.1186322945166,-8.57663670025136],[179.11843418808115,-8.577180148844171],[179.11798871418137,-8.577724955655974],[179.11777903340607,-8.579082009228339],[179.117425716022,-8.579626310053355],[179.11706048479246,-8.580441856761421],[179.11554669169786,-8.581743873542223],[179.1152750143632,-8.58188449671257],[179.1147304931445,-8.58195515828523],[179.1144587024044,-8.582075397704559],[179.11420476101222,-8.58235579024374],[179.1141249804965,-8.58289858979463],[179.11391946061747,-8.583100100896184],[179.11337525978635,-8.583229094790706],[179.1131033475864,-8.583446552968063],[179.11317953968302,-8.583717316533729],[179.1133787046909,-8.583851630680936],[179.11392372381965,-8.583870319419487],[179.1145322968138,-8.583709898981597]],[[179.10328244411477,-8.630421870856983],[179.10345334266245,-8.63014272276962],[179.10347555939185,-8.629871418656599],[179.10327763351185,-8.629553133576865]],[[179.1032987724512,-8.63336989597881],[179.10356979186204,-8.633103547762701],[179.10380179622322,-8.632310268878445],[179.10377175138564,-8.63203925155692],[179.1032864513709,-8.631145464012866]]]}},{"type":"Feature","properties":{"year":2010,"certainty":"insufficient data"},"geometry":{"type":"MultiLineString","coordinates":[[[179.08119093941224,-8.461585880018271],[179.08111096327593,-8.461443013670698],[179.08083751735353,-8.461243842325194],[179.07919919862036,-8.460487106972478],[179.07892637030434,-8.460402800781313],[179.07859254004242,-8.460514951386939],[179.07852870646798,-8.460786479216472],[179.0787098368696,-8.46214145823994],[179.07886534091983,-8.462683008002575],[179.07933409661064,-8.463765267725886],[179.07951742016198,-8.464577857049596],[179.079769342089,-8.465217403332058],[179.0800419017569,-8.465250994755989],[179.08016836503162,-8.465116768773553],[179.0806634057107,-8.464300568959832],[179.08112325188011,-8.463730893816185],[179.08149950024273,-8.462940176848049],[179.08153116211406,-8.462668820298028],[179.08139700105988,-8.462127158831116]],[[179.06002387685518,-8.491190348501297],[179.06056834218433,-8.491127312010889],[179.06111378321776,-8.491247135887107],[179.0616586156504,-8.49125294188539],[179.06193025526204,-8.491110421093543],[179.06201315110926,-8.490976137976697],[179.0620063009095,-8.490704983419429],[179.06186432061722,-8.490434543977312],[179.061380758174,-8.49023072220185],[179.06001900610516,-8.49027730492386],[179.0597180067111,-8.490445896185058],[179.05947023667866,-8.490989588380804]],[[179.03766284646932,-8.511986242717233],[179.03795251300818,-8.511713529513969],[179.03803471994607,-8.511441904005562],[179.03791927250674,-8.510900120319329],[179.03797718954263,-8.510628622186283],[179.038420303302,-8.510355104431907],[179.03854430129311,-8.510083259810557],[179.03832994211902,-8.509788417119916],[179.0380573107963,-8.50974802090668],[179.03724244410904,-8.510199332014354],[179.03607633428535,-8.511180972607928],[179.03597979108616,-8.51145267310276],[179.03600958778637,-8.511723711826669],[179.036150218853,-8.511994169918962],[179.0364355531965,-8.512159755994151],[179.0367083385951,-8.512228937892965],[179.03698061127258,-8.512201158550367],[179.03766284646932,-8.511986242717233]],[[179.0707582133688,-8.598320489505156],[179.07101654700716,-8.598047911490212],[179.0709972950019,-8.597776827045362],[179.0706754785536,-8.597346372015995],[179.07040302424974,-8.59735012826305],[179.0698595012648,-8.597612915695077],[179.0696544087669,-8.597784050161577],[179.0697304737547,-8.598054829391488],[179.07004417169713,-8.598324330566973],[179.07040874598022,-8.598403806960427],[179.0707582133688,-8.598320489505156]],[[179.1007776946619,-8.605479749220576],[179.10074537575463,-8.603852827642948],[179.1004648758017,-8.602769627193501],[179.10043435024352,-8.601413878348401],[179.10051866740773,-8.600599868714069],[179.10028549303962,-8.600058775252663],[179.10029923086185,-8.598702784471381],[179.1001092767152,-8.598580337725524],[179.09996317492323,-8.599246984727642],[179.09984130239715,-8.599396636703132],[179.0997056669101,-8.599790756317931],[179.09956109261537,-8.601147461499387],[179.09962978286234,-8.60223181963125],[179.10036327815027,-8.60548201284089],[179.10042035018526,-8.605584109325301],[179.10069329705328,-8.60566956395272],[179.1007776946619,-8.605479749220576]],[[179.0996250992885,-8.609282608253405],[179.09989422850714,-8.608999145026793],[179.10023871735893,-8.608194523918637],[179.1003096384616,-8.607922953418251],[179.10015937774938,-8.60767028180098],[179.09941685616644,-8.608470196060125],[179.0979940839062,-8.610306450758419],[179.09759984237118,-8.610920765880344],[179.09741347005297,-8.611464150012075],[179.09739091948913,-8.611735456580485],[179.096908166299,-8.612280458168529],[179.09631831174454,-8.614181962037087],[179.0963198947195,-8.614995504313988],[179.09611665760164,-8.615810164304426],[179.09616938645598,-8.61635224385278],[179.09603060098902,-8.61689536855947],[179.09622945170887,-8.617707834164671],[179.09640658663508,-8.618906465061258],[179.09695632718854,-8.620686884138147],[179.09761000796397,-8.622039229801945],[179.09786435045118,-8.622851389678674],[179.09944178974138,-8.625762535903856],[179.09995305954624,-8.626365345329402],[179.10062138342118,-8.627446417809567],[179.10064138979916,-8.627988673772354],[179.1004251811406,-8.629074588851982],[179.10032164578138,-8.629346338623746],[179.0999329851981,-8.629890832522896],[179.09984479195333,-8.630162498280704],[179.10001167168784,-8.630267524609208],[179.10082900402332,-8.630240820107128],[179.10110181706716,-8.630298631388552],[179.10192110994677,-8.63062628866613],[179.1020612640759,-8.630963903090839],[179.10200756049838,-8.631235379965112],[179.10211990649648,-8.6315059465583],[179.10314999212588,-8.631771480286178],[179.1033480698721,-8.63204157601402],[179.10344406823197,-8.63231223161122],[179.10344507043462,-8.632583408344452],[179.10311376441203,-8.633127590431195],[179.10329850198565,-8.633321072864353],[179.10356957996444,-8.6330653008116],[179.10364066445632,-8.63285351738974],[179.10369532785924,-8.632039670876292],[179.1034808129182,-8.631769665559892],[179.10338052140844,-8.631499033489566],[179.10326914669733,-8.630686097590324],[179.10343325363985,-8.630142832955054],[179.10341231441356,-8.629871765535851],[179.10298060449554,-8.629331768365843],[179.1029510806786,-8.628789565537495],[179.10282673139216,-8.628519064911018],[179.10245199625115,-8.628078755583976],[179.1019434547133,-8.627167993544257],[179.1013533584377,-8.626510817009919],[179.1009034580182,-8.625546594011926],[179.10051236425858,-8.62500636959034],[179.10026674069059,-8.62446534835439],[179.0995422562561,-8.623655763872069],[179.09794600679103,-8.621223843693407],[179.0975212046414,-8.620141431560441],[179.09719981152242,-8.619600820425157],[179.09690622025738,-8.61878887348135],[179.096725007173,-8.617976312438186],[179.09667184784632,-8.617434235593596],[179.09675736888335,-8.616891401624452],[179.0965612571997,-8.616078921476738],[179.09672018871933,-8.614993319714722],[179.0969398049764,-8.614449753918297],[179.0971447137111,-8.612821534347509],[179.09729029890514,-8.612549556248393],[179.09753505918434,-8.61173466987449],[179.0981169515792,-8.611189126637],[179.09908099551922,-8.60976129115558],[179.0996233210965,-8.60928400157541]],[[179.0787847947825,-8.626209438092202],[179.079137346482,-8.625665155067681],[179.07933141924022,-8.625121730748498],[179.07937784723032,-8.624579106511467],[179.07926132440298,-8.624308551543773],[179.0789960508596,-8.624146458581764],[179.0787232530673,-8.6240906442548],[179.07845106033804,-8.624145473611025],[179.07817986175266,-8.624382148006841],[179.07803360233802,-8.624857574712337],[179.07796339303852,-8.62567151456812],[179.07802536690374,-8.62594236547035],[179.07818953927406,-8.626151898671448],[179.07846304002197,-8.626335945516631],[179.0787847947825,-8.626209438092202]],[[179.07831386529344,-8.628110294646172],[179.07847231431765,-8.62803134364841],[179.07859874240174,-8.627837564652266],[179.0786008054031,-8.62729518063644],[179.07846658123432,-8.626983341682658],[179.0781929762573,-8.626780337015672],[179.0779201157054,-8.626713412385087],[179.07737689138767,-8.62703622174523],[179.07711936701315,-8.627303204636513],[179.07706171750922,-8.62757470344549],[179.07724372496236,-8.6278449045744],[179.0773817871726,-8.6279316389109],[179.07801653977324,-8.628111905451123],[179.07831386529344,-8.628110294646172]],[[179.0758245021654,-8.633276323958928],[179.0759131284226,-8.633004657271911],[179.07577135054703,-8.632421475219548],[179.0754971682833,-8.632113513070456],[179.07522469057747,-8.632117382531492],[179.0748709676907,-8.632467924950802],[179.07474227191426,-8.632739808385645],[179.07476131547944,-8.633010892317454],[179.07495822752105,-8.633221927909727],[179.0755046905693,-8.633489690329748],[179.0758245021654,-8.633276323958928]],[[179.0918788015117,-8.637881449332518],[179.09242135149373,-8.637437033044074],[179.0937801700813,-8.636769999186544],[179.0948664955965,-8.63610496142891],[179.09649791251556,-8.63545805130232],[179.0970413107397,-8.63516894567063],[179.09923112633442,-8.63450478488479],[179.1013958640071,-8.634193450762314],[179.1022102821756,-8.633639083397313],[179.10243288945344,-8.633402507385862],[179.10257743715198,-8.633130532259631],[179.10256781663645,-8.63285940265122],[179.10247767286853,-8.632717220672907],[179.10220416201687,-8.632533694591881],[179.10193139177773,-8.632483918505828],[179.1016977145145,-8.632592990997992],[179.10176037429903,-8.63340619502246],[179.1016653359953,-8.63364718648502],[179.1013932944126,-8.633729213130295],[179.10084711347247,-8.633514246560557],[179.10002883820235,-8.633371738792516],[179.099812479603,-8.63314568652999],[179.09969870778986,-8.632875126817147],[179.0996818635908,-8.632332853352628],[179.09947705506679,-8.632143408253299],[179.09920461807874,-8.632153880055586],[179.09899483236094,-8.632607798160581],[179.09842371853856,-8.633424473636168],[179.0975813554296,-8.63427308670253],[179.0964948850257,-8.634909887436352],[179.0959507130403,-8.63505890666594],[179.09535958457093,-8.635339518665848],[179.0943207242171,-8.635964626858451],[179.09350534044745,-8.63634750355727],[179.0924199798459,-8.637188257602652],[179.09187639581774,-8.637445033810902],[179.09152571478066,-8.637801116572836]],[[179.07478407186088,-8.641417563999836],[179.07499512906884,-8.641145233818241],[179.07527044862778,-8.640486242771727],[179.0755422036299,-8.640349182732063],[179.0758146231724,-8.64033361503056],[179.07637493381085,-8.640595383276588],[179.07657677619673,-8.640323102528367],[179.07649576769813,-8.639781168434931],[179.07658393472985,-8.639238317314804],[179.07635159688454,-8.638865312249223],[179.07583960388055,-8.63842879087118],[179.07498354617135,-8.637853584335248],[179.07486005772617,-8.63762053593242],[179.0747479938022,-8.637078768851111],[179.07474321014374,-8.636265233920055],[179.0749730338831,-8.635721615832574],[179.07552305296986,-8.634905077171055],[179.07552989550766,-8.634633853282288],[179.07523591532183,-8.634171097517513],[179.07468915080062,-8.633848349421037],[179.07441630428542,-8.63378497277518],[179.0741452545148,-8.634050468932172],[179.07394914391375,-8.634371222276064],[179.0734588085921,-8.635458623603693],[179.073420360331,-8.636001205946409],[179.07298124080404,-8.63708833029863],[179.07279301535,-8.637902910235612],[179.07278990744663,-8.638716488783823],[179.07302146835028,-8.639799984737566],[179.0736176155874,-8.640339132503724],[179.0737803149698,-8.641151812900496],[179.07391220641406,-8.641269625333537],[179.07434375869622,-8.641419948883753],[179.07478407186088,-8.641417563999836]],[[179.091334264009,-8.637965478643107],[179.09099317990461,-8.638075207254044],[179.09086156816298,-8.638347109723476],[179.09106412767738,-8.638394489162321],[179.0913355020777,-8.638190123340461]],[[179.0832204571271,-8.64354125576271],[179.0850924729125,-8.642646964966302],[179.08726359554694,-8.64102702183696],[179.08943592604925,-8.639630002378235],[179.0898575092556,-8.639166140854911],[179.08970547556558,-8.639093962890312],[179.08916116760346,-8.639220203913968],[179.0883470870457,-8.639842384538543],[179.0875679614972,-8.64026336246426],[179.08698941734667,-8.640722583893814],[179.086445967452,-8.641005563383178],[179.08536040665197,-8.641815586391129],[179.08328600881788,-8.642998528235928],[179.08291629216865,-8.643349641088847],[179.0826443533109,-8.64345285949317],[179.0814823041179,-8.64355070780883],[179.08182814915267,-8.643692117878341],[179.0832204571271,-8.64354125576271]],[[179.08098155974554,-8.643553429384765],[179.08097684285414,-8.64328226918637],[179.0808008564883,-8.642740853764336],[179.0808141339439,-8.642469595753129],[179.08073054982458,-8.642311529809911],[179.08044453768844,-8.642742789635253],[179.08041535194818,-8.64328532004521],[179.08073836083386,-8.643735218500243],[179.08098155974554,-8.643553429384765]]]}},{"type":"Feature","properties":{"year":2010,"certainty":"good"},"geometry":{"type":"MultiLineString","coordinates":[[[179.11629411888111,-8.427906397813542],[179.11647319067666,-8.427961775165057]],[[179.1673449805909,-8.435085044653016],[179.16760111928602,-8.434812455004751],[179.1676665749978,-8.434540919449978],[179.1676677806209,-8.433727391671873],[179.16756891531378,-8.433611852813796],[179.16702454052668,-8.433667404970228],[179.16620666765448,-8.433515602528663],[179.1659350681876,-8.43364895515232],[179.16562958360362,-8.434281000956856],[179.16579379327035,-8.434551268047798],[179.16676038789822,-8.435136800587536],[179.1670330521041,-8.435194356164052],[179.1673449805909,-8.435085044653016]],[[179.1796494863701,-8.44993127030781],[179.17931383989688,-8.448848453212408],[179.17896652889112,-8.44830804340192],[179.17854188371695,-8.447755919954439],[179.17826857860933,-8.447585771612214],[179.1779966039016,-8.447652678480601],[179.17791764521547,-8.44777153636787],[179.17791775798963,-8.448042707509227],[179.1782639314648,-8.44858312500947],[179.17937110772118,-8.44992370037082],[179.17964395889314,-8.450012645241559],[179.1796494863701,-8.44993127030781]],[[179.18690662678435,-8.466296581119366],[179.18605834602212,-8.463182871802703],[179.18565236061696,-8.462100461466186],[179.18487210745477,-8.460477801263284],[179.18447792702887,-8.459124151586128],[179.183421765761,-8.457231855933028],[179.18289531233512,-8.456150111530338],[179.18248421812422,-8.455067722047247],[179.18153217078935,-8.453174835027156],[179.18101833997093,-8.452258254898737],[179.17998182162975,-8.450742933666943],[179.1799187617312,-8.450448963851185],[179.17992131754235,-8.45090386529203],[179.18010119023293,-8.45101344012287],[179.18006860443737,-8.45128479299666],[179.18014870121704,-8.451555518145675],[179.1803978807072,-8.451825301199472],[179.18060827903378,-8.452908813855954],[179.18165910619345,-8.454801153564087],[179.18211320603123,-8.455883304657156],[179.18257920158263,-8.456694217301807],[179.1831610336794,-8.458317994464636],[179.1836605836276,-8.459128717108461],[179.18437558771524,-8.461294087344552],[179.1850531271134,-8.463730833895122],[179.1858718112311,-8.46562444687196],[179.18616381000615,-8.466571908575187]],[[179.19082760095625,-8.473325014028742],[179.1903936514905,-8.47266058161315],[179.18984535512425,-8.472030588329682],[179.18984637990877,-8.47221169273046],[179.19011052346735,-8.47237994503755],[179.19004874829193,-8.472651460947489],[179.1902781592443,-8.47332809723825]]]}},{"type":"Feature","properties":{"year":2010,"certainty":"insufficient data"},"geometry":{"type":"MultiLineString","coordinates":[[[179.11906382807945,-8.428575630555711],[179.12015266736165,-8.428475054115115],[179.12205903861638,-8.42846507956791],[179.12287781997122,-8.428784409574918],[179.12314965534938,-8.428690770197614],[179.12338805169603,-8.428274848729432],[179.1235364051163,-8.42746050197195],[179.12350224100823,-8.427189505506364],[179.12306555805776,-8.426649505275323],[179.12286351941304,-8.426163322462132],[179.12204452282108,-8.425803406073888],[179.1212296974407,-8.426208540353667],[179.12076159715133,-8.427204325172381],[179.12030113421395,-8.427749176925014],[179.12014935798524,-8.427867765114499],[179.11906218550521,-8.428274063341668]],[[179.1176331946852,-8.428034765160021],[179.1177321683753,-8.427763048747176],[179.1176945085886,-8.427182222374368],[179.1174310064412,-8.426679944426265],[179.11714628007527,-8.426532316609254],[179.11605708836493,-8.426567621670959],[179.11578518394472,-8.42664884832164],[179.1154471431285,-8.426961825162877],[179.1153301081158,-8.427233638695947],[179.11542267740398,-8.427504322425639],[179.11629411888111,-8.427906397813542]],[[179.11647319067666,-8.427961775165057],[179.11715488983808,-8.428114658756419],[179.11742726346856,-8.428119567238602],[179.1176331946852,-8.428034765160021]],[[179.17312127214018,-8.44101887225569],[179.17307574013026,-8.440747952093941],[179.172455262229,-8.439395528702727],[179.17205066775756,-8.438041906896526],[179.17167395387526,-8.437175862307651],[179.17140033670296,-8.436947987242911],[179.17112823248974,-8.436990885404077],[179.17058572874126,-8.437381948554252],[179.17031361094678,-8.437422508632094],[179.16949443363347,-8.437038445882468],[179.16922191550367,-8.43700729503924],[179.16901402778944,-8.43724520269118],[179.16977284848844,-8.43812571173214],[179.17168824329116,-8.43973260546125],[179.1727846933603,-8.440996224807153],[179.1730579847902,-8.441165150771191],[179.17312127214018,-8.44101887225569]],[[179.1894147497057,-8.471299169611498],[179.1893300651792,-8.471028474944434],[179.18819552916835,-8.46926526119989],[179.1870927116948,-8.466899676132043],[179.18690662678435,-8.466296581119366]],[[179.18616381000615,-8.466571908575187],[179.1865021146214,-8.467790280519297],[179.18765464909401,-8.469946067062969],[179.18875128763074,-8.471216170608034],[179.18929749438328,-8.471477277535946],[179.1894147497057,-8.471299169611498]],[[179.2014664008481,-8.515160481320148],[179.20131806815544,-8.514618988026088],[179.20058320995773,-8.512996148648341],[179.20029659651007,-8.512184270279405],[179.19952352671768,-8.510561642791982],[179.19860897310892,-8.508397477275134],[179.19766359801963,-8.50578020126685],[179.19639926587067,-8.502715441202465],[179.19581644564207,-8.500820554937816],[179.1955718710152,-8.500279598784195],[179.1953143305575,-8.49892521103143],[179.1950878041435,-8.498384152264386],[179.19502440373483,-8.497842173396624],[179.19455047094442,-8.495946667445276],[179.19436838717453,-8.494863020310559],[179.19317793576784,-8.490802198153322],[179.19284243727026,-8.488905905962142],[179.1928581330024,-8.487821142868443],[179.192747477372,-8.487008259319415],[179.19272447922978,-8.485110207509212],[179.192880361439,-8.481584136976863],[179.19273412190515,-8.478873271130768],[179.1923852837682,-8.47724821831024],[179.1919493758861,-8.475894822376594],[179.19165349097582,-8.475082977017669],[179.19082760095625,-8.473325014028742]],[[179.1902781592443,-8.47332809723825],[179.1905230110339,-8.474004646522353],[179.19109147711785,-8.476170809194684],[179.19168169958664,-8.479692692067424],[179.19187341156896,-8.483216811171381],[179.19175168620666,-8.486200353612224],[179.19197155806185,-8.487283792698882],[179.19210616320703,-8.488638879775232],[179.19257670813627,-8.490805582304047],[179.19266813087916,-8.491618573842898],[179.19302125488218,-8.492701260519636],[179.19323778362545,-8.49389120091285],[179.1938782909985,-8.495950455502555],[179.19417628707535,-8.49730461811341],[179.19422114893055,-8.497846701947372],[179.19453696806184,-8.498658426480024],[179.1945866248171,-8.499200483039093],[179.19503425481207,-8.50082496784941],[179.1953123787256,-8.502179239466908],[179.19586306606377,-8.503531971902767],[179.19624824905785,-8.504885637067307],[179.19709236538742,-8.507050211827014],[179.19750278380437,-8.507861395695699],[179.19767880330656,-8.508446588990584],[179.1983854673662,-8.510025745967456],[179.19851300151083,-8.512194364179937],[179.1986744227383,-8.512735785765495],[179.19894895195014,-8.513276567116128],[179.19905530810917,-8.513818299871552],[179.19896106750664,-8.514903502479841],[179.19834321417923,-8.516534003437815],[179.19784906559417,-8.517079134657623],[179.19777708614458,-8.517621876920682],[179.1976375638391,-8.517893833906404],[179.19595419170992,-8.52034386557323],[179.1950320926231,-8.521985771355109],[179.1938798700164,-8.524694281432922],[179.19339030435677,-8.525239385024383],[179.19267719119776,-8.526599256417875],[179.19193210086638,-8.527688139957265],[179.19130325067079,-8.52877636641966],[179.19044668470812,-8.52995462376595],[179.18881903214688,-8.531146035097597],[179.18800680726716,-8.53202368794064],[179.18719298696607,-8.532621723184906],[179.18475421758168,-8.534891927262874],[179.18204232592893,-8.537042428666425],[179.17932635279607,-8.538479551155488],[179.17823771682586,-8.538659570612158],[179.1776922795896,-8.53855236587542],[179.17714758914067,-8.538576837818637],[179.1756693461834,-8.538897700940776],[179.1749712170621,-8.539097019883014],[179.17415654397212,-8.539551426184136],[179.17279715790715,-8.54002739417476],[179.1724140862042,-8.540271824381813],[179.17252691727253,-8.540411851223098],[179.17279988698937,-8.540509540067648],[179.173616596577,-8.540414069066117],[179.17388873241697,-8.540364498248367],[179.17470392357083,-8.540001198233368],[179.17660860638242,-8.539608104624842],[179.17905836811227,-8.539260000860397],[179.1804179156581,-8.538815230788892],[179.18231963446152,-8.537903882408832],[179.1834037428595,-8.536928789003698],[179.18611674656051,-8.534975550982173],[179.19018279854376,-8.53144960719449],[179.1909964121878,-8.530816771883805],[179.1918106773066,-8.530298668184884],[179.19425051186403,-8.528228240532275],[179.19479346453718,-8.527903178253363],[179.19669161677243,-8.526384955056805],[179.1975061657516,-8.525919769504931],[179.19913326287397,-8.524640691307633],[179.20076127949417,-8.523524319995092],[179.20163865928026,-8.522752175413661],[179.20223244263386,-8.521935307145242],[179.20265409384086,-8.521082186826188],[179.2029411266915,-8.52030428697812],[179.2029776051024,-8.52003291346531],[179.20293182873164,-8.519219673498759],[179.2026697234619,-8.518136493846617],[179.20249443660697,-8.517595154640944],[179.20197798832112,-8.516513415917444],[179.20170911530138,-8.515701439543369]],[[179.15931146736142,-8.5498361618594],[179.16004669233507,-8.549469773113083],[179.16086080218912,-8.548907922945105],[179.16330495447644,-8.547548304443517],[179.16466172529883,-8.54660106505374],[179.1649935338839,-8.546279168434156],[179.1651211684184,-8.54600728182984],[179.1651304378975,-8.545736057177281],[179.165028745753,-8.54546545302482],[179.16492728435418,-8.545384915247135],[179.16438565833818,-8.545955169172169],[179.16411431782115,-8.546146898350884],[179.16275564833123,-8.546757496702956],[179.1613983862232,-8.547618768755509],[179.1594998457232,-8.549115392996876],[179.15827295124905,-8.549570781304277],[179.1582332756669,-8.54984217652642],[179.15868744970035,-8.54998220487743],[179.15895978809866,-8.549966653431671],[179.15931146736142,-8.5498361618594]],[[179.14077547972158,-8.560786221246515],[179.141039145353,-8.560628337204173],[179.14267031023232,-8.560011020157155],[179.14430028959006,-8.55918314587713],[179.14511640638392,-8.558971017802907],[179.14593307958762,-8.558858434680413],[179.1475635187743,-8.558115203890008],[179.14916745042945,-8.556943193228452],[179.14992892087557,-8.556125434264104],[179.15008348633094,-8.555853399643281],[179.15013139545295,-8.555581958007025],[179.15005698138353,-8.555040021150878],[179.14999778240494,-8.554972168896198],[179.14972598115284,-8.555084435329357],[179.1494563173333,-8.55557777654235],[179.14918485325865,-8.55575027046187],[179.14809697953297,-8.556080895086394],[179.1459237118022,-8.557186217978305],[179.14538104115078,-8.557578362342758],[179.14510932776417,-8.557707000193632],[179.1445650848967,-8.557818619435341],[179.14375044694776,-8.558294689913613],[179.1429344915968,-8.558535694565817],[179.14138707875853,-8.559426949702516],[179.14105427144702,-8.55969996992496],[179.1409426954231,-8.560242941479991],[179.14033477546857,-8.56078866196604],[179.1404955086094,-8.560849561294484],[179.14077547972158,-8.560786221246515]],[[179.13036310870368,-8.566267323804528],[179.13098998740344,-8.566202441568448],[179.131533540774,-8.56596344835547],[179.13247248338052,-8.565713328010576],[179.13398396435667,-8.565684962805609],[179.13479988894554,-8.565434072008712],[179.13534340623093,-8.565189445209807],[179.13615790283296,-8.564683147449633],[179.1363423486034,-8.564336058005278],[179.13635376504558,-8.564064817363143],[179.1361536743033,-8.563925432893518],[179.13588165985925,-8.564001668206972],[179.13506699439003,-8.564477562067783],[179.13452314742563,-8.564662957966188],[179.13316167011718,-8.564793270999973],[179.13071324634365,-8.565430315416283],[179.13024860853488,-8.565725598228566],[179.13002563970954,-8.56599800631957],[179.13011372907502,-8.566268699115648],[179.13036310870368,-8.566267323804528]],[[179.1188115030541,-8.577720437422663],[179.11927244244978,-8.576904364733188],[179.11926153997157,-8.576633244367665],[179.11905943746848,-8.576482397404687],[179.11878769614341,-8.57661054549828],[179.11851834822306,-8.577170536085179],[179.1182256234326,-8.577452474462287],[179.11810455303547,-8.577724319648745],[179.1182498569366,-8.577885193716783],[179.1188115030541,-8.577720437422663]],[[179.1150234916189,-8.583436023561582],[179.11555529921404,-8.583297943223355],[179.1157880060785,-8.583160647807835],[179.11597341210765,-8.582888449530966],[179.1159651935912,-8.582617313899862],[179.11609619332285,-8.582572355622965],[179.11636923179213,-8.582677388910097],[179.11641517544496,-8.58261484410042],[179.11633361734212,-8.582344111106652],[179.11643518233905,-8.582072372952396],[179.11663762338964,-8.581943835159256],[179.1171836289006,-8.582141151919828],[179.11733242025326,-8.582067447002805],[179.11745472709995,-8.581896210305207],[179.11776644983019,-8.581251522036744],[179.11790809734447,-8.580166022358327],[179.11835704273994,-8.579350015556297],[179.1184291993653,-8.57907843888182],[179.11844400797438,-8.578807177183107],[179.1182535359478,-8.578548922061229],[179.11798149101244,-8.578622600255848],[179.11732735976767,-8.580169211101984],[179.11698051144913,-8.580713476364783],[179.11636155258546,-8.581291369673561],[179.1158185393084,-8.581634034901262],[179.11527487108103,-8.581858622044091],[179.11473048614124,-8.581953893289072],[179.11441597666183,-8.582083451013375],[179.11415763016407,-8.582356048675752],[179.1141397620096,-8.582627327697006],[179.11425641043303,-8.582897869079051],[179.11427862082311,-8.583168928297281],[179.11419348063464,-8.58338241548531],[179.11392123079247,-8.583419921213967],[179.11337596225812,-8.583356043729891],[179.11328865250428,-8.58344553723669],[179.11337720390415,-8.583580426131176],[179.11364975103004,-8.58359658975863],[179.11392148949545,-8.583466660458953],[179.1150234916189,-8.583436023561582]],[[179.1032984400576,-8.633309893879286],[179.10356957996444,-8.6330653008116],[179.10371288304034,-8.632310756746236],[179.10369532785924,-8.632039670876292],[179.10333907524205,-8.631499260841489],[179.10328706352732,-8.631255995997794]]]}},{"type":"Feature","properties":{"year":2011,"certainty":"good"},"geometry":{"type":"MultiLineString","coordinates":[[[179.0812050050299,-8.461585805133328],[179.08111092635377,-8.461436138574086],[179.08083753238435,-8.461246641574194],[179.0791990431749,-8.460458132222218],[179.07892625938072,-8.46038212190334],[179.07865400918016,-8.460405587765356],[179.07856256252725,-8.460515110765654],[179.07848402501781,-8.460786716769512],[179.07865036285375,-8.461870586096854],[179.07893909870452,-8.462775337845724],[179.07938389275358,-8.463765002780926],[179.07950250542828,-8.464577936417967],[179.07976946043885,-8.46523944489784],[179.0800421881151,-8.46530431901037],[179.080312716436,-8.46495967858088],[179.08064827601643,-8.464300649513959],[179.08126233689939,-8.463483815747848],[179.08146531721226,-8.462669170948553],[179.08139326299136,-8.462127178735605]],[[179.06002405092073,-8.491222975968402],[179.06056844553143,-8.491146678798392],[179.0611138347638,-8.491256792698364],[179.06165854699157,-8.49124008249905],[179.06193034899783,-8.491127975189492],[179.0620490183511,-8.490975948143083],[179.06205788838693,-8.490704710392059],[179.0617734306862,-8.490435024948782],[179.06110813367064,-8.490188661645108],[179.06001907496537,-8.490290213785746],[179.05968286588748,-8.490446081952324],[179.05943372064158,-8.490989781406638]],[[179.03774340800263,-8.511850223097483],[179.03801817311333,-8.511441990764562],[179.03805021010348,-8.511170628314147],[179.03793977090595,-8.510628818356412],[179.0385828489093,-8.510083057674176],[179.03845844754957,-8.509812515575062],[179.03832961177147,-8.509725974454568],[179.03805714119596,-8.509715958481157],[179.03724229469202,-8.51017107539803],[179.0363066197982,-8.510908571532017],[179.03613514169282,-8.51131626195825]],[[179.07056342299774,-8.598321537477107],[179.0709776624972,-8.598048120716394],[179.07099596491554,-8.597776834201948],[179.07067547019787,-8.597344833379164],[179.0704029666555,-8.597339521379533],[179.06990609587572,-8.597511508526079],[179.06961926622733,-8.59778423912337],[179.06986256522862,-8.59817730388168],[179.070135806566,-8.59831836934739],[179.07056342299774,-8.598321537477107]],[[179.10053146500928,-8.605481094226707],[179.10070253236196,-8.605208976784393],[179.10064063500073,-8.604666948815053],[179.10068595085906,-8.603853152195743],[179.10036508149435,-8.602770172081774],[179.10035773614413,-8.60114311347556],[179.100111977966,-8.59907068618219],[179.10004106957996,-8.599246559666458],[179.0998410875451,-8.59935763290379],[179.09968516530398,-8.59979086818308],[179.09953868034364,-8.601147583800127],[179.0995837374787,-8.602102615731653],[179.09976483731154,-8.603044632143332],[179.10001323604988,-8.603856825629828],[179.1001428563913,-8.604673875986181],[179.10039991912646,-8.605481812719034],[179.10053146500928,-8.605481094226707]],[[179.0978711776398,-8.611190468314337],[179.09826902835658,-8.610753698388427],[179.09868754213755,-8.610101278017213],[179.09974453479347,-8.609010772737005],[179.10018318089118,-8.607923644236456],[179.10016024834493,-8.607828147843922],[179.09988847024354,-8.607954948861066],[179.09961733628617,-8.60819861733146],[179.0979941796243,-8.610323820102755],[179.0976440026489,-8.610920524859955],[179.09757556862021,-8.611192081832709],[179.097727323728,-8.611344359521604],[179.0978711776398,-8.611190468314337]],[[179.1033280293696,-8.631499321432594],[179.10324404732697,-8.63068623525297],[179.1033803792489,-8.63014312295854],[179.10336929867182,-8.629872001458013],[179.10327832102075,-8.629677295015922],[179.1029550884206,-8.62933190827348],[179.10288520853882,-8.62878992669164],[179.10245229844017,-8.628133360904162],[179.10211132946483,-8.62743825622006],[179.1014298948253,-8.626628441781211],[179.1010784747031,-8.626077988800498],[179.10020176595455,-8.624465703960492],[179.09951994101033,-8.623655885951159],[179.0985973755232,-8.622305016075572],[179.09766818169294,-8.620682995243747],[179.0968777249302,-8.61878902908825],[179.09661396847397,-8.617163368018682],[179.09656646135895,-8.614994158729099],[179.09665683055653,-8.61487094306186],[179.09692379895571,-8.613870231976263],[179.0970237090226,-8.612822194745396],[179.09724265281923,-8.612549816297385],[179.0973100094616,-8.612278265168182],[179.0971862663889,-8.612052800406945],[179.09691557240373,-8.612377141944418],[179.09680536448624,-8.612823386291035],[179.09637886021122,-8.613874889448267],[179.09630864513176,-8.614453198425764],[179.09633785089486,-8.614995406327326],[179.09608648471382,-8.615810328954783],[179.09612386543026,-8.616352492276844],[179.09605296459475,-8.616895246512154],[179.09637577229773,-8.618791769797841],[179.09695652918217,-8.62068688303483],[179.0976061213574,-8.622039251040885],[179.0978454061542,-8.622851493224271],[179.09944173025167,-8.625751767756016],[179.10034388953,-8.626905571592314],[179.100640812091,-8.627446311420904],[179.10066947202077,-8.627988519986909],[179.10042898487717,-8.62907456802147],[179.10032115968144,-8.629346341285736],[179.0999336020363,-8.629890829145376],[179.099900740448,-8.630162191931873],[179.10001142887444,-8.630223608442236],[179.1011016904123,-8.630275736115143],[179.10192090327237,-8.630588944317191],[179.10202617164518,-8.630692912969073],[179.10207625301538,-8.630963820924835],[179.10201796826547,-8.631235322911849],[179.10219112704928,-8.631505556103313],[179.10279902647278,-8.631637814031464]],[[179.10288048558064,-8.631646519541937],[179.10328937265544,-8.631672922794275],[179.1033280293696,-8.631499321432594]],[[179.0791356350228,-8.621597368665391],[179.07898175122932,-8.621531717175074],[179.07861173552567,-8.621600205859574],[179.0787102804837,-8.62171826579199],[179.0791356350228,-8.621597368665391]],[[179.07865276137423,-8.626210153440592],[179.07873468524727,-8.626180757828553],[179.07908499287527,-8.625665438752343],[179.07933935860308,-8.625121687726041],[179.07938655100787,-8.624850245672253],[179.07937466137244,-8.624579123774538],[179.07926745591828,-8.624308518321994],[179.0789960486306,-8.62414605106057],[179.0787232384422,-8.624087970054195],[179.07845105597363,-8.624144675475572],[179.07817995792036,-8.624399736270123],[179.0780504365492,-8.624857483549258],[179.07798083138414,-8.625671420127983],[179.07803023176965,-8.625942339122386],[179.07818931833037,-8.62611149839374],[179.0784626289451,-8.626260790133017],[179.07865276137423,-8.626210153440592]],[[179.0786299914773,-8.627837395324356],[179.07864342579805,-8.627294949704515],[179.07856851512432,-8.62702416916419],[179.07819303124583,-8.626790391054044],[179.07792023401726,-8.626735047391161],[179.07764827421974,-8.626832852793603],[179.07732295451663,-8.627030915638265],[179.0771144315906,-8.627303231358969],[179.07709361818675,-8.627574530719789],[179.07738155704533,-8.627889551819065],[179.07820000449937,-8.628065274404129],[179.07847208161758,-8.627988808879076],[179.0786299914773,-8.627837395324356]],[[179.10367430382237,-8.632175377326643],[179.10367270368658,-8.632039795007318],[179.10356300977432,-8.631879311564413],[179.10343744805982,-8.632041085694631],[179.10346112670794,-8.632176546909038]],[[179.07635568803434,-8.63961290069834],[179.07627594383735,-8.63937557991979]],[[179.07327810969522,-8.63993418945545],[179.07376988967127,-8.64088068229358],[179.07418466754197,-8.641261481703923],[179.07445738986323,-8.641301109349614],[179.07472967031583,-8.641259946938309],[179.07490753516643,-8.641145708330358],[179.07527041864768,-8.640480762355663],[179.07554185612554,-8.64028566538048],[179.0758141544401,-8.640247950455034],[179.07636093203837,-8.640571055533348],[179.0765939997507,-8.640323009160308],[179.07641697808276,-8.639781595497134]],[[179.08549914659116,-8.642268056252872],[179.08739936094997,-8.640938659266213]],[[179.08739608975526,-8.640344167212378],[179.08732848019466,-8.64040025987848]],[[179.08712481624727,-8.640567606801477],[179.08644580318528,-8.640975697896046],[179.08541384563495,-8.64176661370241]]]}},{"type":"Feature","properties":{"year":2011,"certainty":"insufficient data"},"geometry":{"type":"MultiLineString","coordinates":[[[179.0375695045203,-8.511986732063153],[179.03774340800263,-8.511850223097483]],[[179.03613514169282,-8.51131626195825],[179.03616175960843,-8.511899842155593],[179.03643574503806,-8.512196041381108],[179.03670847385655,-8.512254517949893],[179.0369806908543,-8.512216206748679],[179.0375695045203,-8.511986732063153]],[[179.10279902647278,-8.631637814031464],[179.10288048558064,-8.631646519541937]],[[179.07583847680698,-8.633276248290452],[179.0759161877093,-8.63300464070664],[179.07577135054703,-8.632421475219548],[179.0754971682833,-8.632113513070456],[179.07522469057747,-8.632117382531492],[179.07484996470296,-8.63246803861209],[179.07471146691117,-8.632739975086572],[179.07472959362929,-8.63301106398665],[179.07495835850426,-8.63324589590247],[179.0755048500131,-8.63351885757985],[179.07583847680698,-8.633276248290452]],[[179.10367590397104,-8.632310959644798],[179.10367430382237,-8.632175377326643]],[[179.10346112670794,-8.632176546909038],[179.103566904682,-8.632582404275114],[179.10367590397104,-8.632310959644798]],[[179.09118780396517,-8.638345329301554],[179.09205024769417,-8.63779825308019],[179.09242115812538,-8.637401962326463],[179.09377995569344,-8.636731138410182],[179.09432292062334,-8.636362680352915],[179.0973128714945,-8.634999415850245],[179.099489638477,-8.634419052557206],[179.10085102653247,-8.63422139386342],[179.10166236802084,-8.633949097355398],[179.10112125988067,-8.633812542549435],[179.100574551012,-8.633502167921582],[179.10002904985282,-8.63341000423484],[179.0997549046731,-8.633111741701704],[179.099672286461,-8.632875271519636],[179.09964319562837,-8.63233306511142],[179.0994769421564,-8.632122986175983],[179.09920457645853,-8.632146351258234],[179.09901390015486,-8.632607693768456],[179.09863556121707,-8.633152130974697],[179.09812338502215,-8.633736810847232],[179.0975810166581,-8.63421177296133],[179.09703825729474,-8.634616206764294],[179.0964948710729,-8.634907361031424],[179.09595062073967,-8.635042189896406],[179.0953272630942,-8.635339695364346],[179.09482841022185,-8.63561360583234],[179.09432108213738,-8.636029493850184],[179.09350544040032,-8.63636562462307],[179.09241999039352,-8.63719017065635],[179.0917218645444,-8.63752886172866],[179.09133394904006,-8.637908327290043],[179.09098062068242,-8.638075275792291],[179.09079113864163,-8.638347494053994],[179.09106425062004,-8.63841679885405],[179.09118780396517,-8.638345329301554]],[[179.10199151438883,-8.633676110194248],[179.10241821480219,-8.633402587864712],[179.1026008165599,-8.633130404036017],[179.1025767611235,-8.632859353597356],[179.10247770669108,-8.63272332899214],[179.10220426876333,-8.632552975798726],[179.10193149674615,-8.632502881130605],[179.1017479181382,-8.632592715787982],[179.1017137481516,-8.632864085621604],[179.10186011525767,-8.633676830665202],[179.10199151438883,-8.633676110194248]],[[179.07627594383735,-8.63937557991979],[179.0758297765624,-8.638428844114008],[179.07552975428752,-8.638073371469245],[179.0749826577643,-8.637691107633371],[179.07484651853952,-8.63734942232765],[179.0747603405936,-8.636265141181015],[179.0751533756427,-8.635449452540882],[179.07555880296263,-8.634904883587355],[179.0755377728708,-8.634633810628365],[179.07523524324006,-8.634048145574024],[179.074688720151,-8.633769541971276],[179.0744164043936,-8.633803294682073],[179.07411267930362,-8.634099150363957],[179.07395829396597,-8.634371172770063],[179.07352507431216,-8.635458265111746],[179.07335216538343,-8.636272762058276],[179.0728146521077,-8.637631605941516],[179.07281543445657,-8.638716350680324],[179.07327810969522,-8.63993418945545]],[[179.0830093857631,-8.643542403985862],[179.08373344825748,-8.643283983607937],[179.0850919779169,-8.642556927911102],[179.08549914659116,-8.642268056252872]],[[179.08739936094997,-8.640938659266213],[179.08886166270466,-8.639985125545415],[179.08989219929163,-8.639165951621896],[179.08970543958688,-8.639087430324468],[179.089161016078,-8.63919268498738],[179.08861835959914,-8.639619015238921],[179.08739608975526,-8.640344167212378]],[[179.08732848019466,-8.64040025987848],[179.08712481624727,-8.640567606801477]],[[179.08541384563495,-8.64176661370241],[179.08370332628874,-8.642725072375606],[179.08301504869706,-8.643271187686251],[179.08291692649385,-8.643465131151096],[179.08237228708788,-8.643532917125837],[179.08155456339762,-8.643495429521645],[179.0813562475384,-8.643551392995606],[179.08155546252144,-8.643659234734889],[179.0818281618846,-8.643694437082605],[179.0823724824507,-8.643568495070097],[179.0830093857631,-8.643542403985862]],[[179.08097932076328,-8.643553441552298],[179.08073073073353,-8.642344506288756],[179.08045936896144,-8.642552983723732],[179.08018732362882,-8.642636890845447],[179.07988791313687,-8.64247462707724],[179.08003615636665,-8.642745007952945],[179.08018817648784,-8.642792385371568],[179.0803791376437,-8.643014330853296],[179.0806015930205,-8.643555494090092],[179.08073797209815,-8.643664370593118],[179.08097932076328,-8.643553441552298]]]}},{"type":"Feature","properties":{"year":2011,"certainty":"good"},"geometry":{"type":"MultiLineString","coordinates":[[[179.12322198925364,-8.428546928662799],[179.12342174897836,-8.427189941028974],[179.1230005432887,-8.426649856961268],[179.12258983957463,-8.425918522647372],[179.12231715059218,-8.425855355580596],[179.1212297381522,-8.426216009103864],[179.1207300388219,-8.427204495708418],[179.12042037187544,-8.427623290853765],[179.12014924468264,-8.427846972656775],[179.1188362481205,-8.428299453250757],[179.11866843947334,-8.42857154145542],[179.11879222031644,-8.42871135723088],[179.11933614334552,-8.428569820531193],[179.12015265236792,-8.428472302785137],[179.12178687620357,-8.428498810789161],[179.12205934432063,-8.428521125335488],[179.12260544217364,-8.428778666499216],[179.12287783631746,-8.42878740512593],[179.12322198925364,-8.428546928662799]],[[179.11753667533412,-8.428035286006486],[179.1177291870402,-8.427763064835933],[179.1177483721926,-8.42749177900509],[179.1175631346847,-8.426679231564778],[179.1174186441087,-8.426535666041467],[179.11714612192964,-8.426503248985117],[179.11578514265392,-8.426641254181627],[179.1153775163247,-8.426962200457114],[179.11527373210225,-8.427233942560969],[179.11538068750653,-8.427504548767663],[179.11551803123913,-8.427604087716178],[179.1166099513039,-8.428069704588049],[179.11715488108578,-8.428113050375362],[179.11753667533412,-8.428035286006486]],[[179.16738541271647,-8.4350848211542],[179.1675819528752,-8.4348125609597],[179.1676763205727,-8.433727344465808],[179.16756885454336,-8.433600952422024],[179.16702474182367,-8.43370352034745],[179.16675235876957,-8.433696215474809],[179.16620665511235,-8.433513351404475],[179.16593469709196,-8.433582341533867],[179.16564878843496,-8.434009720839171],[179.16555616639846,-8.434281406419373],[179.16569053728855,-8.434551838358557],[179.1664881568543,-8.43515695952298],[179.16676088481606,-8.435225949131423],[179.16738541271647,-8.4350848211542]],[[179.17282300027819,-8.440749353693446],[179.17230647622807,-8.439396353469157],[179.1719513241256,-8.438075178887491],[179.1716155209485,-8.43723079912135],[179.17142031983704,-8.43696070746019],[179.17112815041696,-8.436976194138094],[179.17058538105925,-8.437319699634193],[179.17031347080052,-8.437397413898761],[179.170041050228,-8.437383766856161],[179.16949504361358,-8.437147714961114],[179.16922248706547,-8.437109695337124],[179.1689506555199,-8.437201580071934],[179.16892905079268,-8.437245672888414],[179.17014255722725,-8.438594822694494],[179.17156073200374,-8.439671659475424],[179.1727841456645,-8.44089830714815],[179.17282300027819,-8.440749353693446]],[[179.18934589187413,-8.471299555712696],[179.1876460236942,-8.46841968005112],[179.18704801683754,-8.466973714542023],[179.18574292100794,-8.462371125303525],[179.18471461615397,-8.460207510966066],[179.18454232476302,-8.459394962284634],[179.1843251431233,-8.459105553281026],[179.18402336001068,-8.458313179177484],[179.1828131507641,-8.456150570056824],[179.18245532205066,-8.455067883261703],[179.18171679585203,-8.453716147694355],[179.18151857732315,-8.453174910817319],[179.18060930038112,-8.451824123167606],[179.17995032441905,-8.450471937720264],[179.179756466513,-8.450201845986667],[179.17906839027665,-8.448578648008688],[179.17854208639818,-8.447792030032474],[179.17826862615783,-8.44759424419705],[179.1779962820986,-8.447595330031406],[179.17783248190486,-8.447772010105238],[179.17780304665607,-8.448043345628767],[179.17790161449494,-8.44831396908305],[179.17942815201766,-8.450203674251407],[179.17974565444038,-8.450744249042282],[179.1799231400473,-8.4512282321788],[179.18031878952124,-8.451825741866744],[179.18045325139246,-8.452638506518014],[179.1806548307053,-8.453179725655396],[179.18121926731757,-8.453990092882561],[179.18164550348428,-8.454801229424364],[179.18203980193596,-8.455883714151367],[179.182537275249,-8.456694451266728],[179.18265448817465,-8.457236138841905],[179.183121746954,-8.458318213799028],[179.1835918045914,-8.459129101216963],[179.18401690046812,-8.460211409285002],[179.18442810301937,-8.461022623404727],[179.18448944787468,-8.461564621547595],[179.18504730958233,-8.463730866422507],[179.1855407811776,-8.464812787987912],[179.1865206687901,-8.468061346697999],[179.18758391572803,-8.469953582272394],[179.18875146285893,-8.471247156500052],[179.18929778791022,-8.471529167749933],[179.18934589187413,-8.471299555712696]],[[179.1954711002172,-8.527312336021078],[179.19662658837166,-8.52644133355414]],[[179.19763975763422,-8.505826864266375],[179.197039134395,-8.504610002788583],[179.19590255231552,-8.501633573074374],[179.1957735532181,-8.500820796966133],[179.1953674757951,-8.49973841564789],[179.195231369804,-8.498925678939944],[179.1950352561847,-8.498384448594255],[179.19496925451205,-8.497842484367194],[179.1946856991923,-8.497030578334854],[179.19436036280433,-8.495134233880172],[179.1930917671278,-8.490531514606989],[179.19281768784697,-8.488906045236858],[179.19267893120977,-8.486737476210712],[179.19263807059934,-8.48538186228752],[179.1927923346459,-8.481313463140008],[179.1924768433467,-8.478061210503734],[179.19190222405987,-8.475895087214425],[179.19159315198894,-8.47508331584557],[179.19039417317913,-8.472752747152908],[179.1901202899264,-8.47248461849466],[179.18988424994728,-8.472381214318718],[179.18985629500156,-8.472110201717008],[179.18957175443444,-8.471812240130198],[179.18982660172074,-8.47211036826442],[179.18983947567244,-8.47238146546445],[179.18999887112378,-8.472651740745501],[179.1900996164441,-8.473193514294673],[179.19055889128174,-8.474275614425668],[179.19111048957947,-8.47644187158339],[179.191215796091,-8.477525956728286],[179.19162272490743,-8.47996419242156],[179.19174373963241,-8.481319357363944],[179.1918201069208,-8.483488279740042],[179.19168934940168,-8.486200704119785],[179.19200229171017,-8.488368295236718],[179.19226287222773,-8.4894515045614],[179.1926362838648,-8.491889921789815],[179.19300947734794,-8.49297249544313],[179.19316665321696,-8.493785116173042],[179.19393686367016,-8.49649246228428],[179.19414853751687,-8.4978471112308],[179.19444911821304,-8.498658921772346],[179.1944975564914,-8.49920098524343],[179.1946983521623,-8.499742189522829],[179.19481136132325,-8.500555056862419],[179.19508334439442,-8.50136702725023],[179.1952030168122,-8.502179856505967],[179.19559698649567,-8.503262305689994],[179.1959050182999,-8.503802903075224],[179.19597596525364,-8.504344838503776],[179.1962117905613,-8.505157010836076],[179.196476104235,-8.505562270074547]],[[179.14174520918644,-8.560238495613767],[179.1432129376175,-8.559609975194473],[179.1437569735602,-8.55946080154701],[179.1445719673195,-8.559047900976001],[179.14593236094552,-8.558730163927581],[179.1466117583147,-8.558428867442977]],[[179.15000285971664,-8.555718260257267],[179.1500642275952,-8.555311156154113],[179.14999798826946,-8.55500886075993],[179.14972592547144,-8.555074509915364],[179.14945596299148,-8.55551460934882],[179.14918459558055,-8.55570433032724],[179.14796016760852,-8.556136374663657],[179.14678450064793,-8.556685254753333],[179.14538098592422,-8.557568500960052],[179.1451092517501,-8.557693425436684],[179.1445648902698,-8.557783854124535],[179.1434784288189,-8.558369097445341],[179.14266231224926,-8.558581363382185],[179.1413423604044,-8.559427197418422],[179.14107190214992,-8.559699872270988],[179.14103733178442,-8.56030395617096],[179.14131037756633,-8.560412948735912],[179.14174520918644,-8.560238495613767]],[[179.1311025768111,-8.565992066361828],[179.1315329056186,-8.565849408816574],[179.13262156584304,-8.565650712238899],[179.13398337769,-8.565579746861422],[179.13452745345458,-8.565435081480256],[179.13611160443875,-8.564608511397049],[179.136236859207,-8.564336641298443],[179.1361944044483,-8.564065698498318],[179.1358819427525,-8.564052368308582],[179.13506707821554,-8.564492590192351],[179.1345232416433,-8.564679853119205],[179.13260967842774,-8.564899036209331],[179.13071316713936,-8.56541608832021],[179.13025041560388,-8.56572558826327],[179.13009536765765,-8.565997621818742],[179.13017207409501,-8.566097124848453],[179.1304446807814,-8.566126647681283],[179.1311025768111,-8.565992066361828]],[[179.1157064352544,-8.583161095456466],[179.11580651379356,-8.582889365477971],[179.11574712098528,-8.58261851063839],[179.1158233244497,-8.582497918678634],[179.11609493154293,-8.582344600805518],[179.11639274491222,-8.58180142521313],[179.1166357863991,-8.581612311367053],[179.1169080698608,-8.581581228438349],[179.11718224770186,-8.581891956799359],[179.11745232891525,-8.581463569245308],[179.1176484781603,-8.580845399197718]],[[179.11707262734805,-8.580577380392404],[179.11663266505658,-8.581048968617981],[179.11608995866405,-8.58144692110535],[179.11527480326907,-8.581846376166345],[179.1144584766815,-8.582034620565272],[179.11416067737883,-8.58235603196717],[179.11417549746903,-8.582627131745372],[179.11446484536586,-8.583185054508533],[179.11473841728545,-8.583386373499966],[179.1152830202443,-8.583330113650675],[179.1157064352544,-8.583161095456466]]]}},{"type":"Feature","properties":{"year":2011,"certainty":"insufficient data"},"geometry":{"type":"MultiLineString","coordinates":[[[179.17294576995508,-8.54054001404077],[179.17470373220016,-8.539967417357028],[179.17579199439865,-8.539720095766356],[179.17905817108453,-8.539225287907925],[179.18041745925763,-8.538734866455812],[179.18231910957357,-8.537811529156276],[179.18463795572643,-8.535864371659176],[179.18611635716923,-8.534907133555407],[179.18715161211296,-8.53395201152696],[179.18801433738057,-8.533345963981624],[179.1907251420438,-8.531016154980257],[179.19235363755908,-8.529973987059826],[179.19346512622494,-8.529035315869622],[179.19425065332493,-8.528253023236484],[179.19479340321126,-8.527892436716536],[179.1954711002172,-8.527312336021078]],[[179.19662658837166,-8.52644133355414],[179.19831992621053,-8.525317046465819],[179.19994722775462,-8.524074686890755],[179.20077439186136,-8.523570577154512],[179.20157470877643,-8.52286564582631],[179.20211559063605,-8.522181494399792],[179.20273767347655,-8.52111894099016],[179.20296615247045,-8.52057531153387],[179.20302279888395,-8.52003265705259],[179.20297887325077,-8.518948240057846],[179.20266045532392,-8.517865379784627],[179.20210462315038,-8.516783864779361],[179.2016054702042,-8.515159693254748],[179.20072070308305,-8.513266537044242],[179.2003261836533,-8.512184102767876],[179.19982935160658,-8.51110224655897],[179.1993806294727,-8.51056245135789],[179.19879434247778,-8.508667596418809],[179.19763975763422,-8.505826864266375]],[[179.196476104235,-8.505562270074547],[179.19831027266758,-8.510026171207297],[179.19840135535765,-8.510567991043105],[179.1984499577916,-8.512194720813584],[179.1989934897584,-8.513547482404787],[179.19904455697056,-8.51381836071695],[179.19895572900185,-8.514903532695255],[179.1983537662678,-8.516533943719528],[179.19799891489507,-8.516808408607433],[179.19779401092688,-8.51707944617754],[179.19782126875782,-8.517350459426373],[179.19761178261976,-8.517893979786649],[179.1956868723211,-8.520616545166954],[179.19500561692774,-8.521976236802802],[179.19399669122708,-8.524422452947944],[179.19337468065518,-8.525239473332396],[179.19265757059438,-8.526599367298065],[179.19152650742453,-8.528235477364703],[179.19091785006313,-8.52932088048594],[179.19017576966132,-8.530216298150131],[179.18936234611297,-8.53088263418161],[179.18877325427198,-8.531231170537096],[179.18800702724596,-8.53206231888589],[179.18667964811218,-8.533141166223464],[179.18448360835907,-8.53520869508422],[179.18149899149802,-8.5373049097599],[179.17986944688238,-8.53817408312091],[179.17932584505044,-8.538390097380793],[179.17823729746044,-8.538585652202334],[179.17714733742974,-8.538532448022785],[179.17551568194804,-8.539032454752547],[179.17475283581032,-8.539174017484642],[179.17270798712647,-8.539999004596275],[179.17217941893492,-8.540273140247294],[179.1719525182744,-8.540545584129472],[179.17225651672035,-8.5407681372867],[179.1725287781029,-8.54074063236942],[179.17294576995508,-8.54054001404077]],[[179.15909401323947,-8.549837375163845],[179.16004716842568,-8.549554288004616],[179.16086134735542,-8.549004669940732],[179.16167633020532,-8.54859812607665],[179.16249064976793,-8.548074313022394],[179.1648238787485,-8.546280117160919],[179.1650571384127,-8.545736467084389],[179.1650513049364,-8.54546532687584],[179.16492687472905,-8.545312327391397],[179.16465513386007,-8.545432973043676],[179.1644249333758,-8.545740001940496],[179.16411343961784,-8.54599123062012],[179.16357056274308,-8.546340091945476],[179.16221216887345,-8.546999928694076],[179.1603134109281,-8.548456776036259],[179.15944532713064,-8.549021893671913],[179.15818306808316,-8.5495712825736],[179.15817551014348,-8.549842498685283],[179.15841474968352,-8.549933529465847],[179.1586873373083,-8.549962241725343],[179.15909401323947,-8.549837375163845]],[[179.1466117583147,-8.558428867442977],[179.1472912512704,-8.558144855167159],[179.14837714344134,-8.557459705412361],[179.14951799795668,-8.556398893964804],[179.15000285971664,-8.555718260257267]],[[179.11873528314032,-8.577720856047685],[179.11906373688694,-8.577257879990825],[179.1192177464981,-8.5769046651807],[179.11916282523023,-8.576633786587484],[179.1190599036053,-8.576566477633996],[179.11878808608304,-8.576680889556277],[179.11829070095524,-8.577452117132802],[179.1182489654425,-8.577724351738834],[179.11873528314032,-8.577720856047685]],[[179.1176484781603,-8.580845399197718],[179.11787458736066,-8.580166206380426],[179.11827655096323,-8.579350457629873],[179.11831876676513,-8.57907904539291],[179.118254740175,-8.57876616443741],[179.117981318734,-8.578591517068629],[179.11733699372425,-8.580169158210495],[179.11707262734805,-8.580577380392404]],[[179.10329274576827,-8.632281920766053],[179.103566904682,-8.632582404275114],[179.10367590397104,-8.632310959644798],[179.10367270368658,-8.632039795007318],[179.10328912574758,-8.631628343113418]]]}},{"type":"Feature","properties":{"year":2012,"certainty":"good"},"geometry":{"type":"MultiLineString","coordinates":[[[179.08022839892865,-8.465116449179115],[179.08061475636444,-8.464300827978548],[179.0811229155225,-8.4636682796269],[179.08133177849686,-8.463212257986976],[179.0814152195464,-8.462669437731304],[179.08131575871593,-8.461856403446157],[179.08111100134215,-8.461450101789087],[179.08060519427337,-8.461046621854292],[179.08001855601904,-8.460902490665095],[179.07927718276656,-8.46024012245044],[179.07892520721822,-8.460185970483511],[179.07865413334227,-8.460428737585701],[179.07858132279208,-8.460786199470402],[179.07874217723585,-8.462141286254502],[179.07942246778921,-8.463764797534543],[179.0795382265974,-8.46457774632773],[179.07969916602215,-8.465119266268047],[179.07976939591097,-8.465227427185468],[179.08004213481817,-8.465294394339205],[179.08022839892865,-8.465116449179115]],[[179.06002423893034,-8.491258217022363],[179.06056842356168,-8.49114256177061],[179.0616581403967,-8.491163929329725],[179.06198144267262,-8.490976305796364],[179.06202583378442,-8.490704880042248],[179.06183777097905,-8.490434684474922],[179.06138082809423,-8.490243821180176],[179.06110817503807,-8.49019641256306],[179.0600190960941,-8.4902941746706],[179.0597111048636,-8.490445932671001],[179.0594781073478,-8.491008924695638]],[[179.0367639590514,-8.512262148881316],[179.03752457847446,-8.512036351108598],[179.03787070280762,-8.51171395845351],[179.03799740615742,-8.511442099649683],[179.03801307738877,-8.511170823004333],[179.03791394524706,-8.510628953747345],[179.0383428198554,-8.510355510716673],[179.0385401796942,-8.510083281423212],[179.03832983228642,-8.509767656490562],[179.03805724964383,-8.509736460232437],[179.03787818188565,-8.509815557694122],[179.03632658570555,-8.510908466940252],[179.03616217711777,-8.511180522948377],[179.03610709157408,-8.511452006285072],[179.03616186187114,-8.511919187593376],[179.03643584745467,-8.512215412642314],[179.0367639590514,-8.512262148881316]],[[179.070729897346,-8.598320641851446],[179.07100283334384,-8.598047985279877],[179.07103741885228,-8.597776611155146],[179.07088227361814,-8.597506257848758],[179.07067547323356,-8.597345392376702],[179.0704030135441,-8.597348156652064],[179.06984057154463,-8.597511860880555],[179.06955138505887,-8.59778460411204],[179.0696254064234,-8.59805539436811],[179.06986314909028,-8.598284847989213],[179.07013640135165,-8.598427909287215],[179.07040894272018,-8.598440034995653],[179.070729897346,-8.598320641851446]],[[179.1005484530516,-8.6054810014362],[179.10067404329396,-8.605209132400969],[179.10057782558806,-8.604667291866663],[179.10064350140902,-8.603853384030458],[179.1003233317497,-8.602499216916353],[179.10033307073098,-8.601143248122366],[179.10021172263228,-8.600601544218028],[179.10020957055147,-8.599788006470309],[179.1001135125086,-8.599349233318154],[179.09984228435718,-8.599574897355927],[179.09975336114002,-8.599790496074473],[179.09961812711643,-8.601418333514166],[179.09981526356108,-8.603044356883753],[179.09999666905804,-8.60358573292349],[179.10013649030634,-8.604398518932499],[179.10027160057112,-8.604668964255524],[179.10040415450007,-8.605481789586486],[179.1005484530516,-8.6054810014362]],[[179.10334293699756,-8.63149923965811],[179.1032300322438,-8.630686312120856],[179.10333015722574,-8.629872216127193],[179.10322873664705,-8.62960159004366],[179.10301875058693,-8.629331559203179],[179.10291386233993,-8.628789769594151],[179.10245204974342,-8.628088421624229],[179.1021292052927,-8.627438158265175],[179.10145492194852,-8.626628304695823],[179.1000679575851,-8.624195253363308],[179.09860505366754,-8.6222733065617],[179.09777993471715,-8.620885902735873],[179.09689902162586,-8.618788912791747],[179.09661877583687,-8.61716334177495],[179.0966008135886,-8.616078705565636],[179.09667589707215,-8.614993561456318],[179.09735691066962,-8.612278009184315],[179.09727795415952,-8.612007256612435],[179.09745823748864,-8.611960306048848],[179.09762651305843,-8.611462987239769],[179.09799866672577,-8.61113802446938],[179.0997318576843,-8.609010841981803],[179.1002137533208,-8.6079234772278],[179.10015955925496,-8.60770319465253],[179.09961749568004,-8.608227526283734],[179.09799408921373,-8.610307413884017],[179.09740106688565,-8.61146421770397],[179.0973799733143,-8.611735516321854],[179.09683320192462,-8.61255205080823],[179.09632229123312,-8.61418194032313],[179.09632342013393,-8.614995485075902],[179.09608541721406,-8.615810334779976],[179.09617277786685,-8.616352225344457],[179.09603719545208,-8.616895332570932],[179.09606233963882,-8.617166378999572],[179.09621566080267,-8.617707909440648],[179.09638441802795,-8.618791722596876],[179.09695703270145,-8.620686880284552],[179.0971644486358,-8.621228114136978],[179.0976194748916,-8.622039178068334],[179.09784937720812,-8.622851471519397],[179.0994414881476,-8.625707944695037],[179.09979783276182,-8.626095012003871],[179.10066925317153,-8.627446155679776],[179.10068397016244,-8.627988440590565],[179.10044321762655,-8.629074490077926],[179.1003470391435,-8.62934619956325],[179.09995041885819,-8.629890737063773],[179.0999288891184,-8.63016203779931],[179.10001139653173,-8.630217758800567],[179.10110157561164,-8.63025498365385],[179.1019208485541,-8.63057905714624],[179.10202869149202,-8.630692899156529],[179.10206575772148,-8.630963878457747],[179.10200704796003,-8.631235382774738],[179.10219849966765,-8.63151086186805],[179.1030168948242,-8.631675824358915],[179.10328931193914,-8.63166196037463],[179.10334293699756,-8.63149923965811]],[[179.07845173388816,-8.621872258725547],[179.07871086124965,-8.621824488627425],[179.07914235583092,-8.621597332263999],[179.0789815621126,-8.621497130949567],[179.0787089736957,-8.62147924762462],[179.07843705759547,-8.62158435523009],[179.07845173388816,-8.621872258725547]],[[179.078863861545,-8.626209009691895],[179.07930623115269,-8.625393053568992],[179.07943100743597,-8.624850004767017],[179.0794214526954,-8.624578870225756],[179.07926920109642,-8.62426669268984],[179.07872315669047,-8.624073021717356],[179.07845103093155,-8.62414009595559],[179.07818001562921,-8.624410290712753],[179.07805410974726,-8.62485746365752],[179.0779836560461,-8.625671404830502],[179.07802343841246,-8.625942375914985],[179.07818999699546,-8.626235593903912],[179.07846327304645,-8.62637854805719],[179.07873553402928,-8.626335917305719],[179.078863861545,-8.626209009691895]],[[179.07863486164527,-8.62783736893438],[179.0786580769067,-8.627294870318682],[179.0785656047391,-8.62702418493276],[179.07819293660066,-8.626773086230624],[179.07792010267667,-8.626711029892387],[179.07764812597966,-8.626805741738961],[179.07731438829427,-8.627030962022491],[179.07710516531702,-8.6273032815303],[179.07709119088307,-8.627574543862481],[179.07738156720606,-8.62789141008296],[179.0782000639823,-8.628076148514877],[179.07847217539398,-8.62800595010098],[179.07863486164527,-8.62783736893438]],[[179.07495291180942,-8.641145462519322],[179.07519927475312,-8.64060175421248],[179.0755415794067,-8.64023508596491],[179.07581373862777,-8.640171956676362],[179.07636018842285,-8.640435193012246],[179.07647011849042,-8.64032368069742],[179.07651654324184,-8.640052242434205],[179.0761655971622,-8.63924058459679],[179.07597103315968,-8.638970452216784],[179.07587705584163,-8.638428587960174],[179.07565219488112,-8.638158619405754],[179.07515583657656,-8.63789012109668],[179.07495912709604,-8.637619999478613],[179.07487722220827,-8.63734925607829],[179.07478590783987,-8.6362650027663],[179.07519266338352,-8.63544923982527],[179.0755657821417,-8.6349048457952],[179.07561714774099,-8.63463338082453],[179.07557984699343,-8.634362395972664],[179.07523442587996,-8.633898613673535],[179.07508725129898,-8.633822689078164],[179.07523288413296,-8.633616551540337],[179.07550527812543,-8.633597172185064],[179.07577706506618,-8.633466772256412],[179.0760257148321,-8.633004047628516],[179.0759618807347,-8.632733206498191],[179.07554076006997,-8.632193112785522],[179.07522470898513,-8.632120750869188],[179.07495329312408,-8.63231895565588],[179.07462031911425,-8.632740468317355],[179.07468525012732,-8.63313451197161],[179.07495940670455,-8.633437698618328],[179.07517255009938,-8.633551040429456],[179.07496087729328,-8.633706783735011],[179.07441625111548,-8.63377524154298],[179.07406821873775,-8.634099390924641],[179.07355143299407,-8.635458122510318],[179.07347927203307,-8.636000887226146],[179.07291679330052,-8.637359866164248],[179.0727961772198,-8.637902893131233],[179.07285834832732,-8.638716118508455],[179.07319679470737,-8.639799035950007],[179.07342330077512,-8.64006899720312],[179.07387390124288,-8.64088011916767],[179.07417113278515,-8.641149696764318],[179.0744572280861,-8.641271527386584],[179.07472981126392,-8.641285716840706],[179.07495291180942,-8.641145462519322]],[[179.1035924010279,-8.632582600006616],[179.10366936654256,-8.632310995514311],[179.1036474220514,-8.632039933717344],[179.1035631533977,-8.631905238921085],[179.10349559782546,-8.632040766679914],[179.10356731253017,-8.632656023907968],[179.1035924010279,-8.632582600006616]],[[179.09118058017862,-8.638345368728157],[179.09187926715452,-8.637965918674176],[179.09242143456845,-8.637452100051538],[179.09486648302908,-8.636102684418635],[179.0973129958651,-8.635021926349792],[179.09948957432135,-8.63440745192234],[179.1011233360696,-8.634187685652737],[179.10180879245425,-8.63394829454782],[179.10249024746895,-8.633402192817154],[179.10265172255265,-8.63313012483879],[179.102631451628,-8.632859053656022],[179.10247741065578,-8.632669865183065],[179.10220417312325,-8.632535700698497],[179.10193140657606,-8.632486591838889],[179.10172192806388,-8.632592858263157],[179.10176361688067,-8.633406177245075],[179.10166546344223,-8.633670209623808],[179.10139375482188,-8.633812395211066],[179.10084696433591,-8.633487294206777],[179.10002865603937,-8.63333880441436],[179.0997538634923,-8.632923468062312],[179.0994770142628,-8.632136028047945],[179.09920468955863,-8.63216681025155],[179.09864908552737,-8.633152056940231],[179.09812336146598,-8.633732548303518],[179.09730971852437,-8.634428722737136],[179.09649475782484,-8.634886855387764],[179.09595059532958,-8.635037587812233],[179.09534619839113,-8.635339591847178],[179.0943209714472,-8.63600943318053],[179.09350545589643,-8.636368434000726],[179.09241995721496,-8.6371841529766],[179.0918761035548,-8.637392013003169],[179.09106167257593,-8.637948963621904],[179.09077557292818,-8.638347578993596],[179.0910642508067,-8.638416832724815],[179.09118058017862,-8.638345368728157]],[[179.08101746042033,-8.643824420106045],[179.08128317551933,-8.643699165585863],[179.08182830698394,-8.64372086786189],[179.08318995689888,-8.643560641134497],[179.08484111976193,-8.642718879933959],[179.08916426431037,-8.639782584816157],[179.08970665624622,-8.639308333481189],[179.08998830995145,-8.639165427324977],[179.09014619045095,-8.638893381646287],[179.08997666547424,-8.638855854117347],[179.08970514152873,-8.639033312398949],[179.08914491961465,-8.63917002731349],[179.08861811105317,-8.639573866500287],[179.0874986276236,-8.640263740300648],[179.0869892271255,-8.640688007456458],[179.0864458649656,-8.640986930243624],[179.08536035136686,-8.641805530679465],[179.08373028343937,-8.642707970592229],[179.08291617546226,-8.643328392461886],[179.0826443582153,-8.643453752542806],[179.08128203126125,-8.64349067415796],[179.08099531477302,-8.64328216880528],[179.08087316154985,-8.643011646747993],[179.08083966459955,-8.642469457036336],[179.08073081948703,-8.642360684418962],[179.0804592064944,-8.642523365740306],[179.08018692608843,-8.642564409692106],[179.07987013850246,-8.64247472360893],[179.0798896415363,-8.642745803711932],[179.08018843739455,-8.642839953693585],[179.080338922554,-8.64301454931982],[179.0804638501599,-8.643369871168614],[179.08073867064945,-8.643791682613237],[179.08101746042033,-8.643824420106045]]]}},{"type":"Feature","properties":{"year":2012,"certainty":"good"},"geometry":{"type":"MultiLineString","coordinates":[[[179.12323678393807,-8.42854684860866],[179.1233850212401,-8.427461321098018],[179.1233208810888,-8.427190486777052],[179.12292865753554,-8.426650245802051],[179.12260349049697,-8.425838460030663],[179.12231613759525,-8.425669600984548],[179.1217732240925,-8.425995218950032],[179.1212295437693,-8.426180348436063],[179.12103999410775,-8.426660457149579],[179.12054530946455,-8.427476675734066],[179.12014939833412,-8.427875169633715],[179.1196062426544,-8.42815728486222],[179.1189264009891,-8.428298966446759],[179.11869539621483,-8.42857139590459],[179.11879197630094,-8.42866655307726],[179.11906419525016,-8.428643039466916],[179.11960789186875,-8.42845999760954],[179.1220594088051,-8.428532947436128],[179.1228777553907,-8.428772574791983],[179.12314968525013,-8.428696249051882],[179.12323678393807,-8.42854684860866]],[[179.117520884546,-8.428035371215914],[179.1177211376116,-8.427763108274506],[179.11772640695798,-8.427491897537008],[179.1176629567736,-8.426678692972747],[179.11741798282156,-8.426414134581321],[179.1157846074442,-8.426542818633102],[179.11551318179528,-8.426712127215655],[179.1153443806203,-8.426962379056965],[179.11530302414093,-8.42723378467877],[179.11551778891993,-8.42755952015449],[179.11660979813067,-8.428041548983746],[179.11715477234424,-8.428093067267636],[179.117520884546,-8.428035371215914]],[[179.1672755661951,-8.435085428348962],[179.16761584634366,-8.434812373590617],[179.16768382719326,-8.43454082407641],[179.16775270030703,-8.433726922255339],[179.16761502655814,-8.433456509555056],[179.16702441076637,-8.433644124149206],[179.16675216165308,-8.433660845652453],[179.16620666823346,-8.43351570644373],[179.1659348258734,-8.433605458537741],[179.16561101403246,-8.434281103512658],[179.16576865057476,-8.434551406920221],[179.16650583804196,-8.43508968228526],[179.1667606019889,-8.43517520921031],[179.1672755661951,-8.435085428348962]],[[179.16800136708193,-8.436166110311907],[179.16785494941394,-8.436067099394144],[179.16779633779,-8.436167244083714],[179.16785652434783,-8.436349469488611],[179.16800136708193,-8.436166110311907]],[[179.17283813456754,-8.440749269768997],[179.17231356648486,-8.439396314166967],[179.17201272707592,-8.438042117146777],[179.17167634226053,-8.437230462168273],[179.17147975772355,-8.436960378211323],[179.17140003303655,-8.436893636466104],[179.17112766959397,-8.436890124875982],[179.1705852928103,-8.437303899483348],[179.1703132842645,-8.437364012451527],[179.1700407487987,-8.43732978548997],[179.16949489458707,-8.437121019158191],[179.16922243334326,-8.43710007058793],[179.1690406473717,-8.437245055395133],[179.16948775213402,-8.437784927828682],[179.17059410664206,-8.43888178243732],[179.1716882598383,-8.43973556570781],[179.17251062539174,-8.440688410313593],[179.17278402309014,-8.44087639300927],[179.17283813456754,-8.440749269768997]],[[179.18936644979854,-8.471299440441104],[179.18851658073402,-8.469677186931413],[179.18771159876994,-8.468325848105476],[179.18709239500322,-8.466843603219855],[179.18641313866075,-8.464265567533694],[179.18589903538594,-8.462912592670765],[179.1857668053335,-8.462370991737528],[179.18512978948397,-8.460747531429758],[179.18484130009801,-8.460206803016419],[179.18459948241457,-8.459457229021234],[179.184265644938,-8.45885416698137],[179.18409333556073,-8.458312788346007],[179.18288714237974,-8.456150157125917],[179.18250727537136,-8.455067593406724],[179.18129252074047,-8.452583318011463],[179.18026384581648,-8.451012534022903],[179.1800399434625,-8.450471438556468],[179.1797021602865,-8.449930976983714],[179.1792556760213,-8.448577605482742],[179.17854089096608,-8.447579047250077],[179.1782673525212,-8.447367294091208],[179.17799535653134,-8.447430382634618],[179.17785690041507,-8.447771874274446],[179.17791716956484,-8.44804271078262],[179.1785489014176,-8.449006113792997],[179.17950227310777,-8.450203261521912],[179.17964711868123,-8.450575143536195],[179.17978767124956,-8.450744015032578],[179.180197944883,-8.451664643108698],[179.18033564644074,-8.451825647947475],[179.18073525347904,-8.453179277430054],[179.18164450933267,-8.454801234968581],[179.18212810276412,-8.45587542576717],[179.1824522285775,-8.456423754966211],[179.18321261414343,-8.458317706489368],[179.1836792602689,-8.459128612803418],[179.1843970012459,-8.461022797198359],[179.18513145011158,-8.463730395961658],[179.18560930078294,-8.464812404736655],[179.1865327033929,-8.467790109294603],[179.1876540499588,-8.469840050797695],[179.18875082430054,-8.47113423858572],[179.18902443426927,-8.471354386236998],[179.18929713954336,-8.471414547871914],[179.18936644979854,-8.471299440441104]],[[179.19782738352527,-8.517079257343822],[179.19775329586943,-8.517622011539832],[179.19761432584428,-8.51789396539616],[179.19673071184093,-8.519254802488781],[179.19569824791915,-8.520616480836074],[179.19551113990838,-8.521159874606234],[179.19519430189746,-8.52170400199443],[179.19389654370323,-8.524694187174301],[179.19341658796495,-8.525299056425398],[179.19273695355824,-8.526598918681985],[179.191797342291,-8.527960127941956],[179.19133508418153,-8.528776186587937],[179.19044665586085,-8.529949562226957],[179.18881921033847,-8.531177319355129],[179.18800704415494,-8.532065288295167],[179.18638007591022,-8.533380007242913],[179.18448370104574,-8.535224992113324],[179.18204246314667,-8.537066577302939],[179.1798698331026,-8.538242111608673],[179.17932629045083,-8.53846856732762],[179.1785097716406,-8.538596176295165],[179.17714753365237,-8.538567052350167],[179.17630059703552,-8.538758570339697]],[[179.17701668141518,-8.539511440349523],[179.17905799864297,-8.539194906494817],[179.18041754791048,-8.538750476777654],[179.18231904390532,-8.537799974849776],[179.18353584778527,-8.536684091284583],[179.18401029974552,-8.536410248220115],[179.18557300511793,-8.5351653113349],[179.18611600599957,-8.534845431320061],[179.19018273722935,-8.531438849584253],[179.19289570758073,-8.529493455766506],[179.19535361194764,-8.527397625495247],[179.1991336731632,-8.524712441054227],[179.19994701766961,-8.524037958953409],[179.20103253411244,-8.523324194257434],[179.20164112726215,-8.522752161415571],[179.20223069858946,-8.52193531703899],[179.2027660174773,-8.52084761360238],[179.2029516309057,-8.520304227380729],[179.20289986762432,-8.518948688238666],[179.2026772845951,-8.518136450963183],[179.20197963942474,-8.516513406557797],[179.2018389837144,-8.51597187028816],[179.2009647284711,-8.513807488910945],[179.20065495551862,-8.513266909392474],[179.2002776818332,-8.512184377366175],[179.19963954204218,-8.510832153537555],[179.1993987805069,-8.510562348655483],[179.19927258280836,-8.510291895381787],[179.19917614218457,-8.509750106342963],[179.19855231972397,-8.508126630173692],[179.1980501127735,-8.507044799343259],[179.19768693543648,-8.505962181498388],[179.19729610794826,-8.505150886675763],[179.19590258453508,-8.501633572892539],[179.19527969451948,-8.49892540638495],[179.1950599064881,-8.498384309586479],[179.19493765097505,-8.497571494348852],[179.19470470273492,-8.497030471204027],[179.19436854987117,-8.494863019393733],[179.1931165334508,-8.490531375193841],[179.1930090296775,-8.489718474402878],[179.19285160033303,-8.489177023082418],[179.19279921081173,-8.487550305695395],[179.19259524375715,-8.485382103170425],[179.19270623419024,-8.484567972611432],[179.19283242559948,-8.481313237730097],[179.19272016099356,-8.479958024887173],[179.19260141573025,-8.479416354700017],[179.1926443466882,-8.478873775719364],[179.19250015404813,-8.478061079508306],[179.1918386775592,-8.475624275108602],[179.1905632679152,-8.472919743530042],[179.18984466939878,-8.471909401682245],[179.18979001167259,-8.472110573492186],[179.18994547869931,-8.47238087086901],[179.19009084743047,-8.47292239413585],[179.19052735246254,-8.474004622158704],[179.191108089014,-8.476170715922837],[179.19158119340332,-8.478879749684761],[179.19172389322006,-8.47996362398999],[179.1918396919793,-8.482945831785186],[179.19173083127347,-8.485929301960935],[179.1919671883074,-8.487283817274985],[179.19206267786964,-8.488367955564708],[179.1923104013348,-8.489451237146138],[179.19239622375548,-8.490264260528557],[179.19255758088016,-8.49080568995107],[179.19266317046043,-8.491618601763676],[179.19300204652217,-8.49270136866847],[179.1931912314333,-8.493784977762601],[179.193689210944,-8.495138015465674],[179.19418334737932,-8.497304578319673],[179.1942762179199,-8.49811755986529],[179.19452630208917,-8.498658486615211],[179.19457077248754,-8.499200572422621],[179.19516557472934,-8.501366563363504],[179.19523932096885,-8.502179651674966],[179.19553490390484,-8.502720319961126],[179.1962266863671,-8.504885758819718],[179.1966473540465,-8.505696886818237],[179.19708995733004,-8.507050225432613],[179.19750328527752,-8.50786139286157],[179.19767881250166,-8.508448201169498],[179.19835490208163,-8.510025918821512],[179.1984415598584,-8.510838931109255],[179.19845687413286,-8.512194681688852],[179.19903354532624,-8.513547255723575],[179.19907166479632,-8.51408937460423],[179.19898110192833,-8.514903389086337],[179.19832992718165,-8.516534078633592],[179.1979991228308,-8.516844824407299]],[[179.15915410805772,-8.549837039871722],[179.16031814320766,-8.54929680194809],[179.16113226980906,-8.548738073142632],[179.1622189011471,-8.548194103618872],[179.16411860456458,-8.546906711617657],[179.16491671525205,-8.546279598020053],[179.16512502081463,-8.546007260285423],[179.16526588362655,-8.545735299697993],[179.1651997526699,-8.545393190175327],[179.16492702372963,-8.545338731200147],[179.16460561118427,-8.545738991819672],[179.16411427286238,-8.546138929162428],[179.16221252963155,-8.547063924582268],[179.16139834484784,-8.54761142680906],[179.15949999344622,-8.549141624408321],[179.15831152174297,-8.549570566194136],[179.1581704943606,-8.549842526657942],[179.1586874138412,-8.54997583555072],[179.15915410805772,-8.549837039871722]],[[179.1416670387086,-8.560238928745582],[179.1426694846598,-8.55986345875204],[179.14429990539884,-8.55911452203749],[179.1451550225825,-8.558863706568395],[179.145932434959,-8.55874337472176],[179.14756292146978,-8.558008662504768],[179.14891954572067,-8.557020471055697],[179.14975602929792,-8.556126395427196],[179.1500155671127,-8.55558260196575],[179.14999877549056,-8.555149168077307],[179.14972642383094,-8.555163343937934],[179.149456067999,-8.555533328695704],[179.14918469085532,-8.555721316418115],[179.14809709869897,-8.556102150440498],[179.14701027181036,-8.556620048002744],[179.1451092074382,-8.557685512102507],[179.14456505376666,-8.557813058830979],[179.14375027469904,-8.558263911952281],[179.1426813939015,-8.558606248142825],[179.1413666205515,-8.559427063030748],[179.14107680526206,-8.559699845113203],[179.1410296803598,-8.55997128290193],[179.1411361295685,-8.56024187002164],[179.14130992613292,-8.560332213187351],[179.1416670387086,-8.560238928745582]],[[179.13104892111147,-8.565992362376416],[179.1326216128403,-8.565659146349548],[179.13371110127454,-8.565609333549263],[179.13446011665818,-8.565431172604097],[179.13580360765292,-8.564881391823656],[179.1361576436823,-8.564636711978999],[179.13631676887246,-8.564336199448512],[179.13628100426743,-8.564065219679533],[179.13615397448734,-8.563979225477272],[179.1358818063056,-8.56402791434709],[179.1350670551781,-8.564488460073079],[179.13452325590882,-8.564682411216191],[179.1334338361079,-8.564743950154673],[179.13261733380702,-8.564891197740696],[179.13071327768077,-8.565435944348188],[179.1302927346556,-8.565725354887372],[179.1301067855072,-8.565997558856099],[179.13017210101182,-8.566101960630148],[179.13044477715678,-8.566143959865803],[179.13104892111147,-8.565992362376416]],[[179.11885911950623,-8.577720175889683],[179.1192130215672,-8.576904691134615],[179.11915174869165,-8.576633847427063],[179.11905993088868,-8.576571398896457],[179.11878842868757,-8.576742693989894],[179.1183717282225,-8.577451672210675],[179.11833999049324,-8.57772302688442],[179.11879479108225,-8.577890359617223],[179.11885911950623,-8.577720175889683]],[[179.11481331340596,-8.583437176572229],[179.11528314537713,-8.583352706798726],[179.1157090579919,-8.583161081063539],[179.1157984221316,-8.58288940988362],[179.11575907285734,-8.582618445052116],[179.11582358817233,-8.582545527120779],[179.11609601125753,-8.582539492708587],[179.11636935732855,-8.582700045032372],[179.11640101411214,-8.58261492183523],[179.11622584537199,-8.582344702637743],[179.11636400006483,-8.581733140200493],[179.11663569132386,-8.581595152668315],[179.11690792498385,-8.581555085030494],[179.117117665394,-8.58179744567164],[179.11718332628953,-8.582086555637538],[179.11745427519017,-8.581814685904277],[179.1175305703519,-8.581252817393466],[179.11778243096396,-8.580437892908169],[179.1183213939776,-8.579350211347013],[179.1183767501034,-8.57907872694435],[179.11825429218453,-8.578685347705052],[179.11798186042788,-8.578689251333405],[179.1173401653372,-8.580169140797931],[179.11702820620087,-8.58071321453977],[179.11663287247433,-8.58108640475548],[179.11527520615726,-8.581919131806504],[179.11450633772193,-8.582082955487266],[179.11419990766083,-8.582355816856328],[179.11420002434744,-8.582626997252897],[179.11446529090293,-8.583265529970662],[179.11469816144432,-8.583437808232514],[179.11481331340596,-8.583437176572229]]]}},{"type":"Feature","properties":{"year":2012,"certainty":"insufficient data"},"geometry":{"type":"MultiLineString","coordinates":[[[179.17630059703552,-8.538758570339697],[179.17497122930817,-8.539099181525808],[179.1736122350763,-8.539643792010951],[179.17306907346307,-8.539938911741018],[179.1722210225552,-8.540272906970893],[179.17211412942217,-8.540544677998408],[179.17225602419512,-8.540681106019735],[179.17252835320033,-8.540665559541663],[179.1747036038537,-8.539944761480488],[179.17701668141518,-8.539511440349523]],[[179.103296827539,-8.633018803592778],[179.10356731253017,-8.632656023907968],[179.10366936654256,-8.632310995514311],[179.1036474220514,-8.632039933717344],[179.1035631533977,-8.631905238921085],[179.10328988603874,-8.631765614354546]],[[179.10328992609504,-8.631772846492677],[179.10350563331144,-8.63258307606957],[179.1032952807897,-8.632739576342097]]]}},{"type":"Feature","properties":{"year":2013,"certainty":"good"},"geometry":{"type":"MultiLineString","coordinates":[[[179.08027014017281,-8.465116226961394],[179.08064179102632,-8.464300684041424],[179.08109347477725,-8.463755902945879],[179.08123363572508,-8.463483968589003],[179.081398606217,-8.46294071415324],[179.08138645418242,-8.462022854852494],[179.08121884157583,-8.461585731467466],[179.08083674216692,-8.461099474908636],[179.08001787591525,-8.460775776098089],[179.07919757605103,-8.4601846579436],[179.07892523174783,-8.460190543517225],[179.07866364917922,-8.460514573318303],[179.078617178894,-8.46078600882962],[179.0786623619946,-8.461962809727364],[179.07939645784134,-8.46376493592622],[179.07968755237115,-8.465119328079085],[179.0797696510127,-8.4652749373926],[179.08004259131027,-8.465379399502591],[179.08027014017281,-8.465116226961394]],[[179.061917125789,-8.490976646191154],[179.0620520958574,-8.49070474104944],[179.0619610865737,-8.490434031887794],[179.06165346904777,-8.49028895838492],[179.06110802055173,-8.490167466789298],[179.06001886709458,-8.4902512452823],[179.05974698654046,-8.490348684542441],[179.05947844601994,-8.490718353758183],[179.05945342145236,-8.490989677267462],[179.06002377161897,-8.491170622585646],[179.0611135776542,-8.491208624805854],[179.06165779941205,-8.491100064075845],[179.061917125789,-8.490976646191154]],[[179.0370313701892,-8.512260747427115],[179.0375247146747,-8.512062098971459],[179.0378879690852,-8.511713867926023],[179.0380089532819,-8.511442039106036],[179.03795504402552,-8.510628738286323],[179.03837942078252,-8.510355318801487],[179.03860259357654,-8.510082954135418],[179.03832968100411,-8.509739060929306],[179.03805718071212,-8.50972342889791],[179.0375139114412,-8.51001955953513],[179.0363189708898,-8.51090850683072],[179.03615788981148,-8.511167743765316],[179.03606772741273,-8.511723407274507],[179.03616254583855,-8.512048575256483],[179.0364361989973,-8.512281903705333],[179.0370313701892,-8.512260747427115]],[[179.07068839256104,-8.598320865152344],[179.07091749382835,-8.598048444458676],[179.07101260414174,-8.597776744673562],[179.0709487110462,-8.597485901766722],[179.0706753707267,-8.597326516591751],[179.06984556457266,-8.597511834031137],[179.06954028840553,-8.597784663776235],[179.06959944495142,-8.598055533965837],[179.06988616503307,-8.598325180357145],[179.07013638852297,-8.598425546684433],[179.07040890486348,-8.59843306400908],[179.07068839256104,-8.598320865152344]],[[179.10078223145814,-8.605479724437282],[179.1006816542124,-8.60385317566179],[179.10039751178027,-8.602498811907838],[179.10033895478787,-8.598973750843216],[179.1002381801871,-8.598703117639007],[179.10010951809463,-8.598624155658493],[179.09969324069095,-8.600062007374804],[179.09961754031784,-8.601418336716455],[179.09969081638184,-8.602502669746267],[179.10027000261405,-8.60494015608042],[179.1003295952346,-8.605482196803644],[179.10042065671138,-8.605639699150032],[179.10069319201725,-8.605650517803278],[179.10078223145814,-8.605479724437282]],[[179.1036112665963,-8.632582496495495],[179.1036723205642,-8.632039797109364],[179.10338861947628,-8.631498989067287],[179.10326033446404,-8.63068614592301],[179.10338426558476,-8.629871919371718],[179.10334100344937,-8.629600974360079],[179.10300598605002,-8.628789264501703],[179.10260216198773,-8.628249113568707],[179.10201039875662,-8.627167626744505],[179.10135270073027,-8.626391884414227],[179.1002764402538,-8.624465295267832],[179.09939852895914,-8.62338536711627],[179.09797644316362,-8.62122367735651],[179.0971208400756,-8.619330068320776],[179.09687414829958,-8.61851786512309],[179.09667376491316,-8.617163041581462],[179.09673929905316,-8.614993215409896],[179.09707843298926,-8.613364263147291],[179.09733037793035,-8.612549337495306],[179.09779595906647,-8.611462062332222],[179.0980848452413,-8.61118930191408],[179.09854009489294,-8.610497342249078],[179.09941886630358,-8.609554917840391],[179.09989384316088,-8.608929270932562],[179.10044698119066,-8.607922203089002],[179.10051740765388,-8.607650635295904],[179.10043115092213,-8.607542644521056],[179.10015850963836,-8.607512863289747],[179.09799388584113,-8.61027050906201],[179.09745418266093,-8.611224424749722],[179.09664597741255,-8.612901060667895],[179.09627581465844,-8.614182193918486],[179.0962905472144,-8.614995664461203],[179.0960722680354,-8.615810406532912],[179.09606202934174,-8.617166380693053],[179.09640704491034,-8.618989603668462],[179.0969305426803,-8.620687024975359],[179.0975866736372,-8.62203935731528],[179.0978287762704,-8.622851584118997],[179.09931475328216,-8.625555289519651],[179.09994974882252,-8.626365363450391],[179.10065554692025,-8.627446230734396],[179.10071862534681,-8.627717068062836],[179.10068822086475,-8.627988417312293],[179.10043319770858,-8.629074544950576],[179.09979509686855,-8.63016277038183],[179.10001150433555,-8.630237256658189],[179.10082880057158,-8.63020403727073],[179.101921067401,-8.630618601013028],[179.10202331388217,-8.630964111122676],[179.10198019742495,-8.631235529962574],[179.10217419383505,-8.631505648938072],[179.10317141614294,-8.6317713627728],[179.10339395964905,-8.632041324270107],[179.10356758169107,-8.632704609104172],[179.1036112665963,-8.632582496495495]],[[179.07931279172234,-8.621867595478385],[179.07940229432168,-8.621595924289096],[179.07898100195206,-8.621394686294712],[179.07870840125418,-8.62137454299298],[179.07829677895384,-8.621601911172787],[179.07829444835446,-8.621873110331228],[179.078439252452,-8.621985849320811],[179.07871185374276,-8.622006013743482],[179.07931279172234,-8.621867595478385]],[[179.07886177225137,-8.626209021012338],[179.07936167721815,-8.625392753104425],[179.07953410115215,-8.624849446091973],[179.0794858996811,-8.624578520996659],[179.07926887307474,-8.624206730645593],[179.07872305924857,-8.624055204389968],[179.07845096661566,-8.624128334299192],[179.07817996872572,-8.624401712474041],[179.07804890120448,-8.62485749186371],[179.07795945325685,-8.625671535904528],[179.07799271479863,-8.625942542311558],[179.07819053107835,-8.626333250914325],[179.07846353129477,-8.626425761875526],[179.07873555323954,-8.626339428958131],[179.07886177225137,-8.626209021012338]],[[179.0786311840346,-8.627837388862252],[179.07862895765012,-8.627023841679502],[179.07819210782614,-8.62662155240898],[179.07791967045782,-8.626631992020334],[179.07764782215648,-8.626750176409944],[179.07727752866396,-8.627031161607169],[179.0770867987583,-8.627303380973585],[179.0771077986246,-8.627658547523298],[179.07738168533868,-8.627913014919377],[179.07820018877658,-8.62809896218482],[179.07847225312386,-8.628020158183386],[179.0786311840346,-8.627837388862252]],[[179.07504108459625,-8.641144984860775],[179.0752501032823,-8.640601478845575],[179.07554169639684,-8.640256469773549],[179.0758138470728,-8.640191776135362],[179.07636078860475,-8.640544849614765],[179.07647606872845,-8.64032364844321],[179.07645307679638,-8.640052586455633],[179.07619154651877,-8.639240443971238],[179.07583944139907,-8.63842879175148],[179.07558706520766,-8.638158972220557],[179.07513006121576,-8.637890260688428],[179.07498270371553,-8.637699511516214],[179.07481171069844,-8.63707842387107],[179.07477787888467,-8.63626504623325],[179.0751735761168,-8.635449343169956],[179.07552810347238,-8.634905049823146],[179.07558363377242,-8.634633562299994],[179.07550721021414,-8.633950600070607],[179.0751517674518,-8.63382233984116],[179.07523323092735,-8.633679998301696],[179.07550564592228,-8.633664452687064],[179.07577740427186,-8.633528815458101],[179.07600724792164,-8.63327533440554],[179.07608219225574,-8.633003741796848],[179.07601783643813,-8.632732903510268],[179.07577123929232,-8.632401123259944],[179.07549740460266,-8.63215675037645],[179.0752247223315,-8.632123193068997],[179.0749531655398,-8.6322956070085],[179.07468238390624,-8.632609943982336],[179.074511476374,-8.633554618347704],[179.07411028579844,-8.634099163314508],[179.07361077390766,-8.635186614320501],[179.07347993354003,-8.636000883647258],[179.07298403910386,-8.637359502387627],[179.07283106515635,-8.638445078880785],[179.07317344349804,-8.639799162320902],[179.07337944566555,-8.640069234567951],[179.07391126640803,-8.641097691998318],[179.07445761781472,-8.64134279152775],[179.0747301688306,-8.641351091298583],[179.07504108459625,-8.641144984860775]],[[179.08103656496112,-8.643824316278774],[179.0812832186333,-8.643707021134963],[179.08291786048588,-8.64363517791643],[179.08373369141128,-8.643328237189287],[179.0852940802778,-8.642445228627977],[179.08807853073606,-8.640559310557192],[179.09079268000934,-8.638585614636934],[179.09269344862142,-8.637364006982821],[179.09459495649102,-8.636278808588695],[179.09758514475718,-8.634958880534224],[179.09948965561537,-8.634422151521035],[179.1011348043599,-8.634223171985283],[179.1016672817323,-8.633998674681445],[179.10221042661533,-8.63366516951826],[179.10247957899762,-8.633402251326928],[179.10262199610557,-8.633130287876238],[179.1025837678451,-8.632859315170545],[179.10247756421353,-8.632697597668473],[179.10220413847028,-8.632529441454091],[179.10193131086655,-8.632469301816407],[179.10173188442434,-8.632592803683519],[179.10176121656087,-8.63340619040478],[179.10166557928136,-8.633691135773926],[179.1013937654982,-8.633814324089192],[179.10084696013922,-8.633486535770777],[179.1003014280312,-8.633388768616907],[179.10002826679482,-8.633268430033988],[179.09947700653737,-8.632134630753947],[179.09920464102663,-8.63215803116753],[179.09900585440653,-8.632607737817336],[179.0984160827397,-8.633424515432733],[179.09703838525562,-8.634639371161485],[179.09649481953673,-8.634898029467966],[179.09595059634967,-8.635037772562985],[179.094842470116,-8.6356135289845],[179.09432103454014,-8.63602086768887],[179.09350526156416,-8.636333202296756],[179.09241976922124,-8.637150056008771],[179.09187608365576,-8.63738840300958],[179.09106137606088,-8.637895153623747],[179.09051948106753,-8.638458925534026],[179.08997640415734,-8.63880841213489],[179.08916054220464,-8.639106623049265],[179.08861829854177,-8.639607924103627],[179.08753168494957,-8.64022491740846],[179.08698916433144,-8.640676593364047],[179.08644575590043,-8.64096710096694],[179.08536033675136,-8.641802872287812],[179.0840018290446,-8.642533359209223],[179.08291610571987,-8.643315694504473],[179.08237204383983,-8.643488618485996],[179.08128213117416,-8.643508879157883],[179.08100244514688,-8.643282130056786],[179.08086004329854,-8.64274053217181],[179.08088408878103,-8.642469215660505],[179.0807759362927,-8.642198617412493],[179.08071344812038,-8.64219895690838],[179.0804593651897,-8.642552296127556],[179.08018683254255,-8.642547353945071],[179.07991367176183,-8.64242787829001],[179.07959492730495,-8.642476218139398],[179.07980840434774,-8.64274624490744],[179.08018870028258,-8.642887882972268],[179.0803026221157,-8.64301474651656],[179.08046416772896,-8.643427758481598],[179.08073870115635,-8.643797242501877],[179.08103656496112,-8.643824316278774]]]}},{"type":"Feature","properties":{"year":2013,"certainty":"good"},"geometry":{"type":"MultiLineString","coordinates":[[[179.12317135300913,-8.428547202651648],[179.12334532176078,-8.42746153589907],[179.12329663809405,-8.427190617940482],[179.12231790860145,-8.425994349972306],[179.12177365081587,-8.42607348527475],[179.12150070074944,-8.425962447953454],[179.1212285715175,-8.426001980893103],[179.12084815125652,-8.426932675653696],[179.1205036973094,-8.427476900582896],[179.1201491893888,-8.427836825517087],[179.11895313282523,-8.42829882209724],[179.11870326214714,-8.428571353432746],[179.1187924884109,-8.428760582287351],[179.11960801871243,-8.428483279260881],[179.12205935234653,-8.42852259674364],[179.12287738651517,-8.428704975715728],[179.12317135300913,-8.428547202651648]],[[179.1175856754824,-8.428035021590416],[179.11769968795392,-8.427763224026332],[179.11766753514678,-8.426407485945013],[179.1171452641489,-8.426345584629365],[179.11660148047287,-8.426512488754852],[179.11578459227417,-8.426540028551115],[179.1155132446109,-8.426723681546898],[179.11535006355416,-8.426962348426423],[179.11530779080115,-8.427233758986572],[179.11547496778024,-8.427504040553716],[179.11633687195106,-8.427935072932527],[179.11715504122057,-8.428142477779655],[179.11742747274621,-8.428158020447786],[179.1175856754824,-8.428035021590416]],[[179.1673100716713,-8.435085237617562],[179.1675970744654,-8.43481247736524],[179.16768661501587,-8.434540808664696],[179.16768016811656,-8.433998496903252],[179.16776527579972,-8.433455679045354],[179.1675673465702,-8.43333046256015],[179.16702414250867,-8.433595994729465],[179.1667519963791,-8.433631189413214],[179.16630805374467,-8.433463731481082],[179.16620580526714,-8.433360815558409],[179.16593425602534,-8.43350316703766],[179.16561236655713,-8.434009921984158],[179.16552962511616,-8.434281552996014],[179.16568914129587,-8.434551846068821],[179.16676069083533,-8.435191148527343],[179.16703309443872,-8.435201950152944],[179.1673100716713,-8.435085237617562]],[[179.16796557650477,-8.436166308234505],[179.1678549541105,-8.436067941461491],[179.1677821938513,-8.436167322292974],[179.16785631015284,-8.43631106702013],[179.16796557650477,-8.436166308234505]],[[179.1730925995923,-8.441019031279263],[179.1724892185607,-8.439666513272122],[179.17229620866374,-8.438854064691657],[179.17179803308437,-8.437500960919547],[179.1714598553275,-8.436960488459203],[179.17112757449652,-8.436873101945853],[179.17058522479513,-8.437291721981063],[179.17031324911486,-8.437357718483442],[179.16922184730126,-8.43699507589387],[179.1688523880814,-8.436974923600244],[179.16893702922053,-8.437245628742724],[179.17059435536015,-8.438926304386975],[179.17168840189586,-8.439760979411146],[179.17278461275419,-8.440981814028627],[179.17305791969034,-8.441153513905228],[179.1730925995923,-8.441019031279263]],[[179.17336098668184,-8.44183106057322],[179.1733680581907,-8.44155984871486],[179.1733321180344,-8.44148449350572],[179.17330253859433,-8.44156021216023],[179.17336098668184,-8.44183106057322]],[[179.17426945565364,-8.442910709777525],[179.1741563032347,-8.442760959845707],[179.17390138201458,-8.442912752550725],[179.1741581967355,-8.443099187420536],[179.17426945565364,-8.442910709777525]],[[179.17368967525888,-8.540264669200562],[179.17497581437968,-8.539908487049095],[179.17742490040132,-8.539440210692733],[179.1790581760261,-8.539226158529665],[179.18041767810746,-8.53877340227419],[179.18204768190273,-8.537984961498488],[179.1847593538912,-8.535794914059341],[179.18611616824143,-8.534873938071108],[179.1901828928654,-8.531466155902388],[179.19181036371458,-8.530243681690822],[179.19397926750895,-8.528431485329927],[179.19642043645587,-8.526598924261002],[179.19804874214626,-8.52553004585632],[179.19994705643145,-8.52404473546958],[179.2010326374592,-8.52334225440562],[179.2015744859336,-8.52282671072338],[179.20225738155793,-8.52193516566898],[179.20278781608482,-8.52084748992626],[179.20294923703844,-8.52003307441247],[179.20289038961448,-8.519219908577629],[179.20267024406198,-8.518136490894008],[179.2016332589033,-8.515430702616964],[179.20062680785375,-8.513267068797767],[179.2002742206619,-8.51218439696174],[179.19975940542145,-8.51110264242661],[179.19942450979664,-8.51056220307224],[179.19876980398607,-8.50869933627547],[179.1981197724342,-8.507315573135818],[179.19689762344234,-8.504068466468523],[179.1963666358778,-8.502986793319794],[179.19588180129412,-8.501633690181842],[179.19566966173903,-8.500821383173152],[179.19470084624015,-8.496759324675729],[179.1943517554542,-8.494863114032912],[179.1931312176698,-8.490531292533538],[179.1928477973658,-8.488363538417968],[179.19269187488706,-8.485110390896834],[179.19284787523577,-8.481313150863985],[179.19277575418838,-8.479957712374144],[179.19250924066813,-8.478061028445302],[179.1918305083361,-8.475624320989374],[179.19152417173453,-8.474812534103135],[179.1907227080749,-8.47319001807672],[179.1903936135422,-8.47265387733472],[179.1899283994439,-8.472109797279137],[179.18986476500018,-8.471838984801408],[179.18956998625606,-8.471499703214254],[179.18783706951578,-8.468596315121488],[179.18705158522684,-8.466702524606207],[179.18654096258607,-8.464807192473373],[179.18570876900532,-8.462371316285916],[179.18404833282509,-8.458315221943833],[179.18292340788364,-8.456149954731021],[179.18239473871273,-8.454859191452886],[179.1817636654386,-8.45371588633169],[179.18101754607017,-8.452117047625736],[179.1797912496029,-8.449930480857839],[179.17931599323742,-8.448848441224625],[179.17854078755093,-8.447560622149105],[179.17826703439232,-8.44731060552408],[179.17799519274084,-8.447401192814626],[179.17794507927474,-8.447500211989505],[179.17786565221226,-8.447771825591195],[179.1779089589159,-8.448042756458156],[179.17822628855885,-8.448583334460547],[179.17926810007114,-8.449933393914051],[179.17974072089572,-8.450744276519018],[179.18038018938057,-8.452096571064144],[179.1804752408459,-8.452544118163626],[179.18075151094504,-8.453240824339284],[179.18253971457463,-8.456694437654484],[179.18267975362866,-8.457108303689386],[179.18367179256373,-8.45912865450906],[179.18417549497818,-8.460481693820878],[179.18510319023196,-8.463730553975127],[179.18551765174658,-8.464541747104484],[179.1862698674724,-8.466978070211706],[179.18670012181107,-8.468060342112068],[179.18765352505343,-8.469747168277829],[179.18900535580403,-8.471301464995854],[179.1894802708069,-8.471569971689801],[179.18957172118883,-8.471806363863937],[179.19006843448545,-8.472380181145589],[179.1901221946456,-8.47282116499039],[179.19055852182137,-8.474004447238071],[179.19100629597108,-8.47590011829488],[179.19122321957178,-8.477254745931724],[179.19148015580106,-8.478337979179503],[179.191587558456,-8.479422051972257],[179.19171354907775,-8.479963682111537],[179.19182354165585,-8.48294592256608],[179.19172067808637,-8.485929359048672],[179.1919380520236,-8.487012812273624],[179.19210374470467,-8.488638893380173],[179.1925208124917,-8.490534728155424],[179.19266795479544,-8.491618574834021],[179.19304439749624,-8.492972298824755],[179.19323400191914,-8.494055905460346],[179.19365414947217,-8.495138212986726],[179.19393208705858,-8.496221320791411],[179.19419922198375,-8.49784682554281],[179.19452232802513,-8.498658509021075],[179.1945677471024,-8.499200589481212],[179.19511217742397,-8.50109569645037],[179.1953002294606,-8.502179308016705],[179.1956062114274,-8.502719917549394],[179.19625964292862,-8.504885572732029],[179.19653047456677,-8.50542637909116],[179.1970783299082,-8.507050291127689],[179.19750333447166,-8.507861392583543],[179.1979554398702,-8.509191073737329],[179.1983463412076,-8.510025967234888],[179.19845632994335,-8.511110015015982],[179.19845096844318,-8.512194715096484],[179.19877804382077,-8.513006366854338],[179.19895554533625,-8.513276529805236],[179.19911356587912,-8.513817970160186],[179.1988873559098,-8.515175086995967],[179.19833399249055,-8.516534055626632],[179.19799894042998,-8.516812880552502],[179.19781872861282,-8.517079306316587],[179.19778134133006,-8.51762185284223],[179.19764842696736,-8.517893772438052],[179.19676476079147,-8.519254609873581],[179.19575292275218,-8.520616171636217],[179.19470413700668,-8.522791445232517],[179.1939164140044,-8.52469407484384],[179.19341672593367,-8.52532324496714],[179.19272846066804,-8.526598966678534],[179.1917972710479,-8.527947632360233],[179.19133689846967,-8.528776176338699],[179.1904644224912,-8.529865778621938],[179.1896328906811,-8.530555751737122],[179.1890283240107,-8.530958561952438],[179.18800687125437,-8.532034924891867],[179.18692194450085,-8.532861751901931],[179.18448332534658,-8.535158933013438],[179.1820424924218,-8.537071729351963],[179.17959827335332,-8.538392592726506],[179.17823753368467,-8.538627289762712],[179.17769223356441,-8.538544251255441],[179.17714751105825,-8.538563067834858],[179.17524297369695,-8.538980750448511],[179.17497099966366,-8.539058645155132],[179.17415634944754,-8.539517078089977],[179.17279858176246,-8.539998496507843],[179.17227543803347,-8.540272601850155],[179.17252728596037,-8.540476993943443],[179.1727999414926,-8.540519168846762],[179.17368967525888,-8.540264669200562]],[[179.15917764188845,-8.54983690856488],[179.16029875842918,-8.549288304445703],[179.16194731154678,-8.548342139254222],[179.16411869489616,-8.546922721885299],[179.16466119156456,-8.546506486291065],[179.1650995226136,-8.546007402882664],[179.16524954711772,-8.545735391062308],[179.16519976861287,-8.545396014986748],[179.1649269151296,-8.545319486622715],[179.1645976227843,-8.545739036482441],[179.16411417754657,-8.546122033888658],[179.16221256805295,-8.547070740236764],[179.16100407799115,-8.547928499204914],[179.1594999537896,-8.549134582527754],[179.158267539962,-8.549570811483067],[179.15815530051526,-8.549842611392535],[179.15868736541174,-8.549967233479151],[179.15917764188845,-8.54983690856488]],[[179.1410583325844,-8.560513477721836],[179.14185451324002,-8.560281167331432],[179.14431476077903,-8.559139544430405],[179.1453880611652,-8.558831775907956],[179.14620453312418,-8.55868336716565],[179.1475630548486,-8.558032453444604],[179.14871282716285,-8.557216895300998],[179.14982366535133,-8.55612601942457],[179.1501438283867,-8.555581888882882],[179.15009124146877,-8.555039830690317],[179.1499975527406,-8.554931234922524],[179.1497260711538,-8.555100478314303],[179.14945577851861,-8.555481723866837],[179.14918442511728,-8.555673939150884],[179.14701021902147,-8.556610627982879],[179.14592356240658,-8.557159547042048],[179.14510918429343,-8.557681378852612],[179.14456488429224,-8.557782786377352],[179.14375027096946,-8.558263245537677],[179.1429342731712,-8.558496651793083],[179.14133979861683,-8.559427211609208],[179.14103323891464,-8.55970008642013],[179.14099274176286,-8.559971487500922],[179.14101296592105,-8.560513729021304],[179.1410583325844,-8.560513477721836]],[[179.13130496213228,-8.565990949749688],[179.1326218022601,-8.565693139446248],[179.13398366419787,-8.5656311308909],[179.1347119416678,-8.565429781101741],[179.13615752766097,-8.56461592280583],[179.136355117701,-8.564335987397866],[179.13641453780338,-8.564064481321653],[179.13615345814483,-8.56388669736761],[179.13506693115326,-8.564466225048356],[179.1345231610008,-8.564665392275153],[179.13316152166675,-8.564766634142492],[179.13180105220889,-8.565078255976257],[179.13071333207944,-8.565445715709444],[179.13026794001317,-8.565725491622372],[179.13007262786758,-8.56599774721415],[179.13017252359714,-8.566177880505501],[179.130445151187,-8.5662111476274],[179.13130496213228,-8.565990949749688]],[[179.11506877916187,-8.583435775104952],[179.11582716086752,-8.5831904598288],[179.11636971972322,-8.582765447694717],[179.11642934018562,-8.582614766346387],[179.11616744471274,-8.582345023170523],[179.1162034312666,-8.582073644955926],[179.11636409611094,-8.58175047606181],[179.11663602550456,-8.581655463760617],[179.11690872067462,-8.581698668380135],[179.11704566744135,-8.581797840974323],[179.11718370627278,-8.582155111145367],[179.11745448969552,-8.58185338270899],[179.11779851382212,-8.580437804589685],[179.11834645343035,-8.579350073715421],[179.1185973150589,-8.57826397447795],[179.11869381095798,-8.577992264156787],[179.11879505235217,-8.577937484770263],[179.11901619211554,-8.577176952553803],[179.1192591303878,-8.576904437857703],[179.1192828090211,-8.576633127537836],[179.1190593220636,-8.576461580915021],[179.11881698313758,-8.576635686027958],[179.11857379842638,-8.577179382202347],[179.1183283410857,-8.577451910452313],[179.11821369292142,-8.577723720390036],[179.11847325682155,-8.577993475441822],[179.11844126252066,-8.578264831519997],[179.11798093052593,-8.578521474524228],[179.11733646182282,-8.580169161130698],[179.11697915518738,-8.580713483810028],[179.11636133998957,-8.581252994956362],[179.11554659217228,-8.581725902690948],[179.1152749203024,-8.581867510717077],[179.11473044257698,-8.581946024259528],[179.11441846764163,-8.582083437353516],[179.1141749819683,-8.58235595353148],[179.11415981781954,-8.582627217723491],[179.11428228886186,-8.58289772716557],[179.11419288548302,-8.583274903260705],[179.11392092013702,-8.583363795501509],[179.1136482915952,-8.58333288386397],[179.1133533465396,-8.583445182601489],[179.11364990783514,-8.583624922437492],[179.11506877916187,-8.583435775104952]]]}},{"type":"Feature","properties":{"year":2013,"certainty":"insufficient data"},"geometry":{"type":"MultiLineString","coordinates":[[[179.10328111838695,-8.630182469351674],[179.10335150663911,-8.629872099037968],[179.10327743499644,-8.629517282120908]],[[179.10329719440986,-8.633085031660993],[179.10356758169107,-8.632704609104172],[179.1036723205642,-8.632039797109364],[179.10328786260774,-8.631400277082824]]]}},{"type":"Feature","properties":{"year":2014,"certainty":"good"},"geometry":{"type":"MultiLineString","coordinates":[[[179.08026209676723,-8.465116269782396],[179.08048523618746,-8.464572705624859],[179.08121564011623,-8.463484064419186],[179.0814169451257,-8.462669428542263],[179.08134363515032,-8.461856255018821],[179.08122950984026,-8.461585674669221],[179.08083678982092,-8.46110834985623],[179.08001785089556,-8.460771114478243],[179.07919740140633,-8.46015210327716],[179.07892498741077,-8.46014499186221],[179.07879905177074,-8.46024266496976],[179.07865496967645,-8.460584668990212],[179.07866240458566,-8.461970749251089],[179.0793880073467,-8.463764980888572],[179.0796805262482,-8.465119365473875],[179.07976969395563,-8.46528293506059],[179.08004259493907,-8.465380075232664],[179.08026209676723,-8.465116269782396]],[[179.06192766762413,-8.490976590399598],[179.06205547760703,-8.490704723151296],[179.06197259604707,-8.490433970977579],[179.06165344628454,-8.490284694470677],[179.0611080492353,-8.490172841170484],[179.0600189257854,-8.490262247779246],[179.05963800251024,-8.490446319111967],[179.05950935906833,-8.490718190351801],[179.05975052637663,-8.491012334608024],[179.06084113191164,-8.49120019584602],[179.06138580322738,-8.491175817834458],[179.06192766762413,-8.490976590399598]],[[179.03710642710647,-8.512260354034108],[179.03752477891427,-8.512074243058159],[179.03789433140386,-8.511713834568049],[179.0380050102817,-8.511442059779931],[179.03792710330856,-8.510900079265179],[179.03796050746786,-8.510628709643806],[179.0383997319903,-8.510355212299167],[179.03859084820556,-8.51008301572691],[179.03832975272203,-8.509752617143652],[179.03805722322664,-8.509731466144952],[179.0375138921177,-8.510015905631436],[179.0363322778466,-8.510908437121682],[179.0361593447186,-8.511180537785274],[179.03605893775335,-8.511723453317842],[179.03616268290787,-8.512074504723838],[179.03643630899074,-8.51230270784823],[179.036708890749,-8.51233335834439],[179.03710642710647,-8.512260354034108]],[[179.07063341045162,-8.598321160956036],[179.07087140543092,-8.598048692434574],[179.07098941271263,-8.597776869456283],[179.07092622896337,-8.597506021362962],[179.07067559829375,-8.597368421100281],[179.06985898575516,-8.597517954028756],[179.0695344162215,-8.597784695349512],[179.06958004398336,-8.59805563828586],[179.0698634008844,-8.598331226648721],[179.07013638950644,-8.598425727800814],[179.070408834968,-8.598420193340976],[179.07063341045162,-8.598321160956036]],[[179.1007459027315,-8.605751105899138],[179.10082434219046,-8.605479494395121],[179.1006676141016,-8.603853252341237],[179.10041707813895,-8.602498705076949],[179.10044244715857,-8.600871467915852],[179.1003581648054,-8.600329561735375],[179.10035444176145,-8.59951603262578],[179.10041174710184,-8.598973353566443],[179.10037257898637,-8.598702384180928],[179.10010912595547,-8.598552969995971],[179.0999442799786,-8.599247087832564],[179.09972167495152,-8.59979066897075],[179.09962749763028,-8.601147099128521],[179.09966288763877,-8.602231638952572],[179.09978765868684,-8.603044507570102],[179.1002542624591,-8.604940242038214],[179.10030912737167,-8.605482308589572],[179.10042116249826,-8.605731424959998],[179.10069399708087,-8.605796498625828],[179.1007459027315,-8.605751105899138]],[[179.100431151086,-8.607542674236146],[179.10015846715902,-8.607505160240915],[179.10001162734233,-8.607653398235168],[179.09967935204165,-8.608197579320455],[179.0979938911738,-8.6102714767527],[179.09731976508095,-8.611464661409206],[179.0968048760732,-8.612552205375774],[179.09628025803056,-8.614182169673857],[179.0962823660137,-8.61499570910503],[179.09607149427052,-8.615810410755213],[179.09606326503268,-8.617166373949114],[179.09640741837828,-8.619057356230837],[179.09692216977777,-8.6206870707085],[179.0975817931098,-8.62203938398535],[179.09793738157546,-8.62312217376314],[179.09892513386828,-8.624743871806528],[179.0994418828063,-8.625779381430682],[179.0999357292752,-8.62636544018496],[179.1006557017217,-8.627446229886718],[179.10072114441303,-8.627717054267782],[179.10068897702405,-8.627988413171304],[179.1004250663938,-8.629074589480368],[179.09978731100165,-8.630162813012086],[179.1000115530285,-8.63024606345491],[179.10082883010992,-8.630209377628047],[179.10164786662205,-8.630490760893137],[179.10192124258495,-8.630650255194553],[179.10200250669692,-8.63096422517997],[179.10195970882745,-8.631235642274612],[179.1021434426214,-8.631505817526822],[179.10317884332383,-8.631771322033517],[179.10341610793367,-8.632041202766224],[179.10356724646434,-8.632644098579048],[179.10364027648097,-8.632039972921872],[179.10356295233973,-8.631868943258706],[179.10342402356812,-8.631769977099676],[179.10325792016343,-8.630686159164755],[179.10339602787678,-8.629871854860813],[179.10336156804152,-8.629600861578014],[179.10299691556594,-8.628789314233998],[179.10258849431153,-8.628249188487779],[179.10220357109174,-8.627437750751017],[179.101497545501,-8.626628071222722],[179.10027524751126,-8.624465301795832],[179.09938418151512,-8.623385445598622],[179.09796180947444,-8.621223757330942],[179.09712002532444,-8.61933007277072],[179.0968753464499,-8.618517858580507],[179.09668577605711,-8.617162976009807],[179.09671835271638,-8.615264513300787],[179.09686707651412,-8.61417896733096],[179.09712168134303,-8.613092843576814],[179.09764850104108,-8.611734050677487],[179.0988107119215,-8.610159514497365],[179.09987983392384,-8.609010033681201],[179.10042966757064,-8.607922297679279],[179.10049869962933,-8.607650737504558]],[[179.07928865937885,-8.621867726198671],[179.07940848501104,-8.621595890754655],[179.07898108926005,-8.621410653650202],[179.07870851774257,-8.621395849854968],[179.0783024717877,-8.621601880351575],[179.07829488601618,-8.621873107961642],[179.07843917785164,-8.621972203366408],[179.07928865937885,-8.621867726198671]],[[179.07882137900506,-8.626209239873237],[179.07934395432585,-8.6253928491464],[179.0795171371348,-8.624849538023565],[179.07948251428238,-8.624578539341925],[179.0792688605199,-8.624204435626357],[179.0787231916412,-8.624079412472193],[179.07845108381701,-8.624149767281281],[179.07818003678648,-8.624414160194643],[179.07793243689324,-8.625671682214106],[179.07795533998086,-8.625942744727189],[179.07819083665598,-8.626389125236678],[179.07846344115748,-8.626409282704058],[179.07882137900506,-8.626209239873237]],[[179.07820419612165,-8.628110888821938],[179.07847228115835,-8.628025282545119],[179.07862318195467,-8.627837432223018],[179.07860292902458,-8.627023982706811],[179.07819192751847,-8.626588584445674],[179.0779195000561,-8.626600831238942],[179.07726925113778,-8.627031206427187],[179.07705324148566,-8.627303562662686],[179.0770234759323,-8.627574910500394],[179.07722065573012,-8.627845029495472],[179.07738178386265,-8.627931033564469],[179.07820419612165,-8.628110888821938]],[[179.07505305596678,-8.641144920006692],[179.07524920782433,-8.640601483696837],[179.07554161755894,-8.64024205955504],[179.07581387724557,-8.64019729051693],[179.07608775984014,-8.64044910135101],[179.07636094024292,-8.640572554538261],[179.07646442914884,-8.640323711537317],[179.07643745638163,-8.64005267112486],[179.07628237479972,-8.639782325047872],[179.0759722677319,-8.638699258812837],[179.07582710411793,-8.638428858592835],[179.07556008440068,-8.638159118375398],[179.07525695386386,-8.63801901049278],[179.07498295520466,-8.6377455054887],[179.07477684370528,-8.63707861265146],[179.0747499114012,-8.636265197641578],[179.07514606364313,-8.635449492129798],[179.07549612220058,-8.634905222997084],[179.07555509803151,-8.634633716816442],[179.07550753672672,-8.634010325997489],[179.07511000800133,-8.633822565893466],[179.07523241537407,-8.633530790351186],[179.0755051250563,-8.633569171330679],[179.07577733168785,-8.63351553934602],[179.0759895266292,-8.633275430368707],[179.07608071608718,-8.633003749790573],[179.07602750475385,-8.632732851157627],[179.0757712404017,-8.632401326203338],[179.07549748137717,-8.632170797097897],[179.07522480140597,-8.632137662547388],[179.07495325146795,-8.632311332347596],[179.07468252602177,-8.632635954368203],[179.07451300510849,-8.633554610075072],[179.07409854712134,-8.634099226828846],[179.07360644780138,-8.635186637724976],[179.07348067882234,-8.636000879615114],[179.07294311058396,-8.637630911028246],[179.0728709757749,-8.638444862962158],[179.07320499612035,-8.63979899156568],[179.07391134741536,-8.641112508922156],[179.07445773603754,-8.641364409142923],[179.07473026630984,-8.641368913490693],[179.07505305596678,-8.641144920006692]],[[179.0832390627217,-8.643541154543149],[179.083733731378,-8.643335511040718],[179.0853439269749,-8.642444957209353],[179.08672117976002,-8.641497995290477],[179.08726363683743,-8.641034525918972],[179.08807849639072,-8.640553070767046],[179.08862106526576,-8.640110487707135],[179.09160718278002,-8.638041385021245],[179.09215073627684,-8.637778883885458],[179.0929651767976,-8.637224107916648],[179.09378054047622,-8.636837137977913],[179.0945950575882,-8.636297127718846],[179.09704126148642,-8.635160030059096],[179.0975852074248,-8.634970221669992],[179.0994897136077,-8.63443263768756],[179.1011492357268,-8.63422309288173],[179.10166734911544,-8.634010846863575],[179.10199262985367,-8.63367610407788],[179.10239031657767,-8.633402740862843],[179.10255048547216,-8.633130680073489],[179.10254863302146,-8.632859507858397],[179.10220420514142,-8.632541484022738],[179.10193137394285,-8.632480696619163],[179.10176428612598,-8.632592626059287],[179.10181249713486,-8.633405909256815],[179.10166547157007,-8.633671677905408],[179.10139375262534,-8.633811998362011],[179.10112079692144,-8.633728888916673],[179.10084719870338,-8.633529649675],[179.10030159879219,-8.633419637367448],[179.10002839279502,-8.633291210604373],[179.09947699761622,-8.632133017187583],[179.09920499545285,-8.632222144046787],[179.0990223399867,-8.632607647561867],[179.09841603568017,-8.63342451569032],[179.0970385023726,-8.634660572460357],[179.09649485687999,-8.634904791147429],[179.09595058811917,-8.635036281916827],[179.0953021949426,-8.635339832407707],[179.09432094992314,-8.636005532315377],[179.09350508645932,-8.636301456329551],[179.092419451454,-8.637092421308035],[179.09193098416912,-8.637256536041514],[179.09160487743463,-8.637623127642653],[179.09106146101303,-8.637910570332107],[179.09051943072134,-8.638449787176434],[179.08997651176864,-8.63882794895715],[179.08916059912983,-8.63911696149484],[179.08861829071012,-8.639606501471487],[179.08753166555636,-8.640221393024051],[179.0869891019823,-8.640665260135252],[179.08644563782417,-8.640945633323176],[179.08536035480464,-8.641806155971903],[179.08373023364092,-8.642698906700414],[179.0829162253808,-8.643337481094791],[179.0826444401083,-8.6434686644598],[179.08128222582374,-8.643526125107007],[179.0809943321444,-8.643282174145158],[179.08085948367648,-8.642740535212573],[179.08089140654468,-8.64219799004014],[179.08072956308013,-8.642131661600953],[179.08045944553658,-8.642566943442278],[179.08018679439448,-8.642540398587252],[179.0799135443246,-8.642404639866488],[179.07964104041494,-8.64240493446886],[179.0795341444329,-8.64247654819327],[179.07974648616806,-8.642746581170718],[179.08018868927104,-8.642885875373661],[179.08055210771496,-8.6435557629611],[179.08073850119087,-8.64376079871383],[179.08101102004912,-8.643763083636332],[179.081282748809,-8.64362141673508],[179.08291774391512,-8.643613954707677],[179.0832390627217,-8.643541154543149]]]}},{"type":"Feature","properties":{"year":2014,"certainty":"good"},"geometry":{"type":"MultiLineString","coordinates":[[[179.12316288132448,-8.428547248490652],[179.12330781540567,-8.427461738830148],[179.12327690914336,-8.427190724680184],[179.12314029720537,-8.42697585271509],[179.12259228948892,-8.426367687965303],[179.12231891560643,-8.42617899845368],[179.1217744433647,-8.426218846486602],[179.12150128071107,-8.426068833974263],[179.12122947508144,-8.426167747216954],[179.12086898717476,-8.426932563057342],[179.12050277343576,-8.427476905574943],[179.12014909243183,-8.427819032620901],[179.11896481291473,-8.42829875902523],[179.11870103078977,-8.428571365480904],[179.1187926183285,-8.428784436470833],[179.11960797284564,-8.42847486060216],[179.12205937898082,-8.428527479679845],[179.1228773296154,-8.428694548373834],[179.12316288132448,-8.428547248490652]],[[179.117577791785,-8.428035064133072],[179.11763231813308,-8.427763587576022],[179.11759928550995,-8.427221401177409],[179.11741853321794,-8.426515286645207],[179.11728308320426,-8.426409560063304],[179.1171454279081,-8.426375684617838],[179.11660158106844,-8.426530983262154],[179.1157846597682,-8.426552442099325],[179.11551327040567,-8.426728426244937],[179.11534347698387,-8.42696238392748],[179.11529856576783,-8.427233808709257],[179.11546786519523,-8.427504078840693],[179.11633687629345,-8.427935871244784],[179.11715514200674,-8.428160998839857],[179.1174275650141,-8.428174973929995],[179.117577791785,-8.428035064133072]],[[179.1672771145785,-8.435085419790232],[179.16755842630275,-8.434812691017028],[179.16766563289968,-8.43454092465806],[179.167661269477,-8.433998601371949],[179.16776145392762,-8.43345570017164],[179.16756736549172,-8.4333338566359],[179.1670243612583,-8.433635241686115],[179.16675215286742,-8.433659269183094],[179.16620654810964,-8.433494146008977],[179.16593488956337,-8.433616891229093],[179.1656202150422,-8.43400987864007],[179.16553234588116,-8.434281537970422],[179.16566738065507,-8.434484604164258],[179.16676056986554,-8.43516944618319],[179.1670330925949,-8.435201619406591],[179.1672771145785,-8.435085419790232]],[[179.1678959886241,-8.436166693047516],[179.16785528252322,-8.436126823417911],[179.16782784582875,-8.436167069857404],[179.16785569767643,-8.436201256698613],[179.1678959886241,-8.436166693047516]],[[179.16891152202896,-8.436974596422253],[179.168932425375,-8.437245654216428],[179.16916615092035,-8.437515534320367],[179.17079513029938,-8.439133555019511],[179.17168842479964,-8.439765076824315],[179.172784767201,-8.441009426038296],[179.17305807532176,-8.44118133361825],[179.17309634821046,-8.44101901048881],[179.17239228932624,-8.439395877787728],[179.17229453996134,-8.438854073940847],[179.17178532099985,-8.43750103135204],[179.17144287688316,-8.436960582509263],[179.1711277370672,-8.436902202912085],[179.17058544091842,-8.437330416840968],[179.17031339949386,-8.437384645628637],[179.17004075903853,-8.43733161928922],[179.1692219628994,-8.43697287865987],[179.16894932066256,-8.43696239933097]],[[179.17337423871103,-8.44155981443018],[179.17333205857315,-8.441473866320717],[179.17333393535986,-8.441809287549248],[179.17337423871103,-8.44155981443018]],[[179.17425248838393,-8.442910803951834],[179.17415629240895,-8.442759026051153],[179.17388223975232,-8.442912858778977],[179.17415802783017,-8.443069017186403],[179.17425248838393,-8.442910803951834]],[[179.17364374219525,-8.54026492692647],[179.17470356194718,-8.539937364080165],[179.17579246570966,-8.539803252433964],[179.17742487287296,-8.539435357132037],[179.17878625047965,-8.53931237182843],[179.18024919119136,-8.538871957119222],[179.18204769775667,-8.537987751281317],[179.1847594496239,-8.535811743370619],[179.1861161641486,-8.534873218936745],[179.19099619994591,-8.530779545028668],[179.19181017231674,-8.53021012103797],[179.1939791429352,-8.528409658869503],[179.19614903931142,-8.526774989382108],[179.1983198902555,-8.525310756938822],[179.19981476953774,-8.524118351304349],[179.20103252866932,-8.523323243052332],[179.20157434897476,-8.522802781186751],[179.2022575914722,-8.521935164478148],[179.20278437521097,-8.52084750944841],[179.20293782143094,-8.520033139178718],[179.2027103893074,-8.518407429820682],[179.20236062185478,-8.51739985769616],[179.20158406765276,-8.515430981387224],[179.200600897608,-8.513267215530348],[179.2002406231311,-8.512184587173952],[179.19961734701377,-8.510832279139253],[179.19943184823853,-8.510562161549052],[179.19850025078455,-8.508126924593281],[179.19809159149247,-8.507315732437414],[179.1969065960986,-8.504068415794343],[179.19636001442484,-8.502986830701468],[179.1956449529624,-8.500821522588184],[179.1943333195893,-8.49486321792107],[179.19360931235553,-8.492426780610419],[179.19306331523094,-8.490260506132973],[179.19274869450018,-8.487008252471899],[179.19269960853717,-8.484839178638618],[179.19283165069396,-8.48266908594574],[179.19285179914883,-8.480770791242636],[179.19257379712437,-8.478331834520553],[179.1919050630322,-8.475895071268923],[179.19127488048574,-8.474271595525522],[179.19071362315992,-8.473190069060065],[179.18996011382006,-8.472109619387204],[179.18985391245934,-8.47183904567111],[179.18862886755298,-8.46994772731215],[179.18770973222513,-8.468325858560059],[179.1869565276539,-8.466431886777727],[179.1865308514149,-8.464807249053122],[179.18569513555215,-8.46237139252511],[179.185086173232,-8.460747775223034],[179.1840210378969,-8.458313192146868],[179.18291860044806,-8.456149981561135],[179.18239474173942,-8.454859729282552],[179.18172866408193,-8.453716081513118],[179.18101769523358,-8.452143578785577],[179.17979738546845,-8.449930446687324],[179.17931754545535,-8.448848432583324],[179.17854096850814,-8.447592862613424],[179.17826731193884,-8.447360062595969],[179.1779902839752,-8.447499960526773],[179.1778851418076,-8.44777171717654],[179.17791514216833,-8.448042722060965],[179.17822032775817,-8.448583367627052],[179.17945988140335,-8.450203497573947],[179.1797505812384,-8.450744221603054],[179.18038568875969,-8.452096540422307],[179.1807222951252,-8.453179349652782],[179.18212894439986,-8.456024979591824],[179.1825260046372,-8.456694514160269],[179.1826798341159,-8.457122600194651],[179.18305234272648,-8.457776259751794],[179.1832320740137,-8.458317597842568],[179.1835696896189,-8.458858054062693],[179.18417401214526,-8.460481702105383],[179.1850837066584,-8.463730662915204],[179.18551849515757,-8.464541742387299],[179.18655166400202,-8.467790003158886],[179.1876536830767,-8.469775130761095],[179.1886512730605,-8.471032280287734],[179.18929139401044,-8.471571030799636],[179.1897774169412,-8.472110644133236],[179.19051397496366,-8.474004697231686],[179.19142960456188,-8.47806709406803],[179.19152987676827,-8.47915120699887],[179.19170790717016,-8.479963713812108],[179.19181155416285,-8.482945989947295],[179.1917162395128,-8.4859293840051],[179.1919722156985,-8.487283789000236],[179.19211895573187,-8.488729246928155],[179.1925214275658,-8.490534724694008],[179.19266500052237,-8.491618591462789],[179.1929809654005,-8.49270148736042],[179.19323762367208,-8.494055885063549],[179.19364664081854,-8.495138255286799],[179.19392074465594,-8.496221384704896],[179.19427252988825,-8.498117580654842],[179.19453993729272,-8.498658409739326],[179.1945639637142,-8.499200610813771],[179.19510473201947,-8.501095738450589],[179.1952977623938,-8.502179321936586],[179.1956042969332,-8.502719928353681],[179.19623994915304,-8.50488568393235],[179.19651500550466,-8.505426466453017],[179.19705834753407,-8.507050404027536],[179.197491213144,-8.507861461088423],[179.19794935240424,-8.509214709423677],[179.19834167678874,-8.510025993612993],[179.19847448034955,-8.511381079793392],[179.19845079512638,-8.51219471607691],[179.19877324138247,-8.513006394027528],[179.19895558877923,-8.5132765295594],[179.19911918668564,-8.513817938348627],[179.19891059173455,-8.515174955482982],[179.19835127132825,-8.516533957839371],[179.1978213118044,-8.517079291699932],[179.19780106817913,-8.517621741214985],[179.1977318966189,-8.517750203070237],[179.19676374678477,-8.519254615609865],[179.19576142881633,-8.5206161235316],[179.19470070266132,-8.522791464650348],[179.19441463556012,-8.52360658599118],[179.19390553774912,-8.524694136329432],[179.19341670861377,-8.525320208459757],[179.19304863518178,-8.526054820705847],[179.19229729046137,-8.527143739806448],[179.1913311395467,-8.528776208871843],[179.190463276085,-8.529865785096405],[179.18963289070152,-8.530555755317435],[179.1890159850125,-8.530958631601221],[179.18800688249416,-8.532036898732878],[179.1866508330305,-8.533089717695095],[179.1844832942906,-8.535153472423445],[179.1820424993988,-8.53707295721552],[179.17959834640558,-8.538405461402304],[179.17823758007737,-8.538635467049547],[179.17769219461636,-8.538537384383238],[179.17714754456867,-8.538568977459283],[179.17553982791674,-8.538898428190668],[179.17497105701625,-8.539068768932943],[179.17388461785188,-8.539637920771284],[179.1727765181928,-8.5399986202505],[179.17231140395847,-8.540272400176326],[179.1725271581313,-8.540454408135279],[179.17279984907753,-8.54050284239322],[179.17364374219525,-8.54026492692647]],[[179.15916379444715,-8.54983698582675],[179.1619471261185,-8.548309246628968],[179.16411871817948,-8.546926848589184],[179.16466113856333,-8.54649709431019],[179.16506690611544,-8.546007585286137],[179.16522906091106,-8.545735505633456],[179.1651999123076,-8.545421475100836],[179.16492683818436,-8.545305851437547],[179.1645822965985,-8.545739122169962],[179.1641141816798,-8.546122766527354],[179.16221259994282,-8.547076397239852],[179.1609967451555,-8.54792854014435],[179.15950000054326,-8.549142884636879],[179.1583035604037,-8.549570610595351],[179.15832253599942,-8.549841678703753],[179.1584143987147,-8.5498711817322],[179.15895954203987,-8.549922953670297],[179.15916379444715,-8.54983698582675]],[[179.14112717206578,-8.56051309638926],[179.14185462859857,-8.560301793310067],[179.14435408196312,-8.559139326316696],[179.14538822692737,-8.55886137021062],[179.14593276438984,-8.558802175134256],[179.1472915247672,-8.558193644436896],[179.14864857906161,-8.557281866318766],[179.14959070722793,-8.55639848979096],[179.1500369148843,-8.555853658568047],[179.15016174296636,-8.555581789281392],[179.15011607686984,-8.555039692622085],[179.14999739603957,-8.554903305367429],[179.1497261475586,-8.555114097710582],[179.14945578707452,-8.555483249109066],[179.14918432792163,-8.555656610495644],[179.1470102159446,-8.556610078927662],[179.14580116664382,-8.55723306474079],[179.14510921931273,-8.557687632689953],[179.1445649222016,-8.557789557962678],[179.14375030200077,-8.5582687903175],[179.14293434764434,-8.558509963612348],[179.1413240103478,-8.559427299066488],[179.14102323777192,-8.559700141814144],[179.14098850469816,-8.560513864517102],[179.14112717206578,-8.56051309638926]],[[179.13046180925474,-8.566266779433473],[179.1318053954712,-8.56585801252796],[179.13289414303333,-8.565675042019636],[179.13398374013377,-8.565644749632643],[179.1347664573525,-8.565429479844349],[179.13608900249432,-8.56460863636503],[179.13626691551525,-8.564336475107998],[179.13630811434908,-8.564065069781275],[179.13615350223472,-8.563894598277104],[179.13506697729767,-8.56447449777113],[179.13452319267395,-8.564671071921575],[179.13316151967118,-8.56476627606854],[179.1324745241095,-8.564899782267103],[179.1307133321798,-8.565445733737107],[179.13027202447074,-8.565725469097929],[179.1300620756757,-8.56599780540229],[179.13017300091477,-8.566263632517455],[179.13046180925474,-8.566266779433473]],[[179.11877049102287,-8.577720662676198],[179.11900210021938,-8.577177029955035],[179.1192392923023,-8.57690454682948],[179.11927394616526,-8.5766331762212],[179.11905934526857,-8.576465766585695],[179.11881617780963,-8.576635690450637],[179.1186077064624,-8.577179195995644],[179.1183443301237,-8.57745182265601],[179.11821663896347,-8.577723704213662],[179.11824939532457,-8.577801910788525],[179.11852237148295,-8.57789633674676],[179.11877049102287,-8.577720662676198]],[[179.1139334476478,-8.583713183227252],[179.11582729675806,-8.583214989401801],[179.11609820899548,-8.58293617718536],[179.11631195391476,-8.58288659137332],[179.1163989261679,-8.582614933296389],[179.11612786189633,-8.5823452404163],[179.11636417331854,-8.581764411639611],[179.11663606141195,-8.581661944095606],[179.11690876570373,-8.581706793860972],[179.1170408465118,-8.581797867443013],[179.11718340558818,-8.582100862526978],[179.1174543013148,-8.581819398796696],[179.1176500029769,-8.581252161534797],[179.11779890652215,-8.58043780243318],[179.1183203271712,-8.579350217206093],[179.11838936391655,-8.579078657667251],[179.11845587661062,-8.578535931631903],[179.11825242983127,-8.578349373803904],[179.1179810491674,-8.578542880507056],[179.11792890044075,-8.578810005887771],[179.117636210665,-8.579353973881974],[179.11746855718667,-8.579897255371963],[179.11697856492728,-8.580713487050282],[179.11608991139298,-8.581438387494924],[179.1152749361155,-8.581870366332074],[179.11473043018745,-8.581943786335861],[179.11445858944083,-8.582054990708903],[179.11418761968363,-8.58232359265051],[179.114133139074,-8.582627364012811],[179.11424183436773,-8.58289794901128],[179.1141924311449,-8.58319282759696],[179.11392049477845,-8.583286945904893],[179.1136478965702,-8.583261505177411],[179.1133759665786,-8.583356824513576],[179.1133189468389,-8.583445371172695],[179.11364366630738,-8.583714772130147],[179.1139334476478,-8.583713183227252]],[[179.1160967052896,-8.582664765274425],[179.11609614743892,-8.582564073556576],[179.1162082022177,-8.582615980172235],[179.1160967052896,-8.582664765274425]]]}},{"type":"Feature","properties":{"year":2014,"certainty":"insufficient data"},"geometry":{"type":"MultiLineString","coordinates":[[[179.10328126011427,-8.63020806297268],[179.10336683941512,-8.629872014945793],[179.10327721473539,-8.629477503267257]],[[179.1032970667302,-8.633061982797042],[179.10358822093772,-8.632582622941705],[179.10364027648097,-8.632039972921872],[179.10328869379632,-8.631550352913317]]]}},{"type":"Feature","properties":{"year":2015,"certainty":"good"},"geometry":{"type":"MultiLineString","coordinates":[[[179.08041267331402,-8.465115468124596],[179.08066091505586,-8.464300582220723],[179.08125450280528,-8.46348385746663],[179.0813377579934,-8.463212226144277],[179.0814508181769,-8.462398060212463],[179.08137114589687,-8.461856108536635],[179.08127290422973,-8.461585443632842],[179.08083679415512,-8.461109157046934],[179.08029070016428,-8.460859261468324],[179.07974363509445,-8.460428302095249],[179.07919722738734,-8.460119665110957],[179.07892515570495,-8.4601763669004],[179.0787707105727,-8.460514004076554],[179.07865584266983,-8.461056991687116],[179.07867030227655,-8.461870480066038],[179.07873977093763,-8.46214129905124],[179.07909242536513,-8.463224176816425],[179.07936677972927,-8.46376509383306],[179.07961305261637,-8.464848536356346],[179.07976856075064,-8.465071884784972],[179.08004176773073,-8.465226036919464],[179.0803142592046,-8.465246934075061],[179.08041267331402,-8.465115468124596]],[[179.06178933888842,-8.490227119656645],[179.06110804567228,-8.490172173582367],[179.06042756142233,-8.490268867547217]],[[179.06097711842395,-8.491160125960466],[179.0617009346236,-8.491113385727514]],[[179.0379255069843,-8.51157807386718],[179.03800838696563,-8.511170847596393],[179.03794420074232,-8.510628795132835],[179.03864808366575,-8.51008271558681],[179.03850857785253,-8.509812252719726],[179.03832950067434,-8.509704974643986],[179.03805709563466,-8.509707345229756],[179.03782088943606,-8.509815858010363],[179.03704074091954,-8.510362335863276],[179.03637265235778,-8.510908225615358],[179.03618942977394,-8.511315977577517]],[[179.07026740234923,-8.597463482908944],[179.06967865369526,-8.597648325667405]],[[179.10066870731833,-8.6039888378921],[179.10041752002203,-8.60249870266429],[179.100389920642,-8.601685304019867],[179.1004509623838,-8.601007012988704]],[[179.09997549382274,-8.59902555111298],[179.09994905789347,-8.599111470150481]],[[179.099686776935,-8.599926451017456],[179.09962463377616,-8.601147114756753],[179.0996709634359,-8.60223159487619],[179.1001519862267,-8.60453402587961]],[[179.10359757882745,-8.632311389391251],[179.1036353240103,-8.63204000009377],[179.10339696783774,-8.63149894327184],[179.10326161537253,-8.63068613889759],[179.10340974206292,-8.629871779644187],[179.1033800864241,-8.629600760017007],[179.10321056258644,-8.629330507402058],[179.10306612163066,-8.628788934780651],[179.1026698202326,-8.628248742694314],[179.10207738000045,-8.627167259729234],[179.10155956494543,-8.626627731498989],[179.1002988037195,-8.62446517286969],[179.09942868600436,-8.623390309717141],[179.09860448461916,-8.622170219886662],[179.09785508655688,-8.620953157261413],[179.0973078204709,-8.619735822161422]],[[179.0966838511393,-8.617027394744945],[179.09667662087747,-8.616756250665437]],[[179.10051255239753,-8.607786253333327],[179.1005653262632,-8.607650373495176],[179.1004307455494,-8.607469145228722],[179.10015847009444,-8.607505692541206],[179.09977821911653,-8.608061447771334]],[[179.0997530246007,-8.60809878039023],[179.09955846085828,-8.608333831140872]],[[179.09948232294008,-8.608420891608464],[179.09933518081598,-8.608606233686949]],[[179.09921178653224,-8.608773057738656],[179.09867034734546,-8.609411176189601]],[[179.09758896716477,-8.610960264331213],[179.09753844671647,-8.611056692699947]],[[179.09609277069902,-8.615674702822055],[179.09603947142477,-8.616895320150043],[179.09614766093216,-8.617572688787597]],[[179.09621075905932,-8.617843528004816],[179.09626708150873,-8.618314587610417]],[[179.0963901926703,-8.618927282857545],[179.0965454235244,-8.619377011328385]],[[179.09657355875999,-8.61946864879431],[179.09694440102723,-8.620686949280081],[179.09760839030642,-8.62203923864188],[179.09783136468442,-8.62285156997143],[179.09832271465257,-8.623798025262568]],[[179.10042011519545,-8.630213897091291],[179.1008287814827,-8.63020058610932],[179.1019210417246,-8.630613961506267],[179.1020336202161,-8.630964054626748],[179.101980481123,-8.631235528407423],[179.10216622759847,-8.631505692611967],[179.10309780609998,-8.631771766527955],[179.10344086540303,-8.632041066947034],[179.1035663850393,-8.63248860394986],[179.10359757882745,-8.632311389391251]],[[179.07887420659443,-8.626208953639045],[179.07942372299476,-8.625256823711206]],[[179.07859976002572,-8.626422400391563],[179.07887420659443,-8.626208953639045]],[[179.07821245232907,-8.628110844091786],[179.078472386865,-8.6280446043886],[179.07867694412104,-8.627837140899484],[179.0787126888141,-8.627565760805414],[179.0786513076841,-8.627023720581986],[179.07832869851785,-8.626684350821018]],[[179.07751812943837,-8.627948923411683],[179.07821245232907,-8.628110844091786]],[[179.07607784910917,-8.638637911190402],[179.07566218196308,-8.638158565303623],[179.07515148237457,-8.637890144677877],[179.0749579901823,-8.637620005635068],[179.07485125206594,-8.637078209778375],[179.07484178556172,-8.6365358871829],[179.07493494825252,-8.63599300894604],[179.07517067742032,-8.635449358864367],[179.0755710190166,-8.634904817437514],[179.0756826448854,-8.634633026154273],[179.07560216716573,-8.634362275114938],[179.075124498288,-8.633822487455145],[179.075207722931,-8.633550850032202],[179.07577712147008,-8.633477088973624],[179.07604905663834,-8.633373837107863],[179.07614541906986,-8.633274586162218],[179.07619055775186,-8.633003154962068],[179.07604493876028,-8.632620700648683],[179.0754972881638,-8.632135446596287],[179.07522463034422,-8.632106360700442],[179.07508027077108,-8.63219560526712],[179.07475285703435,-8.632468564112013],[179.07456394008943,-8.632740773391998],[179.07438381352185,-8.633555309163937],[179.07401691191964,-8.634099668521625],[179.0735964681318,-8.635186691715354],[179.07341743236802,-8.636272408955397],[179.07298155286358,-8.637359515837538],[179.07291671953217,-8.63776664741361]],[[179.0730011882718,-8.6391221264882],[179.0730854732642,-8.639583156210307],[179.07349854600676,-8.640339777033553],[179.07367819486768,-8.64088117871223],[179.07391183023495,-8.641200820108372],[179.07445818295292,-8.641446129251324],[179.07473059240345,-8.641428533109918],[179.07500216911123,-8.64125871848261],[179.07529222175597,-8.640601250660861],[179.07554207581694,-8.640325820947766],[179.07581471119641,-8.640349702030258],[179.07636101035325,-8.640585363953955],[179.0764988500414,-8.64032352495263],[179.07650836535902,-8.639509913534493],[179.07636451865008,-8.638968319904054]],[[179.10262192271136,-8.633130288278771],[179.10258927174144,-8.632859284985559],[179.10247760502287,-8.63270496781038],[179.1019312304397,-8.63245477259027],[179.1016826815706,-8.632593073405442],[179.101759748831,-8.632863833442261],[179.10173293973187,-8.633135162923303],[179.10149679649646,-8.63354323126257]],[[179.10125669987903,-8.6336665719325],[179.1000277253094,-8.633170529922584],[179.09947669461775,-8.63207821374068],[179.0992043960929,-8.632113724312847],[179.099007678257,-8.632607727832129],[179.0986643469825,-8.633151973395753],[179.09817701245552,-8.633697007067267],[179.097445517282,-8.634347334240726]],[[179.09740981996563,-8.634379163420244],[179.09717419653197,-8.634560222412647]],[[179.097029028648,-8.634652430088767],[179.0969024757377,-8.634700746140448]],[[179.09337273246246,-8.637007703495916],[179.09364452796197,-8.636880114950985]],[[179.09374124528276,-8.636839873555124],[179.09391629838703,-8.636748021155979]],[[179.09646159250235,-8.635469084141658],[179.0969056077494,-8.63526773792629]],[[179.09706971208527,-8.6351945740423],[179.09717747476478,-8.635153616684072]],[[179.1019999233359,-8.633811655314412],[179.10228488098596,-8.63367450148147],[179.1024818506935,-8.633471697408906]]]}},{"type":"Feature","properties":{"year":2015,"certainty":"unstable data"},"geometry":{"type":"MultiLineString","coordinates":[[[179.06199896480493,-8.490976213059264],[179.0622328042433,-8.49070378459688],[179.0622244425595,-8.490432638075152],[179.06192547824625,-8.490215769515595],[179.06178933888842,-8.490227119656645]],[[179.06042756142233,-8.490268867547217],[179.0597468987444,-8.490332223821724],[179.05960500103586,-8.490446493563166],[179.0595271261871,-8.490718096433701],[179.05975051282826,-8.491009794649058],[179.06097711842395,-8.491160125960466]],[[179.0617009346236,-8.491113385727514],[179.06199896480493,-8.490976213059264]],[[179.03690727436071,-8.512261397814145],[179.03752448514538,-8.512018707743872],[179.037795718402,-8.511794518190738],[179.0379255069843,-8.51157807386718]],[[179.03618942977394,-8.511315977577517],[179.03612198099114,-8.51172312307075],[179.03616263223847,-8.511994104888293],[179.03643610061934,-8.512263296473396],[179.03690727436071,-8.512261397814145]],[[179.07058669125433,-8.5983214122991],[179.07095138841154,-8.597978827653925],[179.0710400120303,-8.597776597202158],[179.07099352324255,-8.59750565930077],[179.07067550069496,-8.597350449154256],[179.07026740234923,-8.597463482908944]],[[179.06967865369526,-8.597648325667405],[179.06951223111346,-8.597784814632526],[179.06954262849007,-8.598055839468168],[179.06978287973922,-8.598325735810239],[179.07013637717068,-8.598423455977368],[179.07058669125433,-8.5983214122991]],[[179.10079113197233,-8.605479675816008],[179.10066870731833,-8.6039888378921]],[[179.1004509623838,-8.601007012988704],[179.10042919222684,-8.60005799090005],[179.10034335779142,-8.599516093121418],[179.10052530359485,-8.598430367524111],[179.10037995604182,-8.59825519379852],[179.1001077839236,-8.598309344123377],[179.09997549382274,-8.59902555111298]],[[179.09994905789347,-8.599111470150481],[179.09976953311968,-8.599519224585986],[179.099686776935,-8.599926451017456]],[[179.1001519862267,-8.60453402587961],[179.10027420857395,-8.604940133111345],[179.10032569062247,-8.605482218128902],[179.10042084870634,-8.605674518071387],[179.1006935097136,-8.605708125455443],[179.10079113197233,-8.605479675816008]],[[179.0973078204709,-8.619735822161422],[179.0968946834031,-8.618517752989101],[179.0966838511393,-8.617027394744945]],[[179.09667662087747,-8.616756250665437],[179.09673890656953,-8.614993217552097],[179.0970819088134,-8.613364244176433],[179.0973291871944,-8.612549343994456],[179.09784341482433,-8.611461803285357],[179.0982704072027,-8.611003859128328],[179.09881098142685,-8.610208401588782],[179.09966290177394,-8.609282401771946],[179.10051255239753,-8.607786253333327]],[[179.09977821911653,-8.608061447771334],[179.0997530246007,-8.60809878039023]],[[179.09955846085828,-8.608333831140872],[179.09948232294008,-8.608420891608464]],[[179.09933518081598,-8.608606233686949],[179.09921178653224,-8.608773057738656]],[[179.09867034734546,-8.609411176189601],[179.09799393331687,-8.610279124221423],[179.09758896716477,-8.610960264331213]],[[179.09753844671647,-8.611056692699947],[179.096646184444,-8.612938641955719],[179.09628594396509,-8.614182138649296],[179.0962897210699,-8.614995668969382],[179.09609277069902,-8.615674702822055]],[[179.09614766093216,-8.617572688787597],[179.09621075905932,-8.617843528004816]],[[179.09626708150873,-8.618314587610417],[179.0963901926703,-8.618927282857545]],[[179.0965454235244,-8.619377011328385],[179.09657355875999,-8.61946864879431]],[[179.09832271465257,-8.623798025262568],[179.09944192208792,-8.625786491719149],[179.0999581786009,-8.626365317310606],[179.10063934112532,-8.627446319475743],[179.1007018831403,-8.627717159747048],[179.10042085585803,-8.629074612538608],[179.10013111725922,-8.629618564773722],[179.09989024844467,-8.629891066527366],[179.09978411959375,-8.630162830486078],[179.10001150083912,-8.630236624274978],[179.10042011519545,-8.630213897091291]],[[179.0792639335448,-8.62186786013221],[179.07945107418055,-8.621595660049994],[179.07898071617277,-8.621342421217479],[179.0786920860206,-8.621328584287166],[179.07819976039767,-8.621602436421817],[179.07819670930323,-8.621873639496396],[179.07843942274317,-8.62201699901536],[179.0792639335448,-8.62186786013221]],[[179.07942372299476,-8.625256823711206],[179.07953389111174,-8.62484944723023],[179.0795095161493,-8.624578393019652],[179.07942011063076,-8.624307691176616],[179.07926867713897,-8.624170913570294],[179.07872287149894,-8.624020874107567],[179.0784506702251,-8.624074132179897],[179.07817943542645,-8.624304176076452],[179.0779236603182,-8.625400543188773],[179.07791754156165,-8.625942949433274],[179.07819113406373,-8.626443505355557],[179.07846380274586,-8.62647538917414],[179.07859976002572,-8.626422400391563]],[[179.07832869851785,-8.626684350821018],[179.07819164031287,-8.626536070679428],[179.07764731580775,-8.626657570956146],[179.07719182157558,-8.627031625673593],[179.07698840750865,-8.62730391368491],[179.0769756865387,-8.627575169245567],[179.0771084087803,-8.627770153833687],[179.07751812943837,-8.627948923411683]],[[179.07291671953217,-8.63776664741361],[179.07290892707192,-8.638715844862057],[179.0730011882718,-8.6391221264882]],[[179.10149679649646,-8.63354323126257],[179.10139308969994,-8.633692227456683],[179.10125669987903,-8.6336665719325]],[[179.097445517282,-8.634347334240726],[179.09740981996563,-8.634379163420244]],[[179.09717419653197,-8.634560222412647],[179.097029028648,-8.634652430088767]],[[179.0969024757377,-8.634700746140448],[179.09595055545574,-8.635030366162333],[179.09483580569847,-8.63561356541059],[179.0943209640627,-8.636008094865474],[179.0935051739122,-8.636317311284671],[179.09241954273423,-8.637108977204598],[179.09201819292278,-8.637256059944235],[179.09106125515268,-8.63787321173669],[179.09051911703827,-8.638392850183545],[179.08997621711157,-8.63877445388213],[179.0891604145382,-8.639083436911497],[179.0886182487822,-8.639598885213045],[179.08753158176705,-8.640206165751007],[179.0853599869998,-8.641739256320035],[179.0826441214399,-8.643410637893123],[179.08209953465496,-8.643488019682392],[179.08128180200967,-8.643448902368764],[179.08108962784723,-8.643281656270252],[179.08097923024164,-8.643011070377945],[179.08093983021348,-8.642740098633807],[179.0810367420217,-8.642197200354742],[179.08100193730053,-8.642107798421486],[179.0807288874623,-8.642008504708073],[179.08045839232187,-8.642374939316147],[179.07991314772295,-8.642332318369306],[179.07964085913548,-8.642371873364446],[179.0794761146158,-8.642476863288916],[179.07966855079601,-8.642747004405418],[179.08018926231333,-8.64299035048941],[179.0804646566749,-8.643516884038126],[179.08073895895663,-8.643844226459926],[179.08139461815205,-8.643822370194133],[179.08210039045025,-8.643643890530205],[179.08264566719373,-8.643692101564302],[179.0831901088893,-8.643588309485912],[179.08373383212785,-8.643353847256858],[179.08617852491176,-8.641925756718871],[179.08699237396743,-8.641259989448127],[179.09011556020218,-8.639164733120207],[179.09052125093845,-8.638780169285019],[179.09269340775307,-8.637356595708688],[179.09337273246246,-8.637007703495916]],[[179.09364452796197,-8.636880114950985],[179.09374124528276,-8.636839873555124]],[[179.09391629838703,-8.636748021155979],[179.09513858103904,-8.636030140027312],[179.09646159250235,-8.635469084141658]],[[179.0969056077494,-8.63526773792629],[179.09706971208527,-8.6351945740423]],[[179.09717747476478,-8.635153616684072],[179.09758527334813,-8.634982151981742],[179.09948983600304,-8.634454769152235],[179.10112173678115,-8.634223243612945],[179.1019999233359,-8.633811655314412]],[[179.07890120589167,-8.641937612127075],[179.07881987536433,-8.641739300845371],[179.07854705376857,-8.641681567735127],[179.0783483738221,-8.641940612492755],[179.07854900282328,-8.642037238621986],[179.0788215856771,-8.64205136290049]]]}},{"type":"Feature","properties":{"year":2015,"certainty":"good"},"geometry":{"type":"MultiLineString","coordinates":[[[179.1231720003165,-8.428547199149158],[179.12330337811153,-8.428275306909564],[179.12336301369862,-8.427732621524457],[179.12337063661835,-8.42746139892902],[179.12321670722,-8.427055459694703]],[[179.1193048745271,-8.428161331539874],[179.11919793485325,-8.428196220638908]],[[179.1189289206918,-8.428808084384537],[179.1196081789162,-8.4285126839236],[179.1198803005979,-8.428471373398105],[179.12205942896082,-8.428536642633237],[179.12287699016682,-8.428632341426507],[179.1231720003165,-8.428547199149158]],[[179.11673730667755,-8.426448743566809],[179.1157845085691,-8.426524633441778],[179.11552716552956,-8.426690211138476],[179.11531735650644,-8.426962524713566],[179.11530105854223,-8.427233795273288],[179.11539226875615,-8.42736889499201]],[[179.1673134973229,-8.435085218681873],[179.1675899493863,-8.434812516753835],[179.16769427431805,-8.434540766322263],[179.16767262612035,-8.433998538594325],[179.16784007156667,-8.433399164692748],[179.16756676646463,-8.433226404824033],[179.16702409378564,-8.433587253064985],[179.1667519328757,-8.433619794536066],[179.16620624283192,-8.433439352939233],[179.16593461407172,-8.433567438882132],[179.16559523687587,-8.434010016584077],[179.16555138285818,-8.434281432837043],[179.16566717170232,-8.434447095244018],[179.16594078304894,-8.434674734021696],[179.16676035773204,-8.435131388652946],[179.16703304970864,-8.435193926466642],[179.1673134973229,-8.435085218681873]],[[179.16789419802774,-8.436166702949146],[179.16785530451068,-8.4361307655918],[179.1678555727618,-8.43617886068353],[179.16789419802774,-8.436166702949146]],[[179.16881340318065,-8.436975139292143],[179.16895887949147,-8.437245507841471],[179.1700465506356,-8.438368742652624],[179.1716881120848,-8.439709132932707],[179.17278441364496,-8.440946217137048],[179.17305771611666,-8.441117124180765],[179.17309227161496,-8.441019033098277],[179.17245890898167,-8.439395508486953],[179.17232120211594,-8.438853926158531],[179.17154896409946,-8.437095581339669]],[[179.17126381459988,-8.436885307899749],[179.17112752373419,-8.436864015208243],[179.17058510354659,-8.437270013475294],[179.1703132085488,-8.437350454637174],[179.16949432737493,-8.43701941105746],[179.16894912839908,-8.436927948837754]],[[179.1733580273799,-8.441559904357728],[179.17333226825508,-8.441511341572719],[179.17333290546202,-8.441625224869428],[179.1733580273799,-8.441559904357728]],[[179.17422998814536,-8.443182101299879],[179.17442138700403,-8.442909866472382],[179.1741553375346,-8.442588455747233],[179.1739135756502,-8.442641512359865],[179.17388498699546,-8.442945188694505],[179.17409461602583,-8.44318285265207],[179.17422998814536,-8.443182101299879]],[[179.19782937465334,-8.517079246077236],[179.19779787529018,-8.517621759282473],[179.19765595004202,-8.517893729869018],[179.1967653261201,-8.51925460667549],[179.1957261275605,-8.520616323170687],[179.1953943498345,-8.521431702900509],[179.1947059841136,-8.522791434788942],[179.1940794083103,-8.524421985319503],[179.1937384261752,-8.524966249110946],[179.19341658228473,-8.525298060575073],[179.19271015918503,-8.52659907010655],[179.19206707973154,-8.527492380206796],[179.19117116222725,-8.529048281081545],[179.1907173107202,-8.529642305088347],[179.18963294079484,-8.530564547324897],[179.18903115976545,-8.530958545945666],[179.18827799438697,-8.531809292990307],[179.18719293038947,-8.532611784620013],[179.18610924464426,-8.533657337635397],[179.18556685017302,-8.534083554232394],[179.18491917459713,-8.534778108420944],[179.1839411297121,-8.535620834731361],[179.18258496586176,-8.536657906249197],[179.18149932662328,-8.537363900420551],[179.17932630028463,-8.538470299819371],[179.17850972550403,-8.538588045135194],[179.177419798082,-8.538540565306619],[179.17551494673,-8.538902706366798],[179.17469919952495,-8.53916726610243],[179.1741563129831,-8.539510639380733],[179.17316804170343,-8.539860838470828]],[[179.1740643337668,-8.540126981155355],[179.1742956589663,-8.540064689274969]],[[179.1745675066257,-8.539964323613338],[179.1748394442398,-8.539879868334976]],[[179.17497156848643,-8.539850717650957],[179.1753837968806,-8.539795292887886]],[[179.1775609574651,-8.539413668703002],[179.17878616366193,-8.539297074210404],[179.17946592891064,-8.539073035639081]],[[179.17965485603494,-8.539010886192555],[179.17973788346455,-8.538992006801292]],[[179.18163921059067,-8.538186207841353],[179.1823189376895,-8.537781286183728],[179.18340340709983,-8.536869735222037],[179.18611625130455,-8.534888532660382],[179.18964063636062,-8.531915104130151],[179.1964201929433,-8.526556296746968],[179.19831991595555,-8.525315252585013],[179.19941151407795,-8.524391803888827],[179.2010113978067,-8.5232980663665],[179.2015742535301,-8.522786104988755],[179.20202230856015,-8.522207665843345],[179.20272823817206,-8.52084782794335],[179.20287763532363,-8.519491147502691],[179.20264593478947,-8.518136628764571],[179.2014868214224,-8.515160365605837],[179.20048902047023,-8.51299668201849],[179.20015015607225,-8.511921839978639],[179.19928302606056,-8.510291836296476],[179.19914394413567,-8.509750288490457],[179.1986744713605,-8.508668274326359],[179.198493448643,-8.508004288839091],[179.1980731760677,-8.50731583653526],[179.19794166440738,-8.506775974789575],[179.19726757143857,-8.50515104788699],[179.19690328715,-8.50406843448206],[179.1961747870735,-8.50244554047897],[179.19597608903518,-8.501768742058912]],[[179.19586870462393,-8.501501149052277],[179.19563480166167,-8.50068599583461]],[[179.1955906301528,-8.50050179422541],[179.1947836582862,-8.497030026089002],[179.19449443347497,-8.495404646648668],[179.19315345046388,-8.49080233599271],[179.19294581043317,-8.48931207722519]],[[179.19281278669283,-8.487414644956235],[179.1927705774152,-8.48660137627066]],[[179.19267301534106,-8.48524608135457],[179.19267746206143,-8.48497488758162]],[[179.1926881613395,-8.484703658640607],[179.19282800456224,-8.480770925020204],[179.19263709869256,-8.478602647612213],[179.19235128530508,-8.477248409337712],[179.19153945704477,-8.47481244827616],[179.19103459913936,-8.47373060602939],[179.19011875927393,-8.472214156124448],[179.1898444325299,-8.471867539990576],[179.18958387537347,-8.471840560157343],[179.18962252583864,-8.47156917394706],[179.18956964204767,-8.471438860773675],[179.18937241614782,-8.47102823748365],[179.18889450449663,-8.47035299287594]],[[179.1888824878863,-8.4703351642654],[179.18869727398726,-8.470082928744281]],[[179.18860798396165,-8.469956739954423],[179.18837137121005,-8.469542415805936]],[[179.18833284317017,-8.469465549390847],[179.18810373304905,-8.469001575934241]],[[179.1880572693283,-8.468897592890487],[179.18725372536795,-8.467243732755165],[179.18684420690875,-8.46602576051794]],[[179.18655850371186,-8.464942679350374],[179.18599689252105,-8.463183215538077],[179.18495534020295,-8.460477336089196],[179.18402335021221,-8.458313179232206],[179.1836418618945,-8.457637383082368]],[[179.18363591614641,-8.457626123706007],[179.18259249230704,-8.455473874259981]],[[179.18143922517623,-8.453039767686443],[179.17917012336721,-8.448578081722633],[179.17843404463082,-8.447497491717387],[179.1782672334117,-8.447346069572232],[179.1779956225663,-8.447477793660312],[179.17789702915698,-8.447771651050376],[179.1779995132434,-8.448171133363083],[179.17927447249372,-8.449933358434665],[179.17974462304036,-8.45074425478654],[179.18037716546414,-8.452096587912989],[179.18074633671816,-8.453179215657837],[179.18116408570393,-8.453959996388559]],[[179.1812412380229,-8.454125555950066],[179.18143933983322,-8.454475589108243]],[[179.18153191282974,-8.454666277353532],[179.18171486721508,-8.455039598907703]],[[179.1817855851216,-8.455207204707948],[179.18307845019385,-8.457776114010194],[179.18326077517514,-8.458317437598756],[179.18367975550967,-8.459128610037594],[179.18436520744345,-8.461022974856427],[179.18510314921463,-8.463730554204474],[179.18555557024,-8.464541535024997],[179.1865525902024,-8.467714830415945],[179.1878065156976,-8.46995233525877],[179.18847666474437,-8.470816837645302],[179.18932186834107,-8.471570859923714],[179.18976909130902,-8.472110690829641],[179.19026701151023,-8.473192575124969],[179.1909915558609,-8.47562903188436],[179.1912366105205,-8.477226648678192],[179.19147513568663,-8.47806683832491],[179.19178284500612,-8.480505630698133],[179.19187452517636,-8.483216804911482],[179.1917575495457,-8.48620032064331],[179.19199115229222,-8.487283682497614],[179.1920779883074,-8.488367869442046],[179.19228125199854,-8.489180232370032],[179.1926793699447,-8.491487391712676],[179.19304905478128,-8.49270110399618],[179.19328488836638,-8.494055618877631],[179.1939231283479,-8.49622137127302],[179.19421536237746,-8.497846734564506],[179.19453566412605,-8.498658433831682],[179.19456934897542,-8.499200580449081],[179.1951310590065,-8.501095589936963],[179.19526254913453,-8.50163718439495],[179.19530207538008,-8.502179297601497],[179.19562566306877,-8.502719807775131],[179.19618317733963,-8.504614836570122],[179.19655604418983,-8.505426234684824],[179.19709692496426,-8.507050186065229],[179.19751841296625,-8.507861307365413],[179.19795536173228,-8.509177376688836],[179.1983752357465,-8.510025803830004],[179.1984792051248,-8.511109885629578],[179.19848906386554,-8.512194499594623],[179.1990531464357,-8.513547144796087],[179.1990908305735,-8.513818098832282],[179.1989141451572,-8.515174935370762],[179.19835605849553,-8.516533930746908],[179.19799918847522,-8.516856320689982]],[[179.15910224593458,-8.549837329231018],[179.15936698953465,-8.549711417058043]],[[179.15939111076202,-8.549700130574784],[179.15963863855325,-8.549573526044469]],[[179.16479155423053,-8.545470102594305],[179.16468636920575,-8.545602953850107]],[[179.16452088456225,-8.545780628413137],[179.1635709620092,-8.546410879894246],[179.16275544448806,-8.546721344226851],[179.1622124850983,-8.54705602473114],[179.16082747691138,-8.548065071899234]],[[179.16072036099393,-8.54815738641528],[179.1605070861686,-8.548338033982441]],[[179.16017803231009,-8.54860478115034],[179.1594999882513,-8.549140701941425],[179.15827287610747,-8.54957078172334],[179.15829042690254,-8.549841857784957],[179.1586870981736,-8.549919766287465],[179.15910224593458,-8.549837329231018]],[[179.14134050628343,-8.560511914558097],[179.14430006625958,-8.559143254884006],[179.14538810474951,-8.558839557234299],[179.14593270540544,-8.558791646981465],[179.14729165650843,-8.55821714573241],[179.14891987581328,-8.557079319632996],[179.1495648900877,-8.556398633303974],[179.15000225499284,-8.555769295171133],[179.15010878166788,-8.555310908457603],[179.15008550489821,-8.555039862581593],[179.1499974694625,-8.55491639189603],[179.14972612434397,-8.555109959632942],[179.14945571633618,-8.555470638742916],[179.14918422969143,-8.55563909735589],[179.14623967883463,-8.556959455018792],[179.14510913399894,-8.55767239712365],[179.14456481687003,-8.55777074301834],[179.14375031801416,-8.558271651645816],[179.142934366864,-8.558513399058196],[179.1413530894289,-8.559427137985804],[179.141041974996,-8.559700038032785],[179.14098110855102,-8.560242728712089],[179.1408436222687,-8.560514667019255],[179.1410387791524,-8.560562838346272],[179.14134050628343,-8.560511914558097]],[[179.14067707187743,-8.560786766294903],[179.14049501341836,-8.5607609708206],[179.1404587252851,-8.560787975554778],[179.14049534572052,-8.560820420317995],[179.14067707187743,-8.560786766294903]],[[179.13048808997166,-8.56626663448108],[179.13207747953663,-8.565793782904134],[179.13398368848584,-8.565635486823258],[179.13452761603946,-8.565464233521274],[179.13507118871618,-8.565229481598672],[179.13596408925713,-8.564609326996582],[179.136179802345,-8.564336956776705],[179.1362385073439,-8.56406545465156],[179.13615372841312,-8.563935129329295],[179.13588166103727,-8.56400187933091],[179.13506697539788,-8.564474157173079],[179.13452323411988,-8.564678504017852],[179.13288927867652,-8.564802154444896],[179.13071310844867,-8.565405545965534],[179.13023525763705,-8.565725671853428],[179.13005843361472,-8.565997825485708],[179.13016847346006,-8.566268397218],[179.13048808997166,-8.56626663448108]],[[179.11867237073875,-8.577992381912168],[179.1187952891912,-8.577980203104168],[179.11896094023402,-8.577719616620454],[179.11908092891903,-8.577176596973468],[179.1192956710944,-8.576904237134768],[179.1193919972386,-8.576632527753937],[179.11933204647437,-8.57651077964591],[179.11908826414702,-8.576363015833028],[179.11878764299922,-8.576600958385594],[179.11871920127217,-8.576907403356477],[179.11819493220304,-8.577723823402456],[179.11824996677444,-8.577905010274032],[179.1185232866925,-8.578061432687607],[179.11867237073875,-8.577992381912168]],[[179.11373527851572,-8.58371426983389],[179.11419452186578,-8.583570507178765],[179.1147392333748,-8.583533757049905],[179.11555513817098,-8.583268869907414],[179.11617233868563,-8.582887357716762],[179.1164647082683,-8.582614572199294],[179.11620840449538,-8.582344798363144],[179.1161947000177,-8.582073692876088],[179.11636436962974,-8.581799844692336],[179.11663621158678,-8.581689046654942],[179.1169091528904,-8.581776661190139],[179.1171833782045,-8.58209592202202],[179.1175981912807,-8.581523626539044],[179.1177452802673,-8.580709277380745],[179.1186120350792,-8.578806254316245],[179.11862939717415,-8.578534978615586],[179.11852470808574,-8.578317833290386],[179.11825213556529,-8.57829628612056],[179.11802325442852,-8.578538307356325],[179.1177985374009,-8.579081902139288],[179.11759452875444,-8.579354202729851],[179.1173360406101,-8.580169163443207],[179.11700005438004,-8.580713369082659],[179.11663273287334,-8.58106120865919],[179.11608987721502,-8.581432217516824],[179.11527485423633,-8.581855580131032],[179.11473038382601,-8.581935412044137],[179.11445853645455,-8.582045418662574],[179.1141875455222,-8.582310193993209],[179.1141160031307,-8.582627457974487],[179.11419465101437,-8.582898207751574],[179.1141442101024,-8.583169665388237],[179.11392048661557,-8.583285471105015],[179.11364786853972,-8.583256440213447],[179.11337590894703,-8.583346409553949],[179.11331261196153,-8.58344540589869],[179.11337716320446,-8.583573071241949],[179.11360996885944,-8.583714956882824],[179.11373527851572,-8.58371426983389]]]}},{"type":"Feature","properties":{"year":2015,"certainty":"unstable data"},"geometry":{"type":"MultiLineString","coordinates":[[[179.12321670722,-8.427055459694703],[179.12259173852937,-8.426266677648472],[179.12231855328525,-8.426112562269614],[179.12177408139482,-8.426152457992158],[179.1212276376541,-8.425830652341636],[179.12093379634607,-8.426661031054227],[179.1204416420636,-8.42747723588657],[179.12014881750991,-8.42776858057299],[179.1193048745271,-8.428161331539874]],[[179.11919793485325,-8.428196220638908],[179.11891910842465,-8.42829900582564],[179.11866698280977,-8.428571549320507],[179.11879292713581,-8.42884113631133],[179.1189289206918,-8.428808084384537]],[[179.11762616296892,-8.428034803106007],[179.11769949425667,-8.427220860456105],[179.11748721644307,-8.426679641166137],[179.1174718010342,-8.426408541977617],[179.11741744341182,-8.42631500042994],[179.11714493304913,-8.42628472602761],[179.11673730667755,-8.426448743566809]],[[179.11539226875615,-8.42736889499201],[179.1155176173816,-8.427527970523178],[179.11676326558853,-8.42803945869331],[179.11742778734364,-8.428215825041507],[179.11762616296892,-8.428034803106007]],[[179.17154896409946,-8.437095581339669],[179.1714001054687,-8.436906600540027],[179.17126381459988,-8.436885307899749]],[[179.17316804170343,-8.539860838470828],[179.17273376435875,-8.539998860030119],[179.17233833087298,-8.540272249185282],[179.17279951192026,-8.540443278426483],[179.1740643337668,-8.540126981155355]],[[179.1742956589663,-8.540064689274969],[179.1745675066257,-8.539964323613338]],[[179.1748394442398,-8.539879868334976],[179.17497156848643,-8.539850717650957]],[[179.1753837968806,-8.539795292887886],[179.1775609574651,-8.539413668703002]],[[179.17946592891064,-8.539073035639081],[179.17965485603494,-8.539010886192555]],[[179.17973788346455,-8.538992006801292],[179.1806893927358,-8.538650230611832],[179.18163921059067,-8.538186207841353]],[[179.19597608903518,-8.501768742058912],[179.19586870462393,-8.501501149052277]],[[179.19563480166167,-8.50068599583461],[179.1955906301528,-8.50050179422541]],[[179.19294581043317,-8.48931207722519],[179.19280347631974,-8.488363787813919],[179.19287582490088,-8.487821043319856],[179.19281278669283,-8.487414644956235]],[[179.1927705774152,-8.48660137627066],[179.19267301534106,-8.48524608135457]],[[179.19267746206143,-8.48497488758162],[179.1926881613395,-8.484703658640607]],[[179.18889450449663,-8.47035299287594],[179.1888824878863,-8.4703351642654]],[[179.18869727398726,-8.470082928744281],[179.18860798396165,-8.469956739954423]],[[179.18837137121005,-8.469542415805936],[179.18833284317017,-8.469465549390847]],[[179.18810373304905,-8.469001575934241],[179.1880572693283,-8.468897592890487]],[[179.18684420690875,-8.46602576051794],[179.18655850371186,-8.464942679350374]],[[179.1836418618945,-8.457637383082368],[179.18363591614641,-8.457626123706007]],[[179.18259249230704,-8.455473874259981],[179.18239489219005,-8.45488646368463],[179.18143922517623,-8.453039767686443]],[[179.18116408570393,-8.453959996388559],[179.1812412380229,-8.454125555950066]],[[179.18143933983322,-8.454475589108243],[179.18153191282974,-8.454666277353532]],[[179.18171486721508,-8.455039598907703],[179.1817855851216,-8.455207204707948]],[[179.15936698953465,-8.549711417058043],[179.15939111076202,-8.549700130574784]],[[179.15963863855325,-8.549573526044469],[179.16194707043505,-8.548299369065136],[179.1633044570368,-8.54746011177761],[179.1645986317169,-8.546552549545948],[179.16506361687783,-8.546007603680616],[179.165201125241,-8.545636381877854],[179.16519976195275,-8.545394834934177],[179.1649264845523,-8.545243185302388],[179.16479155423053,-8.545470102594305]],[[179.16468636920575,-8.545602953850107],[179.16452088456225,-8.545780628413137]],[[179.16082747691138,-8.548065071899234],[179.16072036099393,-8.54815738641528]],[[179.1605070861686,-8.548338033982441],[179.16017803231009,-8.54860478115034]]]}},{"type":"Feature","properties":{"year":2015,"certainty":"insufficient data"},"geometry":{"type":"MultiLineString","coordinates":[[[179.10328127480958,-8.630210716693629],[179.1033675805344,-8.629872010881126],[179.10327732194946,-8.629496866011156]],[[179.10329681241745,-8.633016073818423],[179.10344283479574,-8.63285460283856],[179.10338037589085,-8.632583763276935],[179.1035663850393,-8.63248860394986],[179.1036353240103,-8.63204000009377],[179.10356261739093,-8.631808476831157],[179.10328791797394,-8.631410273843976]]]}},{"type":"Feature","properties":{"year":2016,"certainty":"good"},"geometry":{"type":"MultiLineString","coordinates":[[[179.0804534440221,-8.465115251054542],[179.08070415936098,-8.464300351974703],[179.08123699760526,-8.46348395068623],[179.0814338279953,-8.462940526584696],[179.08147717584012,-8.462126731907336],[179.0813846702737,-8.461690742293884],[179.08123237046138,-8.461314471442135],[179.0809006194439,-8.461045049453299],[179.0802902317432,-8.460771998069559],[179.07942426266348,-8.460239340217766],[179.07919743585845,-8.460158525335382],[179.07892513174926,-8.46017190085505],[179.07866279313984,-8.460514577869713],[179.07863236364878,-8.46078592809388],[179.0787381477238,-8.462141307683513],[179.07976714542835,-8.464808284780775],[179.08004142164853,-8.46516159048868],[179.08031429670402,-8.46525391614332],[179.0804534440221,-8.465115251054542]],[[179.06209956448834,-8.490975680613255],[179.06233098919904,-8.490703264888852],[179.0623096023486,-8.49043218732855],[179.06219846911898,-8.490326443495626],[179.06110797566024,-8.490159055546792],[179.06001867761904,-8.490215725086282],[179.05974673393138,-8.490301323225292],[179.0595948612733,-8.490446547163053],[179.05954646664122,-8.490717994197924],[179.05969959696006,-8.490988375891172],[179.06002334565687,-8.491090777982551],[179.06138556576087,-8.491131335406136],[179.06209956448834,-8.490975680613255]],[[179.036982005536,-8.512261006152324],[179.03752460830157,-8.51204198976082],[179.0378594116112,-8.511714017653098],[179.03802379381156,-8.511170766817521],[179.03798972515222,-8.510628556466562],[179.03843148239838,-8.510355045812997],[179.03867036734985,-8.510082598729921],[179.0384974644311,-8.509812310992864],[179.03832959987253,-8.509723725297208],[179.03805718471872,-8.509724186331585],[179.0378545110457,-8.509815681773238],[179.03637748699916,-8.510908200288274],[179.03615600208417,-8.511451750073924],[179.03619697745035,-8.511993924960123],[179.03643591940022,-8.51222902052854],[179.036982005536,-8.512261006152324]],[[179.07064248276956,-8.598321112147518],[179.0709047237567,-8.59804851316784],[179.07098438737628,-8.597776896495189],[179.07089506071307,-8.59750618905295],[179.07067518665787,-8.59729262175571],[179.06985909392986,-8.59753788090222],[179.06951931174953,-8.597784776562102],[179.0695737020897,-8.598055672386339],[179.06986362405826,-8.598372333448292],[179.07013652356125,-8.598450416091405],[179.07064248276956,-8.598321112147518]],[[179.1007088771289,-8.605751308161166],[179.10080715818788,-8.605479588268304],[179.10069493573607,-8.60385310312486],[179.1005214582088,-8.603040501315368],[179.10045056176986,-8.602227339158292],[179.10044907427138,-8.600057882373749],[179.10036787031376,-8.599515959333122],[179.10048852806682,-8.598701751371284],[179.10048317022964,-8.598430597474353],[179.10038015631486,-8.598291546354629],[179.1001079961643,-8.598347873737989],[179.10001570190508,-8.598975514886043],[179.09972712032874,-8.599790639258133],[179.0996118336099,-8.601418367859099],[179.09972460712027,-8.602773668528716],[179.0999672365471,-8.603585893609953],[179.1003298943211,-8.605482195170167],[179.10042103789206,-8.605708827386762],[179.1007088771289,-8.605751308161166]],[[179.10330042609817,-8.63312656639035],[179.10359643593395,-8.632853760070995],[179.10370660998933,-8.63203960897464],[179.10345184752617,-8.631498642221414],[179.10331592207666,-8.630957023309712],[179.10328996900577,-8.63068598338485],[179.10343320379985,-8.629871650965148],[179.1033291990412,-8.629329856811045],[179.10306911234227,-8.628788918382448],[179.10263838910873,-8.628248914988164],[179.10206703143564,-8.627167316433654],[179.10135228980081,-8.626317575575351],[179.10031040367386,-8.624465109381127],[179.0996026822893,-8.62365543329537],[179.0978732643155,-8.62095305792632],[179.09713783748705,-8.619329975485384],[179.0968883862255,-8.618517787375588],[179.09669166767267,-8.617162943845955],[179.09667648890266,-8.616349476053735],[179.0967736191045,-8.614993028087552],[179.0970139645851,-8.613635798542346],[179.09734810111814,-8.612549240760034],[179.09768976013356,-8.611733825465661],[179.09866523235877,-8.610372583130994],[179.09995552227656,-8.609009620221597],[179.10031726170735,-8.608194094823423],[179.1006509934622,-8.607649905442196],[179.10043030806733,-8.607389823371463],[179.10015834492833,-8.607482995333726],[179.09907668114357,-8.608978707100105],[179.09811135588592,-8.610104423635226],[179.09757742773988,-8.610920888214208],[179.0968926499218,-8.61228054283847],[179.09626944623562,-8.614182228666788],[179.09623801025396,-8.615267134791146],[179.09605813440493,-8.615810483657354],[179.0960649864446,-8.617166364554285],[179.09628592958916,-8.618521076684278],[179.09684373424324,-8.62041631563967],[179.09757866046536,-8.622039401103928],[179.09782520791026,-8.622851603622658],[179.09814468810393,-8.62339222376194],[179.09849657882668,-8.624203849345315],[179.09944192272596,-8.62578660720876],[179.0999703100583,-8.626365250909625],[179.10064392792293,-8.627446294358961],[179.10070242020643,-8.62771715680596],[179.10039157491119,-8.629074772889092],[179.10012296073202,-8.629618609437886],[179.09984767717867,-8.629891299620981],[179.09977640696255,-8.630162872715129],[179.10001165971354,-8.630265358900072],[179.10082893976582,-8.630229202756325],[179.10191333831344,-8.630693531448145],[179.1019716819632,-8.630964394147687],[179.101919358336,-8.631235863460105],[179.1020788929795,-8.63150617140217],[179.10301799280663,-8.631874089908475],[179.103255461207,-8.632042084033502],[179.10340812448229,-8.632312428803994],[179.10339252813813,-8.632583696607117],[179.10324465088308,-8.632855690128759],[179.10330042609817,-8.63312656639035]],[[179.07933713324684,-8.621867463623467],[179.07942663437095,-8.62159579244052],[179.07898088786487,-8.621373821363694],[179.0787082711212,-8.621350740332023],[179.07821632498786,-8.621602346744476],[179.07816962555432,-8.62187378612506],[179.0784394286671,-8.622018082626802],[179.07933713324684,-8.621867463623467]],[[179.07850534571062,-8.62810925715076],[179.0787697978306,-8.627836637731054],[179.07881179567588,-8.627565223757875],[179.07875383704672,-8.627294351436449],[179.07836762855766,-8.626754071057368],[179.07846411597416,-8.626532653914172],[179.07873583235377,-8.62639045108261],[179.07927691713223,-8.625677051728033],[179.07952250302267,-8.625120695242696],[179.07956673331523,-8.624849269249287],[179.07944639607155,-8.624307548745275],[179.07899538810724,-8.62402528999756],[179.0787227096471,-8.623991279163445],[179.07845065869873,-8.624072024302587],[179.07818528632447,-8.624314380216985],[179.0780077438151,-8.624857714743758],[179.07790373730228,-8.625943024192509],[179.0780911970051,-8.626484381969943],[179.07764736823214,-8.626667158829806],[179.0772280801281,-8.627031429351714],[179.07703879715376,-8.627303640867716],[179.0770165747345,-8.627574947865781],[179.07720582553225,-8.627845109801031],[179.07738179758417,-8.627933543032503],[179.0782004721886,-8.628150772568258],[179.07850534571062,-8.62810925715076]],[[179.0753169309092,-8.640736710192224],[179.0755426857503,-8.640437304587635],[179.07581520144052,-8.640439296950264],[179.07595206044095,-8.640550152056948]],[[179.07657664489284,-8.640187509941512],[179.07652924748524,-8.639238613731541],[179.07629667324878,-8.63869750092877],[179.07580316466715,-8.638239228629986],[179.07519991395094,-8.637889882382623],[179.07499851679503,-8.63761978617899],[179.07492380839537,-8.63734900382607],[179.07490717420146,-8.636535533157005],[179.0750701410364,-8.635721090087673],[179.0756339677972,-8.634904476564175],[179.07572216653418,-8.634632812137186],[179.07564286539318,-8.63436205474165],[179.07518735702436,-8.633822147184052],[179.07547126610044,-8.63354942332005],[179.07604935504403,-8.633428411160178],[179.07619943482732,-8.633274293635155],[179.07623887323896,-8.633002893307962],[179.07617159894232,-8.632732070877832],[179.07559744452675,-8.631921619073182],[179.07522393791533,-8.631979654917332],[179.07495240735426,-8.632156853412967],[179.0747040849974,-8.632468828033506],[179.07458570310587,-8.632740655630316],[179.07447060866386,-8.633554839497926],[179.07407407099075,-8.63409935926043],[179.0739159990251,-8.634506995156977]],[[179.08461583262547,-8.642855698946383],[179.0852280636066,-8.64252661142118]],[[179.08821421623654,-8.640456504824083],[179.08829327339464,-8.640395001438945]],[[179.0884856154065,-8.640256052881433],[179.09008779121274,-8.639164884615573],[179.09052115039745,-8.638761920737444],[179.09126006603876,-8.63834493489593],[179.09160731998037,-8.638066276531369],[179.09269358191193,-8.637388178512394],[179.09513865719447,-8.636043936455025],[179.09758541669515,-8.635008093790907],[179.09948988347213,-8.634463352474782],[179.10139610677854,-8.634237309897395],[179.10258520106697,-8.63367285440593],[179.1028717383356,-8.633400100387565],[179.102753140617,-8.633254055796508],[179.10267980252337,-8.632858788476764],[179.1024768707331,-8.632572354569117],[179.10193082554883,-8.632381628105724],[179.10165839889567,-8.632393911258527],[179.10166288018027,-8.633203533885073],[179.10139257030576,-8.63359838717104],[179.10112012588905,-8.63360763635766],[179.10057355195374,-8.633321590102133],[179.10030092631447,-8.633298071785198],[179.1000277019508,-8.633166306684238],[179.09947612923335,-8.631975951488714],[179.09920353322923,-8.631957636254286],[179.09896792785332,-8.632607945455439],[179.09863377502202,-8.633152140752612],[179.09812342727352,-8.633744456334414],[179.09722399128285,-8.63451577179901],[179.0964948040438,-8.634895224183552],[179.0959505520271,-8.635029745186435],[179.09482649072834,-8.635613616323765],[179.09432084562062,-8.635986629247707],[179.0935051131448,-8.636306294327088],[179.0924195625558,-8.63711257232963],[179.0920700820687,-8.637255776657273],[179.0910613492926,-8.637890295839748],[179.08997614153586,-8.638760733035653],[179.08916026009047,-8.639055386799653],[179.08848205537794,-8.63960935236969]],[[179.086431944071,-8.640947514042134],[179.0860934277868,-8.641220542825058]],[[179.08603861182328,-8.641260059861429],[179.08570843993783,-8.641493824481664]],[[179.08549569920453,-8.641641069253318],[179.08390012390714,-8.642588408867342]],[[179.08386598865027,-8.642608356821524],[179.083502898476,-8.642861755564882]],[[179.08332294894618,-8.64296705378958],[179.08277968678635,-8.643285451060493]],[[179.0811447322317,-8.643300069801489],[179.08101754992603,-8.643010862144173],[179.08105823813173,-8.642197083550192],[179.0810018283605,-8.642087942647818],[179.0807289156897,-8.642013650256159],[179.08045791005225,-8.642287018676981],[179.08018991168362,-8.642337393849761]],[[179.08017997727043,-8.64233744780936],[179.07977684023638,-8.64232233279742]],[[179.07882929243144,-8.641802409362715],[179.0786833277287,-8.641685465682992]]]}},{"type":"Feature","properties":{"year":2016,"certainty":"unstable data"},"geometry":{"type":"MultiLineString","coordinates":[[[179.07486013058104,-8.641417151989023],[179.07515005652942,-8.641144394498953],[179.0753169309092,-8.640736710192224]],[[179.07595206044095,-8.640550152056948],[179.07608910475912,-8.640694855465286],[179.07636174720182,-8.640719987696222],[179.07649418422528,-8.6405947368531],[179.07657664489284,-8.640187509941512]],[[179.0739159990251,-8.634506995156977],[179.07344811134706,-8.635458681473812],[179.07334895164317,-8.63627277944474],[179.07290239021586,-8.637359944078444],[179.07290590118694,-8.639258235668915],[179.073071274328,-8.639799715218125],[179.0734970975217,-8.640339784874053],[179.07365936845244,-8.640881280632229],[179.07384399389082,-8.64115146812951],[179.07435640852626,-8.64141988037509],[179.07473077984832,-8.641462803417665],[179.07486013058104,-8.641417151989023]],[[179.08141258846254,-8.643822272513386],[179.08155580881072,-8.643722321950635],[179.0821002838404,-8.643624473235686],[179.08264554954255,-8.643670678996775],[179.08319018172148,-8.643601567827014],[179.08373394425806,-8.64337425462556],[179.08461583262547,-8.642855698946383]],[[179.0852280636066,-8.64252661142118],[179.08821421623654,-8.640456504824083]],[[179.08829327339464,-8.640395001438945],[179.0884856154065,-8.640256052881433]],[[179.08848205537794,-8.63960935236969],[179.086431944071,-8.640947514042134]],[[179.0860934277868,-8.641220542825058],[179.08603861182328,-8.641260059861429]],[[179.08570843993783,-8.641493824481664],[179.08549569920453,-8.641641069253318]],[[179.08390012390714,-8.642588408867342],[179.08386598865027,-8.642608356821524]],[[179.083502898476,-8.642861755564882],[179.08332294894618,-8.64296705378958]],[[179.08277968678635,-8.643285451060493],[179.08264394707592,-8.64337888766003],[179.08209952471893,-8.64348620995537],[179.08128172586038,-8.643435027205053],[179.0811447322317,-8.643300069801489]],[[179.08018991168362,-8.642337393849761],[179.08017997727043,-8.64233744780936]],[[179.07977684023638,-8.64232233279742],[179.0794305704933,-8.642477110582426],[179.07964242923615,-8.642747146257237],[179.08018950210933,-8.643034068889845],[179.08073932047793,-8.64391011308107],[179.08101200983242,-8.643943446772258],[179.08141258846254,-8.643822272513386]],[[179.07887305505633,-8.64193776492837],[179.07882929243144,-8.641802409362715]],[[179.0786833277287,-8.641685465682992],[179.0782096424017,-8.641670178990843],[179.07821102605914,-8.641941357791646],[179.07882140209657,-8.64201786752716]]]}},{"type":"Feature","properties":{"year":2016,"certainty":"good"},"geometry":{"type":"MultiLineString","coordinates":[[[179.1225886057864,-8.425692311506035],[179.12231490033344,-8.425442716876296],[179.12177184810213,-8.425742840241146],[179.12149812076999,-8.42548916918017],[179.12122558692437,-8.425454408439629],[179.1209944073156,-8.425575976436992],[179.12102941804844,-8.426389332547759],[179.1207815084927,-8.426933035780731],[179.12041391443537,-8.427477385704345],[179.1198773322176,-8.427926590884136],[179.11892888342086,-8.428298953041928],[179.11867693805104,-8.42857149556821],[179.11879316208112,-8.42888427414927],[179.1196088697113,-8.42863947496771],[179.1202893285533,-8.428564568643907]],[[179.12307293020302,-8.426785056101192],[179.12283468875805,-8.426379572620954],[179.1226762529247,-8.425838066544866]],[[179.11549439874256,-8.42669038775687],[179.11531440926584,-8.426962540598714],[179.11528186844325,-8.427233898706834],[179.11551778273352,-8.427558382340507],[179.11715524208088,-8.428179389017755],[179.1174278524451,-8.42822778682373],[179.1176995097954,-8.428101094758908],[179.1177865646852,-8.427491572902422],[179.11777085398404,-8.426678110782708],[179.11793444779124,-8.426406045729863],[179.11796114196147,-8.42613261721267],[179.11714412311943,-8.426135853006825],[179.11660103925885,-8.426431371012201],[179.11578437940102,-8.426500876665765],[179.11551295908856,-8.42667116231634]],[[179.16733535173663,-8.435085097878336],[179.16762406931028,-8.43481232813216],[179.1677192689519,-8.434540628144946],[179.1677088566543,-8.433998338315803],[179.1678683268064,-8.433455109392824],[179.16783908063726,-8.43322143754701],[179.16756649653848,-8.433177985756833],[179.1670240287083,-8.433575577170547],[179.1667518911176,-8.433612301560629],[179.16620604113555,-8.433403151070406],[179.1659345297512,-8.433552302806131],[179.16559137714768,-8.43401003789961],[179.16566660790878,-8.434345888303787],[179.1667606978112,-8.435192400021535],[179.1670333307265,-8.435244335333492],[179.16733535173663,-8.435085097878336]],[[179.1680762582337,-8.436165696151786],[179.16785450905948,-8.435988146435799],[179.1677621734657,-8.436167432995317],[179.16785624261385,-8.436298958090008],[179.1680762582337,-8.436165696151786]],[[179.1731137091143,-8.441018914201917],[179.17243620807957,-8.439395634328875],[179.172322375976,-8.438853919652049],[179.17200605705534,-8.438042154108658],[179.17148516479386,-8.436960348259076],[179.17139998075336,-8.436884278688588],[179.1711275123725,-8.436861981405363],[179.1705852555558,-8.437297229404841],[179.17031328807266,-8.43736469435263],[179.17004060175543,-8.437303452160668],[179.16949426028418,-8.437007392606693],[179.16894894319884,-8.436894763820716],[179.1684027575889,-8.436626441456943],[179.16833041388634,-8.436706637649197],[179.16849985613433,-8.43697687391403],[179.16895098677165,-8.437260932919145],[179.1697721407326,-8.437998958572775],[179.17059412353728,-8.43888480678799],[179.17168813405345,-8.439713063082618],[179.1727846620998,-8.440990636052886],[179.17305824738403,-8.441212090302967],[179.1731137091143,-8.441018914201917]],[[179.17340290736058,-8.441559655397711],[179.173331485212,-8.441371391874954],[179.17328540478852,-8.441560307201781],[179.17333332375242,-8.441699981964586],[179.17340290736058,-8.441559655397711]],[[179.17416394923916,-8.443182467839666],[179.1743476407847,-8.442910275813073],[179.1741554089139,-8.442601206435278],[179.17388301500355,-8.442592889466532],[179.17387750124837,-8.44291288507473],[179.17416394923916,-8.443182467839666]],[[179.17371031520085,-8.540264553390102],[179.17470365410585,-8.539953632061655],[179.17633628216925,-8.539624211454374],[179.17905836956584,-8.539260256951167],[179.18014598039875,-8.53889959084704],[179.18177629090712,-8.538164896223167],[179.18231929209722,-8.537843644038107],[179.18331709077665,-8.536956493500657],[179.1838105750779,-8.536614658633967]],[[179.18636583022777,-8.534634367066992],[179.18720103485268,-8.534035337291579],[179.19031874541344,-8.531404556029086]],[[179.1903760377156,-8.53135770520245],[179.1905898690881,-8.531179390195865]],[[179.19070586670637,-8.531084673512197],[179.19086105516615,-8.530965228525666]],[[179.19106727810234,-8.530811463220537],[179.1911323135778,-8.530763809408505]],[[179.19143600890467,-8.530538211356173],[179.19167478317036,-8.53035284975909]],[[179.19178094645196,-8.530265093729733],[179.19194590625148,-8.530127863783797]],[[179.1920956816848,-8.529992146615806],[179.19287518607882,-8.529309819640956],[179.19533592198783,-8.527491575126012],[179.19642026828288,-8.526569485160016],[179.19832000203837,-8.525330310823014],[179.1991332881402,-8.524645109783458],[179.20074932964485,-8.523570719260812],[179.2013036173747,-8.523094179516212],[179.20220658433522,-8.521935453835344],[179.2027314124674,-8.52084780993412],[179.2029107512704,-8.520033292759457],[179.2028304087828,-8.518677915662321],[179.20273148586932,-8.518136143553033],[179.20185830116762,-8.515971760796111],[179.2006343509535,-8.513267026080033],[179.20015030966843,-8.511948728633868],[179.19946451970492,-8.510561976682034],[179.19813877515367,-8.507315465715847],[179.19683512084092,-8.503794965921973],[179.19631955304703,-8.502715891209634],[179.1955892996283,-8.500268065397854]],[[179.1955713435609,-8.500144017721121],[179.19482834679306,-8.497029774148697],[179.19461055092006,-8.495802300552526],[179.19320060515844,-8.490802070535192],[179.19300107724325,-8.489718519162073],[179.19287957445445,-8.488634528290529],[179.19288346186173,-8.487821000348037],[179.19277052816906,-8.487008129635877],[179.19272227612169,-8.485652557402412],[179.1927367767499,-8.484025463308155],[179.19287947514053,-8.481584141960349],[179.19266322117107,-8.478602500795962],[179.192362596973,-8.47724834578107],[179.19188392131565,-8.475624021003192],[179.19135591803953,-8.474247457935125]],[[179.19129087021815,-8.474135921192676],[179.1910807539659,-8.473753474354508]],[[179.1909894990805,-8.473595274578825],[179.19080550300774,-8.473244000570448]],[[179.19071204599769,-8.4730544932877],[179.19053033788367,-8.472749539724195]],[[179.19035475708245,-8.472514159520435],[179.1902559617819,-8.472394344236823]],[[179.19003760642255,-8.471973600017371],[179.18998068404625,-8.47187971936432]],[[179.18964975687456,-8.471433436508676],[179.18874512412663,-8.470126193065154],[179.1878564104938,-8.468596206781916],[179.18699409747848,-8.46643167646433],[179.18624482766361,-8.463724168950419],[179.18555988096693,-8.46182980830444],[179.1840482267903,-8.45829640207435],[179.18282202505347,-8.455879349710376],[179.18243052820912,-8.454796850685106],[179.17917451336012,-8.448578057285628],[179.17826688810484,-8.44728453788353],[179.17799467965125,-8.44730975221232],[179.17787966147097,-8.447500575883568],[179.1778610582618,-8.447771851145792],[179.17793904024342,-8.448042589115994],[179.17889316110893,-8.44939313810103],[179.17983189166299,-8.451014940146772],[179.181027312963,-8.453854067402263],[179.18253204695034,-8.456694480442314],[179.18267982853462,-8.45712160882274],[179.18366614485905,-8.459128686050267],[179.1847264311293,-8.462376808368887],[179.185057277717,-8.463730810687924],[179.18559974476872,-8.464812458187108],[179.18625710752224,-8.466978141622265],[179.18677171385036,-8.46833111130463],[179.1876538946777,-8.469812573760889],[179.18830209391132,-8.470491897956123],[179.18888784228974,-8.471281982467314]],[[179.1916588709968,-8.479645254759054],[179.19175971874256,-8.481183683081674]],[[179.19178393555907,-8.484437574328142],[179.1917223944027,-8.485793764938732]],[[179.191736467923,-8.486064854725658],[179.19194013864407,-8.487012800538704],[179.1921190538353,-8.488746531791202],[179.19256024084055,-8.490805674981035],[179.1926511693636,-8.491618669314166],[179.19290539252077,-8.492430744211438],[179.1929607431551,-8.492972769836447],[179.19313479979326,-8.493514126970139],[179.19320837971586,-8.494191634038353]],[[179.19385233710022,-8.496086185955761],[179.19404641009135,-8.497169765922035]],[[179.1940860526452,-8.497440710872633],[179.19420053789844,-8.497982402297588]],[[179.19421462850994,-8.498026729962174],[179.19449044258553,-8.498658688790416],[179.19453331244566,-8.499065199503027]],[[179.19536731084602,-8.50231451356329],[179.19560579437794,-8.502719919902976],[179.1956399255093,-8.502990895319602],[179.19591180253758,-8.503531696801652],[179.19606794358182,-8.504208735265475]],[[179.1961584444702,-8.50454806683584],[179.19621849847204,-8.504750221096831]],[[179.19643492726013,-8.50526686518127],[179.19644519562806,-8.505291276766116]],[[179.19654672245366,-8.505561871252548],[179.19708515268098,-8.50705025257898],[179.19752762096448,-8.507861255324897],[179.1979150528455,-8.509214903339341],[179.19840057835074,-8.51029682797556],[179.1984719322875,-8.512194596506648],[179.1987943564933,-8.513000750150965],[179.19897278904875,-8.513276432225366],[179.19911063927842,-8.51381798672357],[179.1989710490949,-8.514903445984842],[179.19834547882516,-8.516533990621353],[179.19799194869717,-8.516807158678894],[179.19782548901648,-8.51707926806368],[179.1978383821315,-8.517350362589147],[179.19759235805864,-8.517894089697299],[179.1958404235372,-8.52043197718473],[179.1951916935675,-8.52170401674343],[179.1945366062653,-8.522521224425898],[179.1938308419287,-8.523067549987216],[179.1936776715194,-8.523314656554543],[179.1939163306853,-8.52360940298472],[179.19398880919277,-8.524151329438626],[179.19368331227471,-8.524303646012811],[179.19341051574443,-8.52423441021848],[179.19313876568887,-8.52434867826164],[179.19299262059874,-8.52497046437754],[179.19305366267506,-8.525512455863916],[179.1925361217244,-8.52632888531352],[179.19238212489668,-8.526872092114886],[179.19223195264226,-8.52714410899931],[179.191779416987,-8.527689002593435],[179.19116714779972,-8.52877713525338],[179.19044563061743,-8.529769671004669],[179.1898250932726,-8.530411726237057],[179.1888191371358,-8.531164467522256],[179.1879852663804,-8.532049124330339],[179.18719633783994,-8.532595913471331],[179.1856666740717,-8.53396038625479],[179.18448314957055,-8.535128026175853],[179.18231352679845,-8.536829183990173],[179.18095608421226,-8.537642752029258],[179.17986973268927,-8.53822442494265],[179.17932612691405,-8.538439755756956],[179.178509640514,-8.538573066379799],[179.17741965035725,-8.538514516883527],[179.17551454785203,-8.538832313100421],[179.17469913406055,-8.539155709127495],[179.1741561035366,-8.539473656266244],[179.17276086167868,-8.53999870805868],[179.172356857732,-8.540272145295953],[179.17252698042063,-8.540423008771583],[179.17279978153894,-8.540490910707017],[179.17371031520085,-8.540264553390102]],[[179.15922357265114,-8.549836652290391],[179.1619471956373,-8.548321578396875],[179.16411896292476,-8.546970226785808],[179.16493216587483,-8.54624989865865],[179.16523516379038,-8.545735471502612],[179.16519944510063,-8.545338694166524],[179.164926888785,-8.545314818197129],[179.16465636984708,-8.54565201926221],[179.1641139800477,-8.546087025973382],[179.16357099313993,-8.546416399192626],[179.16221245493279,-8.547050673602703],[179.16139832530598,-8.547607959151785],[179.1594998645208,-8.549118730921155],[179.15830089537496,-8.54957062545846],[179.15817565673197,-8.549842497867767],[179.15868765567672,-8.55001879041894],[179.1589599106505,-8.549988418414065],[179.15922357265114,-8.549836652290391]],[[179.14123382884026,-8.560512505545644],[179.14185461412404,-8.560299205284563],[179.14439853063047,-8.559139079756143],[179.14538814707979,-8.558847114664697],[179.14620475975426,-8.558723813775186],[179.14729170683202,-8.558226122933412],[179.14892003632613,-8.557107935558296],[179.14962064620565,-8.556398323363208],[179.1500437977803,-8.555853620301342],[179.15016590394967,-8.555581766147036],[179.15013912922157,-8.555039564464986],[179.14999716659065,-8.554862409453316],[179.14972590679642,-8.555071181018246],[179.14945573325846,-8.555473655443146],[179.14918425550496,-8.55564369956986],[179.14809693089174,-8.55607221905058],[179.14619488866686,-8.556961939622273],[179.14510904180312,-8.557655932520257],[179.14456467797845,-8.557745933320133],[179.14375017192754,-8.558245548349381],[179.14293422179122,-8.558487467782374],[179.1413242535706,-8.559427297719186],[179.14100766775454,-8.559700228052346],[179.1409534261132,-8.559971705262281],[179.1409673446429,-8.560513981725794],[179.14123382884026,-8.560512505545644]],[[179.14052956836298,-8.560787583221007],[179.1404951255962,-8.560781039702631],[179.14048583533088,-8.560787825419041],[179.14049521044845,-8.56079621993362],[179.14052956836298,-8.560787583221007]],[[179.13138006955148,-8.56599053533567],[179.1326950282131,-8.565712099416183],[179.13398364620696,-8.56562790429929],[179.13464835697118,-8.565430132465393],[179.1352564132129,-8.56515559428221],[179.13608798038143,-8.56460864201634],[179.13636854397146,-8.564335913156125],[179.1363940962258,-8.564064594353928],[179.1361534864411,-8.563891768057015],[179.13479502359266,-8.564561760928974],[179.13425084375763,-8.564687519017617],[179.13316145294857,-8.564754303828886],[179.131800982921,-8.565065815953139],[179.13071325477608,-8.565431830092841],[179.13026346136303,-8.565725516320615],[179.13007018625697,-8.565997760677995],[179.13017253441507,-8.566179823997919],[179.13044520724844,-8.56622121800554],[179.13138006955148,-8.56599053533567]],[[179.1137483645322,-8.58371419808341],[179.11501136178725,-8.583474349599822],[179.11582712850213,-8.583184617540969],[179.11637028669094,-8.582867769336243],[179.11691233514892,-8.58235087321444],[179.11718405740874,-8.582218461596456],[179.11745464381193,-8.581881185227704],[179.117723703759,-8.581268638513077],[179.11775796093258,-8.58070920774443],[179.1179206214363,-8.58016595358077],[179.11834235307893,-8.579350096235494],[179.11879653960005,-8.57820573397616],[179.1189024803831,-8.57771993772531],[179.1193333379283,-8.576743695001873],[179.11933235016204,-8.576565550688947],[179.11905883787603,-8.576374243622679],[179.11878765429836,-8.576602996727093],[179.11868187564235,-8.57690760833531],[179.11829432953706,-8.577452097208557],[179.11816612041483,-8.577723981602082],[179.11815330747982,-8.577995232382033],[179.1179803778925,-8.578421764474383],[179.11792673106186,-8.578810017799428],[179.11758614427984,-8.579354248762925],[179.1173240631613,-8.580169229200663],[179.11694819451387,-8.580713653768411],[179.11636137492934,-8.581259301788267],[179.11554657851076,-8.581723435895833],[179.11527488612842,-8.58186133938367],[179.11473026639894,-8.581914201089],[179.11437855555798,-8.582083656218739],[179.11417269629968,-8.58235596606442],[179.11414699856627,-8.582898469058398],[179.11395839568922,-8.58317068429323],[179.11337573879192,-8.58331565969306],[179.11329049754477,-8.583445527122826],[179.11337721944938,-8.583583235330664],[179.1137483645322,-8.58371419808341]],[[179.11664104283142,-8.582560910342693],[179.1163672192455,-8.582314167033285],[179.11628024936977,-8.582073223342679],[179.11636480661957,-8.581878718330948],[179.116636357789,-8.581715432181172],[179.11683285888384,-8.581799009315011],[179.11690378477306,-8.582069800526153],[179.11689865945627,-8.582341009251062],[179.11664104283142,-8.582560910342693]]]}},{"type":"Feature","properties":{"year":2016,"certainty":"unstable data"},"geometry":{"type":"MultiLineString","coordinates":[[[179.1202893285533,-8.428564568643907],[179.1220592997837,-8.428512960253208],[179.1228770474398,-8.428642837242585],[179.12329507567938,-8.428546533186221],[179.1234537648795,-8.428274493133985],[179.12344349196013,-8.42746100472454],[179.12336201802248,-8.427190264207837],[179.12307293020302,-8.426785056101192]],[[179.1838105750779,-8.536614658633967],[179.18584517340236,-8.535122704121122],[179.18636583022777,-8.534634367066992]],[[179.19031874541344,-8.531404556029086],[179.1903760377156,-8.53135770520245]],[[179.1905898690881,-8.531179390195865],[179.19070586670637,-8.531084673512197]],[[179.19086105516615,-8.530965228525666],[179.19106727810234,-8.530811463220537]],[[179.1911323135778,-8.530763809408505],[179.19143600890467,-8.530538211356173]],[[179.19167478317036,-8.53035284975909],[179.19178094645196,-8.530265093729733]],[[179.19194590625148,-8.530127863783797],[179.1920956816848,-8.529992146615806]],[[179.1955892996283,-8.500268065397854],[179.1955713435609,-8.500144017721121]],[[179.19135591803953,-8.474247457935125],[179.19129087021815,-8.474135921192676]],[[179.1910807539659,-8.473753474354508],[179.1909894990805,-8.473595274578825]],[[179.19080550300774,-8.473244000570448],[179.19071204599769,-8.4730544932877]],[[179.19053033788367,-8.472749539724195],[179.19035475708245,-8.472514159520435]],[[179.1902559617819,-8.472394344236823],[179.19003760642255,-8.471973600017371]],[[179.18998068404625,-8.47187971936432],[179.18964975687456,-8.471433436508676]],[[179.18888784228974,-8.471281982467314],[179.18925453922685,-8.471571237448908],[179.18970174600432,-8.472111068546182],[179.19000042076942,-8.472651732052485],[179.19047702680083,-8.474004904578132],[179.19057261203994,-8.474546706677785],[179.1909207600383,-8.475629429335346],[179.1916588709968,-8.479645254759054]],[[179.19175971874256,-8.481183683081674],[179.19178393555907,-8.484437574328142]],[[179.1917223944027,-8.485793764938732],[179.191736467923,-8.486064854725658]],[[179.19320837971586,-8.494191634038353],[179.19362653409215,-8.495138368557523],[179.19385233710022,-8.496086185955761]],[[179.19404641009135,-8.497169765922035],[179.1940860526452,-8.497440710872633]],[[179.19420053789844,-8.497982402297588],[179.19421462850994,-8.498026729962174]],[[179.19453331244566,-8.499065199503027],[179.1949107791823,-8.500696886123636],[179.19514477221716,-8.501366680718546],[179.19527835628296,-8.502179431430775],[179.19536731084602,-8.50231451356329]],[[179.19606794358182,-8.504208735265475],[179.1961584444702,-8.50454806683584]],[[179.19621849847204,-8.504750221096831],[179.19643492726013,-8.50526686518127]],[[179.19644519562806,-8.505291276766116],[179.19654672245366,-8.505561871252548]]]}},{"type":"Feature","properties":{"year":2016,"certainty":"insufficient data"},"geometry":{"type":"MultiLineString","coordinates":[[[179.10328165618395,-8.630279586204558],[179.1034067101895,-8.629871796272797],[179.10340457004918,-8.629600625739236],[179.1032763144957,-8.62931491919121]],[[179.1032976157368,-8.633161089565398],[179.10359643593395,-8.632853760070995],[179.10370660998933,-8.63203960897464],[179.10361339764117,-8.631768938182768],[179.10328704678597,-8.631252973167825]]]}},{"type":"Feature","properties":{"year":2017,"certainty":"good"},"geometry":{"type":"MultiLineString","coordinates":[[[179.08041258864975,-8.465115468575355],[179.08072449076357,-8.46430024372239],[179.08122661770074,-8.463484005961476],[179.08142763977693,-8.462940559539394],[179.0815005968144,-8.462397795132357],[179.08138465078312,-8.461687113630697],[179.08123290841186,-8.461314468578143],[179.08094752156236,-8.46104479979616],[179.07922052518356,-8.460240423764509],[179.07892536898703,-8.460216128849096],[179.0786541116083,-8.46042468533109],[179.07857529848508,-8.460786231500288],[179.07875573847355,-8.462141214135308],[179.079061841951,-8.46295315116945],[179.07935204943783,-8.4634939839248],[179.07976682460838,-8.464748531732868],[179.0800414688228,-8.465170375174669],[179.08031412516618,-8.465221977214306],[179.08041258864975,-8.465115468575355]],[[179.06213665469969,-8.49097548429858],[179.06230873125094,-8.49070338270575],[179.0622752459914,-8.490432369177311],[179.06219844918596,-8.490322710729641],[179.06192538255047,-8.490197846365184],[179.0600187993386,-8.490238543368212],[179.05959078106466,-8.490446568731398],[179.0595372984755,-8.490718042661982],[179.05985518768907,-8.490987553299885],[179.06084091788,-8.49116009278059],[179.06165801873152,-8.49114114192],[179.06213665469969,-8.49097548429858]],[[179.03671882093724,-8.512262385424],[179.0375243956237,-8.512001784112043],[179.03785285627492,-8.511714052022484],[179.03799177667636,-8.511442129165939],[179.03802495345528,-8.511170760737421],[179.03795302599687,-8.51062874886597],[179.0386891404709,-8.510082500281637],[179.03855078231416,-8.509812031418068],[179.03832960325565,-8.509724364777579],[179.03786370008052,-8.509815633605816],[179.0372424054108,-8.510192013705984],[179.0363707751068,-8.510908235449637],[179.03615891523094,-8.511361741687738],[179.03612527769226,-8.511723105800955],[179.03621400637496,-8.511993835747631],[179.03643579855904,-8.512206164442102],[179.03671882093724,-8.512262385424]],[[179.07070449478405,-8.598320778520916],[179.07090111621017,-8.598048532578112],[179.07094921252246,-8.597777085752238],[179.07085243867877,-8.597506418361977],[179.07067525429574,-8.59730507675724],[179.0698590190407,-8.597524085567306],[179.06953664863113,-8.597784683346411],[179.0695986976413,-8.598055537984182],[179.06986344831162,-8.59833996237448],[179.07013649229924,-8.59844465871075],[179.07040900862694,-8.598452171146604],[179.07070449478405,-8.598320778520916]],[[179.10079485411538,-8.605479655482815],[179.10071891145807,-8.603852972180498],[179.10043431932277,-8.60249861094052],[179.10045156467723,-8.599244319386825],[179.10055016181636,-8.598701414981555],[179.10052699722158,-8.598430358280748],[179.10038016783514,-8.598293637451393],[179.1001079468533,-8.59833892196772],[179.0999327816905,-8.599247150575353],[179.09971163538796,-8.599790723751271],[179.09961938314467,-8.601147143409728],[179.09966558904384,-8.602231624208764],[179.0997800328399,-8.603044549196863],[179.099967488806,-8.60358589223276],[179.10006241054248,-8.604398923429855],[179.10024600751086,-8.604940287118655],[179.10031403277586,-8.605482281798643],[179.10042086260768,-8.605677039121565],[179.1006934071485,-8.605689527443008],[179.10079485411538,-8.605479655482815]],[[179.10359389287203,-8.632311409614585],[179.10367105915637,-8.632039804030233],[179.10360909548052,-8.631768961785703],[179.1034444947212,-8.631498682556744],[179.1032861879026,-8.6306860041234],[179.10340404387478,-8.629600628624999],[179.1030567261196,-8.628788986296492],[179.10263472218537,-8.628248935088715],[179.1020870198076,-8.627167206908167],[179.1015612645709,-8.626627722188811],[179.10032255417633,-8.624465042878942],[179.09960120839474,-8.623655441358817],[179.09860437559996,-8.622150470227941],[179.09791903781914,-8.62095280778631],[179.09764048391554,-8.620304507120414]],[[179.0976293046256,-8.620276432642884],[179.0973651013715,-8.619779457892516]],[[179.09721407303562,-8.619465150812829],[179.09708885762052,-8.619098065247538]],[[179.0967027737452,-8.617298474985853],[179.09668314991615,-8.617027398573034]],[[179.0966751651236,-8.616756258612359],[179.09675668478124,-8.6149931205172],[179.0970967128067,-8.61336416337671],[179.09743020503126,-8.612277609136813],[179.09767440736277,-8.611733909268933],[179.0984249319324,-8.610645078489679],[179.09881080461176,-8.610176328138996],[179.0995118362331,-8.609554410055775],[179.09993284275134,-8.609009744113655],[179.10013841214888,-8.60846625494983],[179.10057621167152,-8.607650314022504],[179.10043057089544,-8.607437478021291],[179.10015845382998,-8.607502743198811],[179.09811275912242,-8.610104415975478],[179.09714443021772,-8.611736801779225],[179.09664624869998,-8.612950305956174],[179.09628820606858,-8.614182126306398],[179.09628779637796,-8.61499567947221],[179.09608646859547,-8.615810329042738],[179.09610609187706,-8.616216997445315]],[[179.0972216069762,-8.621363393580049],[179.09767326237463,-8.622310067453315],[179.09780760633294,-8.622851699827466],[179.09814387920923,-8.62339222818407],[179.09835584037629,-8.623933435735974],[179.0994419413042,-8.625789970014537],[179.0999525659043,-8.626365348031314],[179.10065237834797,-8.627446248085244],[179.10071080537904,-8.627717110886882],[179.10053754491713,-8.628260425205516],[179.1004183185375,-8.629074626433757],[179.10012655708033,-8.629618589744737],[179.09981978448386,-8.629891452341365],[179.09972356229258,-8.630163162051899],[179.10001171242217,-8.63027489195752],[179.10082884842157,-8.630212688273199],[179.10164799713655,-8.630514347139044],[179.10191582528054,-8.63069351781656],[179.1019252304296,-8.631235831271868],[179.1021437490446,-8.631505815846912],[179.10301767174528,-8.631816115513434],[179.1035658443354,-8.632391000761716],[179.10359389287203,-8.632311409614585]],[[179.0786951331051,-8.627837042336287],[179.07874478973662,-8.627565586857383],[179.0786992981731,-8.627294646961637],[179.07836172775257,-8.626754103024052],[179.07843907429606,-8.62648249754723],[179.07873579005818,-8.626382719458915],[179.07900721070735,-8.626186507188338],[179.0795046669401,-8.625120791902583],[179.07954646658746,-8.624713785932364]],[[179.07795871183583,-8.624993573539866],[179.0779156044841,-8.625888429329494],[179.07814885443446,-8.626484069666182],[179.07764763331477,-8.626715639516084],[179.07737629515768,-8.626927167355705],[179.07707848359132,-8.627303425994658],[179.07705827700164,-8.627574722073904],[179.0773815929114,-8.627896111244231],[179.07820022805706,-8.628106143046038],[179.07847249083758,-8.62806360922174],[179.0786951331051,-8.627837042336287]],[[179.07598639920266,-8.638563588885873],[179.07564660614656,-8.63815864968099],[179.07518044901732,-8.637889987801353],[179.07498218388355,-8.63760444044668],[179.07486581324366,-8.63707813093734],[179.0749348031232,-8.636264196650393],[179.07506047828284,-8.6357211424036],[179.0755854976413,-8.634904739035367],[179.07567330629035,-8.634633076723906],[179.07561574116076,-8.634362201614776],[179.07512285770164,-8.633822496335936],[179.07528067403794,-8.633550455123641],[179.07550454169572,-8.633462456614781],[179.07604927945985,-8.633414587951039],[179.076190932722,-8.633274339679556],[179.0762338923564,-8.63300292028238],[179.0761655748258,-8.632732103499915],[179.07549654219883,-8.631998962724703],[179.0752242569463,-8.632038033810886],[179.07495285601323,-8.632238961623449],[179.0746129206501,-8.63274050835193],[179.07449813775702,-8.63355469052835],[179.07411273319218,-8.63409915007238],[179.07390979025786,-8.634642622302414],[179.0735797659333,-8.63518678207427],[179.073392032128,-8.636272546375322],[179.07302485027532,-8.637359281607496],[179.0729211023466,-8.638715778989114],[179.07319401111334,-8.639799051014196],[179.07339729389224,-8.640069137965419],[179.07380557046048,-8.641016082641286]],[[179.0812785865644,-8.64382300088371],[179.08182795442505,-8.643656646847266],[179.08291804946168,-8.643669583273113],[179.08373391752602,-8.6433693894779],[179.08534060339372,-8.642444975306676],[179.0869922031883,-8.641228948988143],[179.0899788204825,-8.639247084728927],[179.09052111626542,-8.63875572564331],[179.0929649423672,-8.637181599850393],[179.0956822399841,-8.635787856488182],[179.09758527845122,-8.634983075497114],[179.09948976646282,-8.63444219493268],[179.10112360032997,-8.634235433202505],[179.1016673384535,-8.6340089208745],[179.10248130126243,-8.633372479127637],[179.10263013633397,-8.633130243230632],[179.10264063609398,-8.632859003284521],[179.10244285607254,-8.632588905549714],[179.1019309385313,-8.632402038717816],[179.10169651224936,-8.632592997588583],[179.10177563598452,-8.633134928850009],[179.10176193406707,-8.633406186471065],[179.1016648904172,-8.633566692809175],[179.10139361360044,-8.633786880840344],[179.1011208009768,-8.633729621691543],[179.1006747565334,-8.6334121453572],[179.10030136934037,-8.633378158954963],[179.100028262454,-8.633267645230182],[179.09980080342422,-8.63287456764978],[179.09954123833876,-8.632062440558856],[179.09947606208726,-8.63196380655107],[179.0992034380233,-8.631940413756162],[179.09898330268456,-8.63260786128265],[179.0986509495843,-8.633152046736015],[179.0975812783623,-8.634259138449545],[179.0970384543575,-8.634651880454431],[179.09649478115725,-8.634891080150139],[179.09595058205824,-8.635035184206746],[179.09483442129175,-8.63561357297741],[179.09432089249876,-8.635995125122376],[179.09350522141756,-8.636325923852102],[179.09241965342787,-8.63712905415145],[179.09206070391267,-8.637255827857505],[179.09106104126664,-8.637834396503912],[179.09024769099358,-8.63858796718198],[179.08997610694254,-8.638754452573696],[179.0891601554161,-8.639036376251822],[179.08861782495032,-8.639521895192972],[179.087467877068,-8.64026390787243],[179.08698907345715,-8.640660075104204],[179.08644554733735,-8.640929181717226],[179.08536003982,-8.641748863759902],[179.08291549372407,-8.643204267930518],[179.08237173340333,-8.643432083615886],[179.08209946400953,-8.643475152494975],[179.08127118950804,-8.643416262418105]],[[179.08101450462908,-8.642604099943132],[179.08105276857353,-8.64219711327053],[179.08100194624265,-8.642109428236616],[179.08075061430497,-8.642063162044607]],[[179.08072388637734,-8.642063307253702],[179.08059349017094,-8.6421644172152]],[[179.0811478164195,-8.643862067076446],[179.0812785865644,-8.64382300088371]]]}},{"type":"Feature","properties":{"year":2017,"certainty":"unstable data"},"geometry":{"type":"MultiLineString","coordinates":[[[179.09764048391554,-8.620304507120414],[179.0976293046256,-8.620276432642884]],[[179.0973651013715,-8.619779457892516],[179.09721407303562,-8.619465150812829]],[[179.09708885762052,-8.619098065247538],[179.0968878116973,-8.618517790512858],[179.0967027737452,-8.617298474985853]],[[179.09668314991615,-8.617027398573034],[179.0966751651236,-8.616756258612359]],[[179.09610609187706,-8.616216997445315],[179.09605328653933,-8.616895244755161],[179.09620332594267,-8.618250344000957],[179.09691485688083,-8.620687110651701],[179.0972216069762,-8.621363393580049]],[[179.07940638766044,-8.621867088472754],[179.07946468013182,-8.621595586345842],[179.0789809428143,-8.62138387084531],[179.0787084555705,-8.62138447798538],[179.07827513043352,-8.621602028377895],[179.07830719152972,-8.621873041337066],[179.0784390919934,-8.621956498096862],[179.07940638766044,-8.621867088472754]],[[179.07954646658746,-8.624713785932364],[179.079463315086,-8.62430745706627],[179.07926832853124,-8.624107187663931],[179.0789952349017,-8.623997279743069],[179.0787226783567,-8.623985557640884],[179.07845073535526,-8.62408604282322],[179.07817946604612,-8.624309776214451],[179.07795871183583,-8.624993573539866]],[[179.07607843379097,-8.638744772978223],[179.07598639920266,-8.638563588885873]],[[179.07380557046048,-8.641016082641286],[179.0739115626909,-8.641151884485762],[179.0744579352379,-8.641400833756386],[179.07473056679078,-8.641423850367302],[179.07500227074752,-8.641277298471174],[179.07531805366833,-8.640601110709353],[179.07554216170328,-8.640341519344357],[179.07606436417342,-8.640054693252605],[179.0762203050407,-8.639782661450479],[179.07628104003012,-8.639511145628594],[179.07615769512626,-8.638969440738906]],[[179.08127118950804,-8.643416262418105],[179.08101816894745,-8.643010858780302],[179.08101450462908,-8.642604099943132]],[[179.08075061430497,-8.642063162044607],[179.08072388637734,-8.642063307253702]],[[179.08059349017094,-8.6421644172152],[179.0804579242919,-8.64228961466353],[179.0801857723144,-8.642354045437338],[179.0799129693079,-8.642299783651142],[179.07964083251932,-8.642367019195245],[179.0795250491073,-8.642476597580483],[179.07968646128822,-8.642746907142362],[179.08020997969203,-8.643015249767174],[179.08073912563992,-8.643874604263692],[179.0811478164195,-8.643862067076446]],[[179.07638637507063,-8.640324134632131],[179.0763592748543,-8.640268276128733],[179.07630057718634,-8.640324599684172],[179.07635987605556,-8.640378121181538],[179.07638637507063,-8.640324134632131]]]}},{"type":"Feature","properties":{"year":2017,"certainty":"good"},"geometry":{"type":"MultiLineString","coordinates":[[[179.12329358446516,-8.428546541255438],[179.12332375018062,-8.427461652614234],[179.12324916230483,-8.427190874797454],[179.12265972224557,-8.42638051891455],[179.12231606291996,-8.42565590751071],[179.12177300026624,-8.425954166159775],[179.1212265027976,-8.42562244430171],[179.12112507666552,-8.425846452099968],[179.12110897265214,-8.426388902622488],[179.12042004300662,-8.427562945061934],[179.12014916269263,-8.4278319264173],[179.1198776344286,-8.427982056896083],[179.1190158186898,-8.42829848359204],[179.11857561427152,-8.428572042643715],[179.11879243543356,-8.428750855101459],[179.11906504069213,-8.428798252129237],[179.11988086286016,-8.428574560451784],[179.1209697651326,-8.428485679118205],[179.12233143916222,-8.428475017660075],[179.12287710745125,-8.42865383489065],[179.12314952153025,-8.428666249850961],[179.12329358446516,-8.428546541255438]],[[179.11551127566275,-8.426690296787825],[179.11534604334696,-8.426962370095016],[179.11532354471487,-8.427233674072896],[179.1155177076817,-8.427544578689647],[179.1171551306294,-8.42815890808159],[179.11742764678752,-8.428189999102644],[179.1176628587988,-8.428034605079073],[179.11769000466114,-8.426354626290633],[179.1174169828208,-8.426230350829554],[179.11660135262355,-8.426488983581672],[179.11578443814608,-8.426511681151954],[179.1155130528143,-8.426688402349349]],[[179.16721778909894,-8.435085747709044],[179.16754757584954,-8.434812750998981],[179.16768267300907,-8.434540830456998],[179.16766071380624,-8.433998604443596],[179.1678372301235,-8.433455281294084],[179.16783863605477,-8.433141698642059],[179.16756674647087,-8.433222818370696],[179.16702405471696,-8.433580243533063],[179.16675188702024,-8.433611566343634],[179.16620620824233,-8.433433144570648],[179.16593459137587,-8.433563364837964],[179.165623653753,-8.434009859649375],[179.1655587613252,-8.434281392088565],[179.16566709986418,-8.434434199602654],[179.16676073821873,-8.43519964923456],[179.16703319976563,-8.435220843664046],[179.16721778909894,-8.435085747709044]],[[179.16806243421698,-8.436165772601898],[179.16785467104265,-8.436017189155796],[179.1677670534618,-8.436167406011563],[179.1678562498751,-8.436300259945298],[179.16806243421698,-8.436165772601898]],[[179.17311414845528,-8.441018911765235],[179.17243107378394,-8.43939566279054],[179.17190852164381,-8.437771521660412],[179.17140010270964,-8.43690610671717],[179.17112760093343,-8.436877834287582],[179.1705853411695,-8.437312557747575],[179.1703133036242,-8.437367479034622],[179.17004066532297,-8.437314836197569],[179.1692215206075,-8.43693654517801],[179.16867639857205,-8.43685885498686],[179.16847736504997,-8.436976998330778],[179.1689509988282,-8.437263093168964],[179.17057955399775,-8.438863575912505],[179.17168807971598,-8.439703342209821],[179.17278461559386,-8.440982321706345],[179.1730582401015,-8.441210788531613],[179.17311414845528,-8.441018911765235]],[[179.17342139507468,-8.441559552840427],[179.1733315090354,-8.441375649756667],[179.173274538129,-8.441560367478964],[179.1733339057948,-8.441804003758989],[179.17342139507468,-8.441559552840427]],[[179.17416526702058,-8.44318246052561],[179.17434546358768,-8.442910287897757],[179.1741555478435,-8.44262602377335],[179.17388269165545,-8.442535121400557],[179.17384093076782,-8.44291308801626],[179.17416526702058,-8.44318246052561]],[[179.1737436134194,-8.54026436655189],[179.17470378912054,-8.539977464995804],[179.17579252871073,-8.539814368080524],[179.17633627461345,-8.53962287865055],[179.1788518764537,-8.539286573104517]],[[179.17892226496605,-8.539278373068885],[179.179703930483,-8.539010610117563]],[[179.17973793327064,-8.539000779312863],[179.18068961985918,-8.538690218671086],[179.18177654360213,-8.538209366872946],[179.18280469823378,-8.537501719559476],[179.18323723624803,-8.537092528264521]],[[179.18326832843198,-8.537068055880635],[179.18517072728594,-8.53559019889494],[179.18584542866446,-8.535167559057287],[179.18638721577977,-8.534634493552975],[179.1872010050657,-8.534030105650713],[179.18880784758352,-8.532586819689293],[179.19641993566592,-8.526511259426583],[179.1983200745829,-8.525343000825615],[179.19913374452375,-8.524664545128209],[179.20076157248377,-8.523575525777616],[179.20135536035502,-8.52302494894325],[179.2020319424245,-8.522207611195018],[179.20248947144083,-8.521391515741026],[179.20280244315768,-8.52057624036816],[179.2028637142931,-8.519762393047625],[179.2027523874332,-8.51867835821619],[179.2026446400039,-8.51813663610793],[179.20191713929088,-8.5159714272935],[179.2004269992123,-8.512700980128402],[179.2001805971973,-8.511913759871733],[179.19947599481029,-8.51056191175107],[179.1987697408946,-8.508688280214267],[179.19813265747393,-8.50731550029842],[179.19769009688386,-8.505962163633468],[179.19728863693084,-8.50515092888196],[179.1968352283169,-8.503813827463704],[179.19643970536399,-8.502986380795644],[179.19602371524172,-8.501632889274672],[179.19578876693572,-8.501091879151392],[179.19512606088497,-8.498383936521476],[179.1949378435216,-8.497300325041973],[179.1947599298658,-8.496758991601878],[179.19461044675282,-8.495783983620667],[179.19364577222842,-8.492426575279126],[179.1933586472529,-8.49119359545976]],[[179.19316998944478,-8.490666658582503],[179.19307991485866,-8.490074806502324]],[[179.19303736938812,-8.48985389921713],[179.1928991724169,-8.48782091194707],[179.19276570033045,-8.487008156797362],[179.19270575217075,-8.485381481597672],[179.192716538912,-8.484025577125506],[179.19281341807283,-8.483211526001751],[179.19292299361277,-8.480770390965535],[179.19273566248492,-8.479686768933336],[179.19263461576836,-8.4783314927191],[179.1916090000923,-8.474812057784597],[179.1907762959716,-8.473189717344235],[179.18874516862778,-8.470134063338328],[179.18773660386998,-8.468325708050203],[179.1869833049705,-8.466431736880448],[179.18656799341238,-8.46480704121391],[179.18603109638377,-8.463183024222626],[179.18463802187617,-8.45966559805953],[179.18406903013977,-8.458312924099465],[179.1830666393278,-8.456420326110898],[179.18239445440383,-8.454808670793998],[179.18166388327873,-8.453445271696607],[179.18051690942704,-8.451011124155633],[179.17958559338766,-8.449389283180322],[179.1792044377004,-8.448577890709716],[179.17854046824047,-8.44750373149916],[179.17826666775042,-8.447245271750155],[179.17799450091877,-8.44727789904552],[179.17781047336143,-8.447500960738507],[179.17776854184493,-8.447772365772002],[179.17788684185476,-8.448042879493705],[179.17869482285266,-8.449123070449561],[179.1798268337246,-8.451014968318294],[179.18102739467312,-8.45386859780057],[179.18254629462814,-8.456694400935538],[179.1832229795317,-8.458317648618278],[179.18367957505052,-8.45912861104542],[179.18417135634778,-8.460481716943168],[179.18509508972448,-8.463730599268263],[179.18562037974917,-8.464812342767459],[179.1862759869639,-8.466963800703883],[179.1867088339532,-8.468060293339018],[179.18765356552504,-8.46975432980923],[179.18832317460652,-8.470491779820598],[179.18869903421594,-8.471032012574835],[179.18930180674832,-8.471570972413513],[179.18971833960325,-8.472110975479493],[179.19049754686225,-8.474004789423669],[179.191119465553,-8.476441821183515],[179.1912107633452,-8.4772548158829],[179.19154303553174,-8.478608795008899],[179.1915509668512,-8.479151088518822],[179.1916679917473,-8.479692769084943],[179.19179414483463,-8.484844270315248],[179.19171335133456,-8.485929400244212],[179.19182454327873,-8.486606697281477]],[[179.1927038853374,-8.491753956929026],[179.19309420083053,-8.493378771291281]],[[179.1930987912521,-8.493397976742436],[179.19324443255582,-8.494191430995585]],[[179.19393350372042,-8.496489347952876],[179.1940928158701,-8.49757625693824],[179.19451094099517,-8.498658573221176],[179.19460355382483,-8.49947155584108],[179.19515960212146,-8.50136659705742],[179.19530227192948,-8.502179296492512],[179.1955138870754,-8.502584854534096]],[[179.19809347619272,-8.509513804305026],[179.19839148104725,-8.510296879425194],[179.1984560684127,-8.512194686246703],[179.19875579130027,-8.513006492763207],[179.1989326060734,-8.513276659614286],[179.1990536165452,-8.513818309444874],[179.19889174655225,-8.514903894823886],[179.198340160868,-8.516534020717616],[179.19788130328035,-8.516807784765511],[179.19778635538714,-8.517079489494831],[179.19780366822164,-8.517350559019462],[179.19756202707296,-8.517894261318194],[179.19692070898824,-8.518801570255322],[179.19652685180597,-8.519527123347522],[179.19584054220553,-8.520452771065036],[179.1951686613774,-8.521704146979967],[179.19451052923478,-8.522521371849185],[179.19401612193082,-8.522795334671558],[179.19373360752834,-8.523068099538232],[179.19361539183035,-8.523339935785206],[179.1935933232633,-8.523611228653381],[179.19309830284763,-8.524427530714842],[179.19295777366654,-8.525512997769754],[179.19284138823573,-8.525784823729236],[179.19213281862704,-8.527144669137357],[179.19152536554262,-8.528035178236726],[179.19116579279023,-8.52877714290747],[179.1907933970498,-8.529321583432218],[179.18983466854863,-8.5304116721718],[179.18881912844623,-8.531162941936763],[179.1879856379949,-8.532049122233454],[179.18678623636657,-8.532948952280353]],[[179.18549372767004,-8.5340969459812],[179.18543108214877,-8.534160366018101]],[[179.17701126585482,-8.538556389678664],[179.17578624148487,-8.538705001651335],[179.17524217475423,-8.538839737525343],[179.17388406926884,-8.539541043448411],[179.17276412753236,-8.53999868974248],[179.17235694194616,-8.540272144823717],[179.17252716749266,-8.540456062175723],[179.17279992113114,-8.540515571702352],[179.1737436134194,-8.54026436655189]],[[179.15912684079913,-8.549837192007404],[179.1600462949714,-8.549399233046302],[179.16194705242407,-8.548296174139203],[179.16439000239708,-8.54672506189027],[179.16491026685776,-8.546279634080138],[179.16510108372475,-8.546007394152289],[179.16522698036215,-8.545735517269069],[179.16525730827757,-8.545464174862369],[179.1651992748063,-8.545308520766561],[179.16492662499425,-8.54526807267791],[179.16411391816717,-8.54607605723097],[179.16357103196998,-8.546423283535223],[179.16260893460088,-8.546834842986446],[179.16170081381173,-8.547382261911274],[179.1594999880496,-8.549140666126734],[179.1583367118075,-8.549570425705447],[179.15841425467363,-8.549845593466832],[179.15868706886465,-8.549914560377962],[179.15912684079913,-8.549837192007404]],[[179.14194829803725,-8.560237370252645],[179.14434581784866,-8.559139372157885],[179.14538805910914,-8.558831408833726],[179.1462047239844,-8.558717429950356],[179.14729159137607,-8.558205526794477],[179.14891995981392,-8.557094295123697],[179.14946179109418,-8.55655350200702],[179.1501044511016,-8.555582107809814],[179.1500949584588,-8.55503981002644],[179.14999733123338,-8.554891754637854],[179.1497259411485,-8.55507730440566],[179.14945578255814,-8.555482443980198],[179.14918437404944,-8.555664834457211],[179.14809694638987,-8.556074983422237],[179.14592326575675,-8.557106587218419],[179.14510902860866,-8.557653576213703],[179.14456467234191,-8.557744926484187],[179.1437501993896,-8.55825045537619],[179.1429342043817,-8.558484355885872],[179.14132297274,-8.559427304814172],[179.14101281019038,-8.559700199569825],[179.14096891106723,-8.55997161949476],[179.1410383301792,-8.560482534029392],[179.1413106217213,-8.560456613724256],[179.14194829803725,-8.560237370252645]],[[179.13133508767365,-8.565990783530227],[179.13262186451556,-8.565704311722829],[179.1339835427993,-8.565609358590125],[179.13452759065407,-8.565459681838462],[179.13507119125248,-8.565229936261254],[179.13605446263105,-8.564608827336171],[179.13626331601316,-8.564336495010858],[179.13631632959198,-8.56406502435682],[179.13615351337145,-8.563896593980164],[179.1350668677444,-8.56445485716247],[179.13452298626567,-8.564634058618584],[179.1331614828964,-8.564759677466448],[179.13180098230598,-8.565065705534957],[179.13071328585013,-8.56543741177136],[179.13027114534927,-8.565725473945998],[179.1300749435837,-8.565997734444515],[179.13017257449707,-8.56618702492295],[179.13044514697776,-8.566210391520753],[179.13133508767365,-8.565990783530227]],[[179.11370695750435,-8.583714425116149],[179.11528337591014,-8.583394330142358],[179.11582708196136,-8.583176216452227],[179.1167576722267,-8.582612963898628],[179.11691255650354,-8.582390813325878],[179.1171841574886,-8.582236517488436],[179.117323834524,-8.582067494149436],[179.11766815081427,-8.58152324233999],[179.11776469553354,-8.580709170760967],[179.11791108899334,-8.58016600592937],[179.1183102871138,-8.579350272347638],[179.11933260855815,-8.576612152977532],[179.11905920489573,-8.576440446373944],[179.11880458714555,-8.57663575410371],[179.11869854036416,-8.576907516819144],[179.11824751095796,-8.577461929192111],[179.11813145349706,-8.577724171948178],[179.1180843375975,-8.578266791517887],[179.1179270714477,-8.578810015930431],[179.11762742556527,-8.579354022115536],[179.11731585310258,-8.580169274274535],[179.11712883716322,-8.58044148152989],[179.11663242424572,-8.581005505259471],[179.11608988793944,-8.581434153543112],[179.11527488364453,-8.581860890829285],[179.1147303341689,-8.581926442445413],[179.11438004978504,-8.582083648024946],[179.11414607017613,-8.582356112061614],[179.11411936288744,-8.582898620598627],[179.11391978587005,-8.583158865722902],[179.11337551360398,-8.583274964302129],[179.11328271180312,-8.583445569801462],[179.11337729492578,-8.583596874750784],[179.11370695750435,-8.583714425116149]],[[179.11664047720362,-8.582458839880418],[179.11636721549502,-8.58231349013682],[179.11626597412078,-8.582073301692999],[179.1163646444391,-8.581849445963403],[179.1166362868452,-8.58170262876687],[179.11682012731148,-8.58179907920892],[179.11689206171272,-8.58206986488766],[179.11683414574443,-8.582341363447437],[179.11664047720362,-8.582458839880418]]]}},{"type":"Feature","properties":{"year":2017,"certainty":"unstable data"},"geometry":{"type":"MultiLineString","coordinates":[[[179.1788518764537,-8.539286573104517],[179.17892226496605,-8.539278373068885]],[[179.179703930483,-8.539010610117563],[179.17973793327064,-8.539000779312863]],[[179.18323723624803,-8.537092528264521],[179.18326832843198,-8.537068055880635]],[[179.1933586472529,-8.49119359545976],[179.19316998944478,-8.490666658582503]],[[179.19307991485866,-8.490074806502324],[179.19303736938812,-8.48985389921713]],[[179.19182454327873,-8.486606697281477],[179.1919354033355,-8.487012827169528],[179.1921134399744,-8.488910007657484],[179.19230584525232,-8.489451262780493],[179.1923603858695,-8.49026446219212],[179.19253237795982,-8.49080583179013],[179.1927038853374,-8.491753956929026]],[[179.19309420083053,-8.493378771291281],[179.1930987912521,-8.493397976742436]],[[179.19324443255582,-8.494191430995585],[179.19370531919722,-8.495409093179768],[179.19393350372042,-8.496489347952876]],[[179.1955138870754,-8.502584854534096],[179.1955823348958,-8.502991220338382],[179.19587551175871,-8.50353190165156],[179.19626614323136,-8.504885536028043],[179.19707320379186,-8.507050320090197],[179.19749705893437,-8.507861428050408],[179.19791330457923,-8.50921491322324],[179.19809347619272,-8.509513804305026]],[[179.18678623636657,-8.532948952280353],[179.18549372767004,-8.5340969459812]],[[179.18543108214877,-8.534160366018101],[179.18366942242554,-8.535744679814892],[179.18241532437685,-8.536690402817552],[179.18149886641422,-8.537282891685981],[179.17986949765358,-8.538183025950092],[179.17932602850925,-8.538422418958877],[179.17850962179514,-8.538569767335904],[179.17823737004096,-8.538598445473069],[179.1776919598298,-8.538495989412153],[179.17701126585482,-8.538556389678664]]]}},{"type":"Feature","properties":{"year":2017,"certainty":"insufficient data"},"geometry":{"type":"MultiLineString","coordinates":[[[179.1032811790893,-8.630193431206449],[179.1033896933473,-8.629600707329075],[179.1032765687821,-8.62936084385797]],[[179.1032969946526,-8.633048971249258],[179.103423647767,-8.632854708108233],[179.10336105124696,-8.632583869295251],[179.1035658443354,-8.632391000761716],[179.10367105915637,-8.632039804030233],[179.10360909548052,-8.631768961785703],[179.10339409046952,-8.63149895905584],[179.10328646805306,-8.631148476191687]]]}},{"type":"Feature","properties":{"year":2018,"certainty":"good"},"geometry":{"type":"MultiLineString","coordinates":[[[179.08044818211778,-8.465115279070037],[179.08063343469627,-8.464571916592462],[179.08122848330157,-8.463483996026767],[179.0814405498896,-8.462940490787844],[179.08150298254995,-8.462397782427729],[179.08138492406786,-8.461737992298445],[179.08121157110475,-8.461314582175142],[179.08093742387828,-8.461044853545994],[179.0800173607815,-8.460679796864781],[179.079197965852,-8.46025731837216],[179.07892547957772,-8.460236746080223],[179.07865435320156,-8.46046972982412],[179.0785816146568,-8.460786197918617],[179.07868487880808,-8.461870402552544],[179.07948242650085,-8.463764478504372],[179.07985974237815,-8.464847223419373],[179.08004137442447,-8.465152796511418],[179.08031422111318,-8.465239841766676],[179.08044818211778,-8.465115279070037]],[[179.0621423515856,-8.490975454145241],[179.0622993666731,-8.490703432274433],[179.0622350851121,-8.490432581745662],[179.06192531975282,-8.49018608478642],[179.06110799231845,-8.490162176769807],[179.06001897572432,-8.490271609577297],[179.05974687637308,-8.490328029452876],[179.05957662077458,-8.490446643583638],[179.05956527155382,-8.49071789479217],[179.05974974497934,-8.490865842521464],[179.0605682593814,-8.491111795076845],[179.0613858090401,-8.4911769066732],[179.06193014186266,-8.491089184503188],[179.0621423515856,-8.490975454145241]],[[179.03687518236947,-8.512261566002035],[179.03752453564385,-8.512028254214918],[179.0378686728547,-8.51171396909655],[179.03799475159957,-8.511442113567956],[179.03798207428298,-8.510628596577382],[179.03868783569965,-8.510082507124029],[179.03847526869725,-8.509812427375069],[179.0383296752223,-8.509737968035237],[179.03789308250785,-8.509815479586484],[179.0372424348108,-8.510197573604458],[179.03638049146645,-8.510908184548837],[179.03611969061978,-8.51145194028725],[179.03616176582497,-8.51190101816388],[179.03643576229362,-8.512199305131421],[179.03687518236947,-8.512261566002035]],[[179.07054592500648,-8.598321631611457],[179.07086068005205,-8.59804875014105],[179.07094400434485,-8.597777113774379],[179.0708769633416,-8.597506286418438],[179.07067528467553,-8.597310670959876],[179.06985947128206,-8.59760739262716],[179.0695752100482,-8.597784476009373],[179.06962256841425,-8.598055409628486],[179.06986311574508,-8.598278706026232],[179.07013615806346,-8.598383103790365],[179.07054592500648,-8.598321631611457]],[[179.10076297552087,-8.60547982962692],[179.10065432389305,-8.603853324924653],[179.10045285526465,-8.602769692828371],[179.10032498482758,-8.600600925987887],[179.10046293952686,-8.59870189102761],[179.10038109623727,-8.598462154213259],[179.1001082625844,-8.5983962386788],[179.10002548728073,-8.598975461489665],[179.0998047594299,-8.599519032374312],[179.0996986169267,-8.600061978038957],[179.09963522692433,-8.601147056949173],[179.09969976342066,-8.602502620912638],[179.10026392431388,-8.604940189274407],[179.10032326185438,-8.605482231393731],[179.10042083698656,-8.605672392656173],[179.1006932027445,-8.60565246297883],[179.10076297552087,-8.60547982962692]],[[179.10361033220076,-8.632311319418427],[179.1036554229821,-8.632039889819678],[179.10340354252057,-8.631498907205884],[179.10325371635597,-8.630686182221392],[179.10333474815764,-8.629601008665654],[179.1030374173313,-8.628789092166386],[179.10256758792775,-8.628249303084734],[179.10198569286305,-8.627167762114377],[179.10148591873144,-8.626628134909529],[179.10029532131594,-8.624465191929417],[179.0993911759953,-8.623385407337992],[179.0979925590957,-8.621223589280838],[179.09712434842035,-8.619330049159181],[179.09677554136903,-8.61797603652562],[179.0966786652069,-8.616891831281034],[179.09673989023926,-8.614993212183169],[179.0971462974224,-8.613092709224267],[179.09755055054072,-8.612005768786535],[179.0978536183453,-8.61146174758661],[179.09881086761573,-8.610187756784518],[179.09967455157624,-8.609282338138655],[179.10004019487158,-8.608737974579059],[179.10056739410257,-8.60765036219751],[179.10043071356185,-8.607463345446405],[179.10015842220156,-8.607497007813542],[179.0996873933244,-8.608197535402594],[179.09799399931646,-8.610291100779058],[179.09718407155893,-8.61165443736723],[179.09664570627726,-8.612824257496268],[179.096282827626,-8.614182155653202],[179.09629281298996,-8.614995652097111],[179.09606533887825,-8.61581044434403],[179.09606552019497,-8.617166361641265],[179.09635466620568,-8.618791885024763],[179.09693402694114,-8.620687005944124],[179.09758461367582,-8.62203936857213],[179.09794025020102,-8.623122158082724],[179.09813031274646,-8.623392302350036],[179.09834692606796,-8.623933484477202],[179.098730679047,-8.624473752261805],[179.09944188138925,-8.625779124931256],[179.0999398061897,-8.626365417870426],[179.10065110712907,-8.627446255046326],[179.1007183889248,-8.627717069357544],[179.10048195183197,-8.62853191241146],[179.10041578922767,-8.62907464028502],[179.0998199769635,-8.630162634153839],[179.10001170309653,-8.630273205290862],[179.1008289336853,-8.630228103439993],[179.1016479298357,-8.630502184712988],[179.10192597176126,-8.630693462201437],[179.10193880446354,-8.631235756864623],[179.10211360458396,-8.631505981106864],[179.10306313194974,-8.631771956712699],[179.1034083771944,-8.632041245176644],[179.1035663791498,-8.632487540837518],[179.10361033220076,-8.632311319418427]],[[179.079328992879,-8.621867507718965],[179.07937787192066,-8.62159605658222],[179.078981198119,-8.621430562323619],[179.07870881114647,-8.621449516058696],[179.07835102646155,-8.62160161747137],[179.07835001465304,-8.621872809480811],[179.07843896731248,-8.621933691278162],[179.07898401044454,-8.621944877971915],[179.079328992879,-8.621867507718965]],[[179.07845857231965,-8.628109510591129],[179.07868892792965,-8.627837075961235],[179.07872871508346,-8.627565673962827],[179.0785875078174,-8.627024066260578],[179.0783758991829,-8.626754026252403],[179.07841255049746,-8.626482641235574],[179.0787357976004,-8.626384098174526],[179.07900725291498,-8.626194221902749],[179.07950749857463,-8.62484959025662],[179.0794952019432,-8.624578470588123],[179.07938796095593,-8.62430786538169],[179.0789956740861,-8.624077574676203],[179.0784509040214,-8.62411688746579],[179.078229499188,-8.624314140784566],[179.07803551740508,-8.624857564341625],[179.0779394598216,-8.625400457628325],[179.07797344822518,-8.625942646656483],[179.07816067906217,-8.626484005616541],[179.07737658494673,-8.626980171864236],[179.07710526459684,-8.627303280992766],[179.07708542667552,-8.627574575072849],[179.07738159980997,-8.627897372897003],[179.07820053554576,-8.628162354812433],[179.07845857231965,-8.628109510591129]],[[179.07505116353593,-8.641144930258838],[179.07541933653678,-8.640329375179105],[179.07554150406696,-8.640221315113388],[179.0760855054366,-8.640037142815478],[179.07619686593978,-8.639782788481941],[179.07620282911284,-8.639511569497431],[179.0758417815719,-8.638428779072765],[179.0755733250133,-8.638159046651332],[179.0751432352658,-8.637890189341878],[179.07486973737997,-8.637349296606173],[179.0748398953803,-8.636807084344124],[179.07497504315512,-8.635992791869802],[179.0751808960516,-8.635449303537554],[179.07556937004713,-8.634904826366697],[179.07563217596646,-8.63463329944694],[179.07554103646493,-8.634362606118135],[179.0750976803056,-8.633822632624899],[179.07527045741708,-8.633550510430439],[179.0760491213227,-8.633385666972714],[179.0761535327571,-8.633274542222319],[179.0762117691077,-8.63300304009203],[179.0761484586601,-8.63273219618768],[179.0760448206354,-8.632599095275694],[179.0754973554777,-8.632147762423307],[179.07522469935256,-8.632118988248552],[179.07495301614856,-8.632268267484251],[179.07468243067203,-8.632618503200325],[179.07451857105457,-8.633554579955332],[179.07414562628412,-8.634118517110819],[179.07359918153253,-8.63518667703578],[179.07351547829145,-8.635458317026114],[179.07348699668108,-8.636000845434086],[179.07299604720623,-8.637359437426689],[179.07290877488953,-8.637902284008328],[179.0729340188884,-8.638715709105217],[179.073084318452,-8.639371806703044],[179.07377048952875,-8.640880679045988],[179.07399597605604,-8.641150645223528],[179.07445772853853,-8.641363037915466],[179.07473023124535,-8.641362502634598],[179.07505116353593,-8.641144930258838]],[[179.08359789239768,-8.643410825223418],[179.08361296497975,-8.643403527522613]],[[179.08386960097235,-8.643265779463276],[179.0841085712409,-8.643129645196854]],[[179.0844129151944,-8.642957091758893],[179.08456900996103,-8.64285595382177]],[[179.08468453627253,-8.642796261246453],[179.08536384454572,-8.642440874721673],[179.08699232105945,-8.641250373020155],[179.08807860989972,-8.640573692833081],[179.09052137727141,-8.63880309911673],[179.0926933961901,-8.637354498816617],[179.09378060248864,-8.636848378466565],[179.09459516628354,-8.636316823607702],[179.0970413946879,-8.635184141569816],[179.09948986766022,-8.634460493379041],[179.10111228565165,-8.634223295417396],[179.1016675411995,-8.634045545083616],[179.10248647666018,-8.633402213497671],[179.10255909180177,-8.632859450500257],[179.10231061731272,-8.632589630691578],[179.10193126363566,-8.632460769493994],[179.1016689760293,-8.632593148535832],[179.1017664926416,-8.633134978976875],[179.10166419562552,-8.633441177163135],[179.10139242778288,-8.633572637008415],[179.10111994921382,-8.633575711638091],[179.10030156493937,-8.633413517744872],[179.10002838078273,-8.633289038810704],[179.09991839149248,-8.633145106411783],[179.09947636647576,-8.632018862168353],[179.09920412395135,-8.632064495478186],[179.09901391229744,-8.63260769370198],[179.09844273297412,-8.63342436955498],[179.09728756301783,-8.634515423972967],[179.0967668804364,-8.634819018747518],[179.09540702900685,-8.635296428752799],[179.09432094986147,-8.636005521137557],[179.0935053244895,-8.636344610443516],[179.09241990493464,-8.637174670756863],[179.09187593336304,-8.637361137555509],[179.0910611654539,-8.637856933565025],[179.0905194740629,-8.638457654118975],[179.08970457940086,-8.638931246821583],[179.089160443385,-8.639088675923842],[179.08861819765204,-8.639589597339398],[179.08753172460794,-8.640232124626303],[179.08698926098847,-8.640694162730728],[179.08644586518275,-8.640986969724029],[179.085903309648,-8.64143275629394],[179.08495277079086,-8.64201942018117]],[[179.08111734696755,-8.643823877243017],[179.08120317072266,-8.643687817892435]],[[179.08114527424485,-8.643398837587176],[179.08099889421266,-8.643146556438229]],[[179.08093502413797,-8.64287571767217],[179.08095937790864,-8.642604399493052]],[[179.08005219478073,-8.642841827494587],[179.0801886270078,-8.642874523666787],[179.08032750022463,-8.643014611370294],[179.08073886919422,-8.643827867341871],[179.08111734696755,-8.643823877243017]]]}},{"type":"Feature","properties":{"year":2018,"certainty":"unstable data"},"geometry":{"type":"MultiLineString","coordinates":[[[179.08333398990996,-8.643540638098994],[179.08359789239768,-8.643410825223418]],[[179.08361296497975,-8.643403527522613],[179.08386960097235,-8.643265779463276]],[[179.0841085712409,-8.643129645196854],[179.0844129151944,-8.642957091758893]],[[179.08456900996103,-8.64285595382177],[179.08468453627253,-8.642796261246453]],[[179.08495277079086,-8.64201942018117],[179.0837302634628,-8.642704334627194],[179.08318750106096,-8.643113567400329],[179.08224539251992,-8.643546559118427],[179.0826456205015,-8.64368359959193],[179.08291812531021,-8.643683392385958],[179.08333398990996,-8.643540638098994]],[[179.08120317072266,-8.643687817892435],[179.0812964818413,-8.643551717840513],[179.08114527424485,-8.643398837587176]],[[179.08099889421266,-8.643146556438229],[179.08093502413797,-8.64287571767217]],[[179.08095937790864,-8.642604399493052],[179.0810038275966,-8.642197379201246],[179.08072937048752,-8.64209655450377],[179.08045843906703,-8.642383461195275],[179.0801863218857,-8.642454247834046],[179.07964099880118,-8.642397345110375],[179.0795398058431,-8.642476517451948],[179.0797630407741,-8.642746491267467],[179.08005219478073,-8.642841827494587]]]}},{"type":"Feature","properties":{"year":2018,"certainty":"good"},"geometry":{"type":"MultiLineString","coordinates":[[[179.12326486454867,-8.428546696662748],[179.12327040230127,-8.427461941253112],[179.12319783373565,-8.42719115249255],[179.12272645126438,-8.426651339495434],[179.12231739701625,-8.425900542050096],[179.12177320470875,-8.425991663711413],[179.12149972103498,-8.425782729590262],[179.1212271576818,-8.425742594197871],[179.12111468053635,-8.426388871775586],[179.12083516446845,-8.426932745833147],[179.12025823651135,-8.42774940870071],[179.11987772930064,-8.427999469064666],[179.1189883845897,-8.428298631738084],[179.1186076109648,-8.428571869887426],[179.1187926624186,-8.428792531834269],[179.1201533588735,-8.428601944663978],[179.1217868799319,-8.428499494400972],[179.12287736668003,-8.428701340766379],[179.12314958506863,-8.42867789231176],[179.12326486454867,-8.428546696662748]],[[179.1175561275587,-8.428035181038542],[179.11759177274521,-8.427492624042394],[179.11768942904143,-8.427220914768649],[179.11767587247775,-8.426407440960942],[179.1174173276375,-8.426293722960025],[179.11714508645682,-8.426312923561445],[179.1166014181031,-8.426501022043285],[179.1157848605056,-8.42658936173283],[179.1153657212703,-8.42696226403221],[179.1153030843446,-8.427233784354273],[179.11545533302748,-8.427504146395908],[179.1157909004709,-8.427700154093218],[179.11660981796908,-8.4280451955983],[179.1171552295453,-8.428177085409141],[179.1174276050424,-8.428182328791186],[179.1175561275587,-8.428035181038542]],[[179.1672570690406,-8.435085530592008],[179.16758039378104,-8.434812569578577],[179.16768140467292,-8.434540837468628],[179.1676704139209,-8.433998550823022],[179.16786894072274,-8.433455105999096],[179.16783982641536,-8.433355196189556],[179.16756678823188,-8.433230309394853],[179.1670241114914,-8.433590429756677],[179.16675197809533,-8.43362790861994],[179.16620627571535,-8.433445255070168],[179.16593478957262,-8.433598942350763],[179.16559585146373,-8.434281187251658],[179.1657545446616,-8.434551484831701],[179.16676097738534,-8.43524255622899],[179.16703325755853,-8.435231210527427],[179.1672570690406,-8.435085530592008]],[[179.16794034250677,-8.436166447777053],[179.16785503518545,-8.43608247763259],[179.1677900585863,-8.436167278804785],[179.16785598911113,-8.436253507936089],[179.16794034250677,-8.436166447777053]],[[179.1686746750983,-8.436975906802047],[179.16881885445474,-8.437246282602624],[179.16949869624702,-8.437802000506663],[179.1705492599316,-8.438863743690973],[179.17168818469077,-8.439722121992238],[179.17277785196453,-8.441020776793483],[179.1730581409549,-8.44119306577],[179.17311048923918,-8.441018932060015],[179.17305621270754,-8.440848377924885],[179.17242641868805,-8.439395688595733],[179.1719500927996,-8.437854877489363],[179.17150746176299,-8.436960224745123],[179.1713998669349,-8.43686390713779],[179.1711274458338,-8.436850070594549],[179.17058528034693,-8.43730166803026],[179.17031325834196,-8.437359370709071],[179.1693480733822,-8.436972180782583],[179.1689490038238,-8.436905626890477]],[[179.17337058760313,-8.441559834683675],[179.17333204059554,-8.44147065327032],[179.17333312882104,-8.441665143804421],[179.17337058760313,-8.441559834683675]],[[179.174244405211,-8.44318202127848],[179.1743602542902,-8.442910205800688],[179.1741555424115,-8.442625053449465],[179.17388324867525,-8.44263463604644],[179.1738850506454,-8.442956559591629],[179.17408292425088,-8.443182917542417],[179.174244405211,-8.44318202127848]],[[179.17349235145466,-8.5402657763265],[179.17470325383383,-8.539882975220157],[179.17606388407947,-8.53962729752114],[179.17660848207666,-8.539586180303832],[179.17742460327108,-8.539387823118515],[179.17905820339047,-8.53923097967368],[179.1806893682165,-8.538645913656438],[179.18231903537128,-8.537798473287742],[179.18340327825615,-8.536847073938532],[179.1862059299245,-8.53477085353863],[179.18936938539164,-8.532118128593174],[179.19425032517023,-8.5281955333072],[179.19505282640128,-8.527670495264653],[179.19642022360588,-8.526561664320926],[179.2010323648933,-8.523294622631449],[179.20159445776815,-8.522752426116542],[179.20220511009285,-8.521935462198435],[179.20274037053255,-8.520847759110778],[179.2029225595049,-8.519762059208292],[179.20270916079104,-8.518407436788616],[179.20236034333615,-8.517351180584484],[179.20019841976185,-8.512184826103947],[179.19920461986902,-8.510021112567587],[179.1972586215634,-8.505151098447064],[179.19683595665583,-8.503941646413065],[179.1963932226921,-8.502986643221751],[179.19591184332194,-8.501633520640627],[179.1956115347829,-8.500550543076983],[179.19480381984732,-8.497029912424846],[179.19458595349016,-8.495675299149907],[179.19360350265103,-8.492426813328656],[179.19311633438957,-8.490531376314387],[179.1928234403298,-8.488634844172573],[179.19268984406153,-8.485381571077381],[179.19283841747887,-8.481584372817604],[179.1927475912604,-8.479957870690953],[179.19253136120375,-8.47806090413626],[179.19184434940723,-8.475624243253726],[179.1915498767661,-8.474812389769111],[179.19102384461382,-8.47373066639468],[179.18990245107292,-8.471838773425517],[179.1886381811353,-8.469947675114732],[179.18786708349597,-8.468596146996086],[179.18697572366,-8.466431779320201],[179.186445590878,-8.464536556051376],[179.18548090730584,-8.46183024986636],[179.1840486010971,-8.458362836738566],[179.18279952521243,-8.455879475270857],[179.18237632051344,-8.454797153097362],[179.18021671598598,-8.450470453901534],[179.1788515462659,-8.448037511754773],[179.1785408910193,-8.44757905673673],[179.17826717560763,-8.447335769255908],[179.17799513690113,-8.447391241353936],[179.17791142526772,-8.447500399195158],[179.17784907987442,-8.447771917777276],[179.17789994506154,-8.448042806601705],[179.17821391743288,-8.448583403294654],[179.17886378995124,-8.449393301589566],[179.17981791664468,-8.451015017984172],[179.18072628929593,-8.453179327391522],[179.1825273249669,-8.456694506792434],[179.18366634351253,-8.459128684940827],[179.18443239337591,-8.46129376991151],[179.1850987093558,-8.463730579029496],[179.1855225920216,-8.464541719473559],[179.18655287573478,-8.467765393555917],[179.18765359603267,-8.46975972818529],[179.1887506216668,-8.47109840601757],[179.18933716336724,-8.471570774160421],[179.18975713170235,-8.472110757907787],[179.19024417187097,-8.47319270327095],[179.19051980210898,-8.474004664530472],[179.19105958040936,-8.476170988285139],[179.1912214886122,-8.477254755652407],[179.19156129417226,-8.478608692441169],[179.19176821750972,-8.48077688186741],[179.19182696723973,-8.482674734373619],[179.1917847551202,-8.485115492024255],[179.19170234209594,-8.485929462144712],[179.19192342016032,-8.487012894561245],[179.19211408858556,-8.488638835192036],[179.1923208880003,-8.489451178143744],[179.19266420615983,-8.491618595934023],[179.1928529349247,-8.492159870890413],[179.19322969637105,-8.494055929708063],[179.1936205642496,-8.495138402188278],[179.1939012431238,-8.496221494593627],[179.1941610171968,-8.497847040888468],[179.19451281625234,-8.498658562648492],[179.19456737782505,-8.49920059156338],[179.19510488058376,-8.501095737612527],[179.19527950546853,-8.50217942494681],[179.19559655607512,-8.502719972038475],[179.19565046514455,-8.502990835837128],[179.195916518033,-8.503531670183929],[179.1961602537795,-8.504614965998721],[179.19654481120526,-8.505426298124142],[179.19706937904067,-8.507050341699964],[179.19762317529558,-8.50813188289784],[179.19790750851385,-8.509214945991499],[179.1983348386444,-8.510026032283788],[179.19842605682325,-8.51056785133896],[179.1984593206145,-8.512194667849435],[179.199036773577,-8.513547237454182],[179.19909337371797,-8.514089251738337],[179.19890668263633,-8.515174977608272],[179.19836384247338,-8.516533886694177],[179.197825506199,-8.517079267966457],[179.1978083924324,-8.517350532287468],[179.19759317258357,-8.517894085088463],[179.19692093404893,-8.518840995140046],[179.19655519937834,-8.519526962995204],[179.19584048683436,-8.520443068555405],[179.19509903597466,-8.521704540671573],[179.1944901573456,-8.522487882981514],[179.1939476328544,-8.522886942506874],[179.1936108805512,-8.523339961280957],[179.19325115776277,-8.524155498715793],[179.19282534914436,-8.524700241328414],[179.19283774361503,-8.524971339557093],[179.19298708773982,-8.52524166387702],[179.1929683059262,-8.52551293824904],[179.19227105952822,-8.526872719690695],[179.1915253839098,-8.528038400086203],[179.19116102619316,-8.5287771698327],[179.19044550169525,-8.529747049784339],[179.1895042152798,-8.530684706662065],[179.18881896311072,-8.531133914708292],[179.18797575691886,-8.532049177988586],[179.1869013582979,-8.532868746524494],[179.18489258436992,-8.534778258294839],[179.18204236059222,-8.537048528985498],[179.17959828393208,-8.538394456250789],[179.17850966988692,-8.538578243102416],[179.17741979155142,-8.538539413766113],[179.17551475841253,-8.538869472511669],[179.17334093499286,-8.539840916042113],[179.17284700356154,-8.539998224931685],[179.172389745788,-8.54027196087406],[179.17279953367992,-8.540447122617385],[179.17349235145466,-8.5402657763265]],[[179.15902906782486,-8.549837737508822],[179.16004623365168,-8.549388347505195],[179.16439019546553,-8.546759277528501],[179.1649185504545,-8.546279587757395],[179.16510157986804,-8.546007391377653],[179.16522700574265,-8.54573551712713],[179.16519955441146,-8.54535806221394],[179.1649266227989,-8.54526768364737],[179.16453194197743,-8.545739403694485],[179.16357115670735,-8.546445398705435],[179.16221249382636,-8.547057573020641],[179.16112705776973,-8.54781316791194],[179.1594999244915,-8.549129380019451],[179.15832675563544,-8.549570481232674],[179.15832003834134,-8.549841692633974],[179.15868696862415,-8.549896755446216],[179.15902906782486,-8.549837737508822]],[[179.1413222530512,-8.56051201568215],[179.14441707031096,-8.559138976913442],[179.14620434456097,-8.558649714190475],[179.14783430317812,-8.557821057466123],[179.14891975780242,-8.557058280828901],[179.14979309084217,-8.55612618939597],[179.15009176372448,-8.555582178347308],[179.15007158072243,-8.555039939989799],[179.14999741694658,-8.554907031732895],[179.14972570650772,-8.555035478692],[179.14959016393513,-8.55531379137353],[179.14918444818633,-8.555678052039376],[179.14809705734874,-8.556094774906274],[179.1462559472783,-8.556959364719818],[179.14510912988717,-8.557671662833458],[179.14456485522916,-8.55777759495809],[179.14375030998758,-8.558270217430858],[179.1429343110323,-8.558503419336072],[179.1413387588818,-8.559427217368723],[179.14103685565686,-8.559700066387766],[179.1409750774065,-8.559971585340682],[179.14101597886744,-8.560242535564294],[179.14096700919998,-8.560513983583851],[179.14103879281146,-8.560565281424566],[179.1413222530512,-8.56051201568215]],[[179.13141279339646,-8.565990354773444],[179.13262193894712,-8.565717669085753],[179.13398381155682,-8.565657558990747],[179.13452775100947,-8.565488434039016],[179.13507120718364,-8.565232792122973],[179.13602232122548,-8.564609005043454],[179.1362467286958,-8.564336586727302],[179.13628334667655,-8.564065206727854],[179.1361535670871,-8.563906219809075],[179.1358815707111,-8.563985691017127],[179.13506691096296,-8.564462605348055],[179.13452308122433,-8.56465108670632],[179.1334337129529,-8.564721854817908],[179.13180103506835,-8.565075178552865],[179.13071330778507,-8.565441351834481],[179.13027385204282,-8.565725459019452],[179.1300510293709,-8.565997866314818],[179.1301727544181,-8.566219348518748],[179.13044518837995,-8.566217828643154],[179.13141279339646,-8.565990354773444]],[[179.1137106792081,-8.583714404710406],[179.114194468859,-8.583560931947929],[179.11504839797863,-8.583435886920906],[179.11637050707154,-8.582907541465298],[179.1167210600683,-8.582613164902614],[179.1163668872081,-8.582254239814496],[179.1162856417649,-8.582073193746146],[179.1163650453493,-8.581921807073948],[179.11666611176454,-8.581799924691667],[179.11687226782965,-8.5820699735585],[179.1169122483998,-8.582335220587565],[179.117183981025,-8.582204680810468],[179.11754363572993,-8.581795106618836],[179.11767755315094,-8.581523190703908],[179.11775891309898,-8.580709202515555],[179.11791830526852,-8.580165966300317],[179.11828272833398,-8.579350423703369],[179.11859202001762,-8.578264003559404],[179.11879511490557,-8.57794876746065],[179.1190298478509,-8.577176877547746],[179.11925910001568,-8.576904438024544],[179.11925481727584,-8.576633281294855],[179.11905945567003,-8.576485680555988],[179.1188160700896,-8.576635691042211],[179.1187051713772,-8.576907480404],[179.1182475201669,-8.577463590727307],[179.11797950990763,-8.578265154037576],[179.1179118608296,-8.57881009944877],[179.1171672277152,-8.580441270773361],[179.11663247716692,-8.581015056894081],[179.11608993548276,-8.581442736305508],[179.115274896001,-8.58186312223217],[179.11473039847542,-8.581938058171888],[179.1143912974812,-8.582083586346517],[179.11415223538586,-8.582356078256504],[179.1141844868079,-8.582898263488483],[179.1139726135882,-8.583170606333184],[179.11337571804015,-8.583311909487941],[179.11328150018383,-8.58344557644311],[179.11337736036637,-8.583608700569217],[179.1137106792081,-8.583714404710406]]]}},{"type":"Feature","properties":{"year":2018,"certainty":"insufficient data"},"geometry":{"type":"LineString","coordinates":[[179.10329709022645,-8.633066224371685],[179.1034461283949,-8.632854584768118],[179.10346779649683,-8.632583283660288],[179.1035663791498,-8.632487540837518],[179.1036554229821,-8.632039889819678],[179.10357140049373,-8.63176916858957],[179.10328786045525,-8.63139988843358]]}},{"type":"Feature","properties":{"year":2019,"certainty":"good"},"geometry":{"type":"MultiLineString","coordinates":[[[179.08063910964546,-8.465114262486017],[179.0807978338052,-8.464299853206665],[179.08125271759067,-8.46348386697338],[179.08145618296058,-8.462940407534875],[179.08151849106613,-8.462126511900902],[179.08138430117285,-8.461622024622447],[179.08123105548157,-8.461314478442945],[179.08083612507943,-8.460984549368288],[179.0800175436441,-8.460713867777784],[179.07947112478723,-8.46040326202228],[179.0789260388999,-8.460341018730338],[179.07871459514433,-8.46051430244401],[179.07864572438032,-8.460785857055788],[179.07863823643325,-8.46132827373108],[179.07874776714792,-8.462141256527186],[179.07976550052533,-8.464501915279287],[179.08004042628372,-8.46497623366456],[179.08031413788734,-8.46522434579666],[179.08058631566206,-8.465186848171946],[179.08063910964546,-8.465114262486017]],[[179.07409738250752,-8.468945687977271],[179.07406927399666,-8.468934329995939],[179.07406420349082,-8.468945864165365],[179.07406936446063,-8.468951216900527],[179.07409738250752,-8.468945687977271]],[[179.06223903049522,-8.490974942415704],[179.06235925183643,-8.49070311528579],[179.062312923864,-8.49043216974755],[179.06219834336534,-8.490302894146854],[179.0619254623839,-8.490212798605738],[179.0611079580301,-8.490155752216365],[179.06001861478688,-8.490203946163293],[179.05974678031828,-8.490310020260493],[179.05961083571782,-8.490446462720282],[179.05968081837673,-8.490717283973346],[179.06002266159447,-8.490962552053302],[179.06029552453168,-8.491049182818964],[179.06138570675185,-8.491157745983417],[179.06193019170024,-8.491098517717854],[179.06223903049522,-8.490974942415704]],[[179.03695249595768,-8.512261160812054],[179.03752453491597,-8.512028116612347],[179.0378464675034,-8.511714085518472],[179.03802022291868,-8.511170785539944],[179.03798762336757,-8.510628567485494],[179.03870830945536,-8.510082399756461],[179.03850313276095,-8.509812281271062],[179.03832955498623,-8.509715240799087],[179.03805709213123,-8.509706682917079],[179.03781195696678,-8.509815904831926],[179.0372423754432,-8.510186346465341],[179.03635606375508,-8.510908312517088],[179.0361128067864,-8.511451976347018],[179.03615219736295,-8.511994159554064],[179.0364360786892,-8.512259148592442],[179.03695249595768,-8.512261160812054]],[[179.07064165980228,-8.598321116575038],[179.0708591188137,-8.598048758541063],[179.07096594556214,-8.597776995721112],[179.0709371600788,-8.59750596255128],[179.07067541862665,-8.597335336973742],[179.06985945241397,-8.597603916965207],[179.06956779990188,-8.597784515852553],[179.06958590252577,-8.59805560678427],[179.06986342360074,-8.59833541081983],[179.07040880643387,-8.598414939019943],[179.07064165980228,-8.598321116575038]],[[179.10073663386436,-8.605751156533076],[179.10081906251756,-8.605479523237124],[179.10067390295148,-8.60385321799502],[179.10049147606836,-8.603040665033395],[179.10043500108443,-8.602227424117338],[179.10043434224087,-8.600329145916016],[179.10054219976482,-8.598430275308996],[179.10037964928705,-8.598199512907096],[179.10010751319055,-8.598260195710147],[179.0999796520483,-8.598975711599069],[179.09967816990869,-8.599790906352572],[179.0995921643181,-8.601418475197717],[179.09968313830862,-8.602502711653612],[179.10024883941944,-8.604940271653566],[179.100268689004,-8.605482529441879],[179.10042147648613,-8.605788366990597],[179.10069406699472,-8.605809175868657],[179.10073663386436,-8.605751156533076]],[[179.1033176193545,-8.632855289816026],[179.10359622314536,-8.632582579035594],[179.103673399696,-8.63203979118857],[179.10344575527708,-8.631498675641712],[179.103254047119,-8.63068618040726],[179.10336160537682,-8.630143225927021],[179.1033516203068,-8.62960091613436],[179.10303317802462,-8.628789115410333],[179.10259712938105,-8.628249141154887],[179.10201328860222,-8.6271676109102],[179.10149631623344,-8.626628077956171],[179.10028623041106,-8.624465241685188],[179.09940065361468,-8.623385355494086],[179.09799032745244,-8.6212236014771],[179.09713781679775,-8.619329975598383],[179.0968984708517,-8.61851773230724],[179.0966916955407,-8.617162943693819],[179.09667366400186,-8.616620675030148],[179.09685031435905,-8.614450242369688],[179.0975306842399,-8.612005877222963],[179.09815226141325,-8.611188933868085],[179.09854031077418,-8.610536505683006],[179.09989416238403,-8.608987155094312],[179.10024325724933,-8.608194499117225],[179.1007212901224,-8.607649521353741],[179.10043038331722,-8.607403467324719],[179.1001582615667,-8.607467878781675],[179.09997088004167,-8.607653620797558],[179.09924835577783,-8.60874229943042],[179.0979937410131,-8.610244227879747],[179.0974095369053,-8.611192987981504],[179.09664559099554,-8.612830916045262],[179.0962649673177,-8.614182253105241],[179.09628284068305,-8.614995706514819],[179.09605745537982,-8.61581048736264],[179.09608924086757,-8.616352681231513],[179.09602866178258,-8.61689537914245],[179.09640744610363,-8.619062385993935],[179.0969329560818,-8.62068701179322],[179.09723796877117,-8.62143128878735],[179.09758170427264,-8.622039384470812],[179.09781589961258,-8.622851654499048],[179.09862264428315,-8.62433875152938]],[[179.0987539567938,-8.624566116230987],[179.09892442301572,-8.624879467234386]],[[179.0990291034856,-8.625047238470737],[179.09944199665344,-8.625799988657107],[179.09995398846894,-8.626365340245012],[179.10032904794505,-8.626905652846396],[179.10064257411855,-8.627446301772242],[179.10071478847527,-8.627717089074494],[179.10049098886827,-8.628531862923298],[179.10042527773027,-8.629074588323023],[179.10013110440036,-8.629618564844135],[179.0998859232841,-8.629891090209457],[179.09982263622976,-8.630162619593241],[179.10001168017192,-8.630269059070033],[179.10082887058482,-8.630216695259135],[179.1011017467479,-8.630285919854774],[179.10164796026882,-8.630507684507043],[179.10190433620076,-8.630693580790455],[179.1019245367548,-8.631235835074287],[179.10213428558487,-8.631505867728372],[179.1030262197224,-8.631772159169653],[179.1032666651651,-8.632042022573604],[179.10347381164075,-8.632583250658602],[179.10329573661252,-8.632821864830767],[179.1032961946958,-8.632904560567967],[179.1033176193545,-8.632855289816026]],[[179.07911674755456,-8.621461877759868],[179.07870835854735,-8.621366731478664],[179.0784364511281,-8.621473413780715],[179.07826425540387,-8.621602087254857],[179.0783025915478,-8.621909864799916]],[[179.07836079864595,-8.628110040356747],[179.07847259417443,-8.628082497808945],[179.07871268116847,-8.627836947245322],[179.07873450990215,-8.627565642561896],[179.07859109176374,-8.627024046842422],[179.07837589221344,-8.626754026290165],[179.07848147425088,-8.6264822678486],[179.07873586605302,-8.62639661128947],[179.07898456785463,-8.62620835564838],[179.07913665507965,-8.625936345165886],[179.07948325533616,-8.625120907938356],[179.07953819061046,-8.624849423930224],[179.07946730560312,-8.624443028600018]],[[179.07858675337494,-8.624044302663865],[179.07817938799988,-8.624295502064177],[179.0779969805735,-8.624857773029326],[179.07791461277586,-8.62570706114254],[179.0781669390813,-8.626483971708186],[179.0776477771585,-8.626741946828831],[179.07727898841918,-8.627031153703067],[179.07707970674963,-8.627303419372085],[179.07705268495693,-8.627574752351617],[179.0772161252388,-8.62784505402816],[179.0773818541906,-8.627943895533582],[179.0780259035351,-8.62811185472507],[179.07836079864595,-8.628110040356747]],[[179.07478559554636,-8.64141755574616],[179.0750873467568,-8.641144734236601],[179.07525610913183,-8.640601446308047],[179.075541811398,-8.640277489983374],[179.07581431031966,-8.64027643878605],[179.0763611081684,-8.640603235110447],[179.0764966983273,-8.640052350005181],[179.07633427947974,-8.639510857085016],[179.07639058538544,-8.639239365275257],[179.0763517301826,-8.638889671276303],[179.0758030755613,-8.638222939793149],[179.0752023566764,-8.637889869153176],[179.07498529025762,-8.63761985780262],[179.0748848180594,-8.63734921494909],[179.074848258935,-8.637078225984522],[179.07501756346915,-8.635721374749343],[179.07560227905145,-8.634904648162891],[179.07567116044285,-8.634633088343904],[179.0755895364554,-8.634362343506996],[179.0751485830915,-8.633822357078902],[179.07534333783522,-8.633550115892625],[179.07604910095233,-8.633381941515974],[179.0761341047098,-8.633274647435162],[179.0761791397346,-8.633003216795835],[179.07604496779118,-8.632626010474855],[179.07549725094705,-8.632128637363042],[179.07522442411135,-8.632068622874781],[179.07495301153642,-8.632267423432658],[179.07461386114898,-8.632740503262708],[179.0743953898124,-8.63355524652343],[179.074065517003,-8.634099405542624],[179.07358027800333,-8.635186779303984],[179.07348022293363,-8.635458507755168],[179.07343951630563,-8.636001102310994],[179.07290617286185,-8.637631110852194],[179.07282639480871,-8.638173916908089],[179.07286402883682,-8.638716087775505],[179.07308538678774,-8.639567329786981],[179.0737276083623,-8.640880911199464],[179.07394300361847,-8.641150932049129],[179.07418494864427,-8.641312889773078],[179.07445808722434,-8.641428625001952],[179.07478559554636,-8.64141755574616]],[[179.0833262772308,-8.643572917560029],[179.08534500194966,-8.642444951355973],[179.08726370796137,-8.641047451884742],[179.08807867999113,-8.64058642686243],[179.08862119034214,-8.640133206581599],[179.08997889210042,-8.639260086277158],[179.09052107797046,-8.638748774954097],[179.0929650750232,-8.637205653703896],[179.0945950630936,-8.636298125314585],[179.09758528126065,-8.634983583928223],[179.0997619789523,-8.634390849817194],[179.10112361202943,-8.634237547095223],[179.10166779459453,-8.63409131835049],[179.10284161468553,-8.633400265625811],[179.10275351258244,-8.63332121905649],[179.1025950055212,-8.632859253539735],[179.10236137981514,-8.63258935233671],[179.10165797108021,-8.632316614768673],[179.1016900709639,-8.6331353979376],[179.10150167554778,-8.633407613244414],[179.10111961240128,-8.633514850214778],[179.10030096575105,-8.633305200885061],[179.1000275767654,-8.633143673093226],[179.0998548784362,-8.632874271475451],[179.0994760470155,-8.631961080463858],[179.09920388442578,-8.632021166445769],[179.09898315689375,-8.632607862080814],[179.09838603474836,-8.63342467990686],[179.0978884298502,-8.633969769598961],[179.0973098787174,-8.634457718895803],[179.09703839260877,-8.634640702275798],[179.09540695415905,-8.635282869766424],[179.09418492562654,-8.636046304500526]],[[179.0914685178573,-8.637603256632952],[179.09104267703324,-8.637803752903181],[179.0902476534322,-8.638581148607116],[179.08997610369212,-8.638753862454314],[179.08916022718188,-8.639049410074216],[179.08861795566656,-8.63954564016699],[179.08744137823982,-8.640264052272906],[179.085360138183,-8.641766754946046],[179.0827794259009,-8.643237948333187]],[[179.08114515476237,-8.643377065111027],[179.08104250515632,-8.643281912356736],[179.08091298768295,-8.642875837414818]],[[179.0784116421032,-8.641835038417815],[179.07833605321596,-8.641940679350855],[179.0784123868848,-8.64197095719429]]]}},{"type":"Feature","properties":{"year":2019,"certainty":"unstable data"},"geometry":{"type":"MultiLineString","coordinates":[[[179.09862264428315,-8.62433875152938],[179.0987539567938,-8.624566116230987]],[[179.09892442301572,-8.624879467234386],[179.0990291034856,-8.625047238470737]],[[179.07944520776758,-8.621866878179022],[179.07940976574045,-8.62159588381704],[179.07911674755456,-8.621461877759868]],[[179.0783025915478,-8.621909864799916],[179.0784394228498,-8.622017018521971],[179.07871193327722,-8.622020560278994],[179.07944520776758,-8.621866878179022]],[[179.07946730560312,-8.624443028600018],[179.0792682925969,-8.624100618803013],[179.07899533150334,-8.624014941235645],[179.07858675337494,-8.624044302663865]],[[179.08127407631275,-8.64382302539847],[179.08155494925913,-8.643565727382391],[179.08210019659572,-8.643608582965122],[179.0826459701454,-8.643747264395843],[179.0833262772308,-8.643572917560029]],[[179.09418492562654,-8.636046304500526],[179.0935052262622,-8.636326802172816],[179.0924195523174,-8.637110715350758],[179.09203418486285,-8.63725597263755],[179.0914685178573,-8.637603256632952]],[[179.0827794259009,-8.643237948333187],[179.0823718094821,-8.643445938670812],[179.0818272987705,-8.64353721356023],[179.08128210446637,-8.643504012774152],[179.08114515476237,-8.643377065111027]],[[179.08091298768295,-8.642875837414818],[179.08101039410982,-8.642197343521133],[179.08072858025568,-8.641952504082779],[179.08045770621115,-8.642249856944458],[179.08018603714447,-8.642402331603979],[179.07964068911497,-8.642340865506451],[179.0794207147311,-8.64247716409611],[179.07965457145437,-8.642747080319754],[179.08018952808584,-8.643038804784258],[179.0807394883396,-8.643940705394684],[179.0810119467895,-8.643931958895493],[179.08127407631275,-8.64382302539847]],[[179.07890506050288,-8.641937591204282],[179.07882006177073,-8.64177331294374],[179.07854921892167,-8.641668336292868],[179.0784116421032,-8.641835038417815]],[[179.0784123868848,-8.64197095719429],[179.0788217559021,-8.642082421352518],[179.07890506050288,-8.641937591204282]]]}},{"type":"Feature","properties":{"year":2019,"certainty":"good"},"geometry":{"type":"MultiLineString","coordinates":[[[179.12204508188705,-8.425905934749316],[179.1217732833481,-8.426006087202532],[179.121500899111,-8.42599883482406],[179.12132753264856,-8.425845357984159],[179.12122643475604,-8.42560996078896],[179.1209176143028,-8.42666111850129],[179.12042002073315,-8.427558857972238],[179.1201492921196,-8.427855677944901],[179.11987771947335,-8.42799766543342],[179.11895471274553,-8.42829881356575],[179.11864266056466,-8.428571680644897],[179.118792717254,-8.428802600133677],[179.12015350278605,-8.428628351976737],[179.12178700060892,-8.428521621313337],[179.12287749959674,-8.428725698783195],[179.12314967133494,-8.428693699308567],[179.12328588372245,-8.428546582925389],[179.12332160165516,-8.428275208301066],[179.1232139872709,-8.427191065100278],[179.12258109538297,-8.426380944136795],[179.12245346495635,-8.426110452821842]],[[179.1176279656768,-8.428034793377877],[179.11783552199475,-8.426406579537769],[179.1176896320563,-8.426286156425478],[179.1174167314431,-8.426184151074594],[179.11714455524057,-8.426215281448584],[179.11632900663608,-8.426488970444666],[179.1157844949794,-8.426522134011996],[179.1155131215169,-8.426701039571322],[179.11530881517476,-8.426962570749893],[179.11525792763373,-8.427234027745126],[179.11542041840337,-8.427504334602654],[179.11633704356734,-8.427966623118225],[179.11742790408582,-8.428237275310158],[179.1176279656768,-8.428034793377877]],[[179.16728174189203,-8.435085394212596],[179.1676077218597,-8.434812418504466],[179.1677018039603,-8.434540724696463],[179.16767653432083,-8.433998516990373],[179.16790319970488,-8.433454916613863],[179.1678385710734,-8.433130043725855],[179.16756619383844,-8.433123687406376],[179.16702397063014,-8.433565157023056],[179.16675195468895,-8.433623708641692],[179.16620613351557,-8.433419732099717],[179.16593441590044,-8.433531865806854],[179.16562142113045,-8.434009871979308],[179.16561333305526,-8.434281090705234],[179.16579508391985,-8.43455126091902],[179.1667611321013,-8.435270312484104],[179.167033374833,-8.435252247113795],[179.16728174189203,-8.435085394212596]],[[179.16787510027632,-8.43616680855528],[179.1678553832021,-8.436144874306235],[179.16784213811184,-8.436166990826207],[179.16785561044378,-8.436185616712898],[179.16787510027632,-8.43616680855528]],[[179.1731142254609,-8.441018911338144],[179.1724142211731,-8.439395756211528],[179.17200804331407,-8.438042143101827],[179.1716331490378,-8.437230701461836],[179.1713999952986,-8.436886882034907],[179.1711274446174,-8.436849852849484],[179.1705851543766,-8.437279114156341],[179.17031318079665,-8.437345485271715],[179.17004051926995,-8.437288680168553],[179.16949435534022,-8.437024420680936],[179.1683804575977,-8.436706360841749],[179.16842012037216,-8.436977314992532],[179.16895131784003,-8.437320252480191],[179.17059434564212,-8.438924564803479],[179.1716883251819,-8.439747255506825],[179.17278474489004,-8.441005437292173],[179.17305835587683,-8.441231483677466],[179.1731142254609,-8.441018911338144]],[[179.17335530649584,-8.44155991945096],[179.17333219701237,-8.441498608789365],[179.17333308987432,-8.441658183223707],[179.17335530649584,-8.44155991945096]],[[179.17424656741565,-8.443182009277196],[179.1743612578021,-8.442910200230589],[179.17415549779383,-8.442617083293591],[179.17397678183514,-8.44264116160519],[179.17391547559953,-8.442912674339054],[179.1740831601158,-8.443182916233349],[179.17424656741565,-8.443182009277196]],[[179.17370168074225,-8.540264601838075],[179.17497559834223,-8.539870356323464],[179.17905822849792,-8.539235403187197],[179.18068947065981,-8.538663950181283],[179.1817761335353,-8.538137200950842],[179.1823189995427,-8.537792169250423],[179.18340334976327,-8.53685965076314],[179.1872625055771,-8.533951385883773],[179.190182861127,-8.531460587410148],[179.19392381658287,-8.528490385726508],[179.1972342105838,-8.52599799062964],[179.19831991420673,-8.525314946666269],[179.1991329894609,-8.524592877572871],[179.2011297255869,-8.523297395357956],[179.20202822957037,-8.5222076322563],[179.20265356473897,-8.520989767554518],[179.2027834098795,-8.520576348352417],[179.202900564938,-8.519762183988412],[179.2027865890031,-8.518813747517292]],[[179.20277704392527,-8.518767823045344],[179.2026353903543,-8.518136688567088],[179.20205559368895,-8.516648559361249]],[[179.20194618913243,-8.516378970413127],[179.201852616531,-8.516107376412634]],[[179.20174101362414,-8.515836842165275],[179.20141035665966,-8.515025215452095]],[[179.2013933947203,-8.514978997610381],[179.20116202122622,-8.51448428866003]],[[179.20111765620763,-8.514393901694863],[179.20091610624857,-8.513943347812342]],[[179.20084181138228,-8.51379002628269],[179.2006898615437,-8.51340229522407]],[[179.20056554970134,-8.513113014460897],[179.20046618341692,-8.512861227799739]],[[179.20035998796956,-8.512590662021553],[179.20003647513465,-8.511778992157952]],[[179.20001285848068,-8.511728956870826],[179.1997964141828,-8.511238016577831]],[[179.19973687468868,-8.511099954379423],[179.19952808664107,-8.510697200620607]],[[179.1994615902346,-8.510593241573932],[179.19898019314013,-8.509344463747807]],[[179.19890889126887,-8.509206157046956],[179.19725084102825,-8.505151142401079],[179.19683587401755,-8.503927144006957],[179.19636936983397,-8.502986777885104],[179.19568216522117,-8.5008213126238],[179.19503120907578,-8.498113303221231],[179.19436551570288,-8.494863036491804],[179.19310948872578,-8.490531414849755],[179.19291611176757,-8.48944782870147],[179.19283342491775,-8.48863478798716],[179.19284654701477,-8.487821208059918],[179.19271780989084,-8.486737257492495],[179.19267511114705,-8.485110485185745],[179.19286713236946,-8.481041873814057],[179.1928024690356,-8.48022873099508],[179.19253631187158,-8.478060876315212],[179.191904454057,-8.475895074689321],[179.19153499340004,-8.474812473339574],[179.19099808367827,-8.473730810989935],[179.18781021252747,-8.468596465560832],[179.1869672868713,-8.46643182654871],[179.1862587920028,-8.463917615208187],[179.1854289683414,-8.461658582700469],[179.18404211959134,-8.458313074401621],[179.18306096707312,-8.456420357770586],[179.18241110097213,-8.454796959066051],[179.1818160386133,-8.453715594272282],[179.1813500968593,-8.452633507910113],[179.1792135390796,-8.448577840045802],[179.17854060066972,-8.44752732609566],[179.1782667101982,-8.447252835759151],[179.17799434072808,-8.447249350229683],[179.17781159912312,-8.447500954476618],[179.1777688536213,-8.44777236403777],[179.17789170782183,-8.448042852424802],[179.17921147739048,-8.449933709164496],[179.1797898520035,-8.451015174295778],[179.18075184617405,-8.453300449430337],[179.18304952739723,-8.457776275467904],[179.1832411418507,-8.458317547215406],[179.1835783176652,-8.458858005880517],[179.18442837644338,-8.461293792358616],[179.18509442389274,-8.463730602991188],[179.1857962433495,-8.465353699443197],[179.18655287871718,-8.467765921695733],[179.18765348405026,-8.46973991268093],[179.18875068212492,-8.471109097094079],[179.1893702996134,-8.471570588354592],[179.18976989814112,-8.47211068630433],[179.19024713857453,-8.473192686625792],[179.19051674195055,-8.474004681703713],[179.19144134538067,-8.478067028121703],[179.19170767110967,-8.47996371513847],[179.1918527980463,-8.483488095971564],[179.19169295109384,-8.485929514946278],[179.19191960702057,-8.487012916005739],[179.1920912985192,-8.488638963394187],[179.19229119740265,-8.48945134519483],[179.19234774443402,-8.49026453332602],[179.1925389932942,-8.490805794559968],[179.19265554616297,-8.491618644678546],[179.19303307763295,-8.492972362561744],[179.19322831281545,-8.494055937499875],[179.19370784810462,-8.49540907893233],[179.19390864391977,-8.496221452891167],[179.1941635712373,-8.497847026492444],[179.19452350688331,-8.498658502374646],[179.19457404127206,-8.499200553991605],[179.19516641960007,-8.501366558597239],[179.19527968992156,-8.50217942390608],[179.1956074579916,-8.502719910514505],[179.1956631570399,-8.502990764207569],[179.19593195398454,-8.50353158305168],[179.1962876830794,-8.504885414402429],[179.19665716687385,-8.505696831395108],[179.19684988453423,-8.506385519115181],[179.19710089424126,-8.507050163638613],[179.1975356120549,-8.507861210161758],[179.19789181599018,-8.508943867142243],[179.19837102449276,-8.51002582764569],[179.1984546830568,-8.510567689435529],[179.19848732461534,-8.512194509433462],[179.19897105026226,-8.513276442064956],[179.19914189846057,-8.513817809808055],[179.19913000564077,-8.514089044410046],[179.1989006132991,-8.515175011960325],[179.1984799696358,-8.516262062087012],[179.198368873288,-8.516533858222648],[179.1978368776401,-8.517079203622304],[179.19783434450756,-8.517350385436393],[179.19762534227283,-8.51789390306103],[179.19611040941214,-8.520009262737597],[179.19475005015826,-8.522248849723272],[179.19449071715238,-8.522586012096614],[179.1941196809927,-8.522794749316596],[179.1938176585295,-8.5230676244988],[179.1932155572539,-8.52415569989786],[179.19276890138394,-8.524700560276667],[179.1928016034044,-8.524971543769464],[179.19296397614164,-8.52524179448376],[179.19294943706126,-8.525513044882011],[179.1922634799979,-8.526872762517739],[179.19102547232546,-8.52904910404559],[179.1901012902082,-8.530138997965642],[179.18952783456416,-8.530684573314561],[179.1888191627462,-8.531168963816821],[179.18800679810357,-8.532022078701745],[179.1872269988032,-8.532595740513376],[179.1856812040546,-8.533960304336397],[179.18475434176824,-8.534913761001278],[179.18204244909202,-8.537064103854096],[179.17959834606384,-8.53840540119563],[179.17823756156955,-8.538632204817151],[179.1771475498076,-8.538569901356484],[179.17554390409546,-8.538898405303435],[179.17231230604347,-8.540272395117968],[179.172527586571,-8.5405301078521],[179.17279997400257,-8.540524912195247],[179.17370168074225,-8.540264601838075]],[[179.17207196766162,-8.540544914399991],[179.17198278122717,-8.540535141291638],[179.17196521254613,-8.540545512956905],[179.17198287770884,-8.540552192517714],[179.17207196766162,-8.540544914399991]],[[179.15917871057638,-8.549836902602106],[179.16194704895133,-8.548295558114345],[179.16463398625697,-8.546552351860786],[179.16493215754588,-8.546248422886737],[179.1652495504993,-8.545735391043399],[179.1652742780816,-8.545464079958814],[179.16519915005213,-8.545286416284767],[179.16492653765044,-8.545252594703651],[179.16411409662143,-8.546107689420985],[179.16357110881205,-8.546436907166356],[179.16221252096543,-8.547062387280624],[179.16135175874842,-8.547655384493472],[179.15949994340244,-8.549132738064655],[179.1582656985548,-8.549570821752594],[179.1580809004477,-8.549843026305822],[179.1586875577548,-8.550001397541084],[179.15917871057638,-8.549836902602106]],[[179.14124640637556,-8.560512435868276],[179.1418546967419,-8.560313977232164],[179.1443003282751,-8.559190055724631],[179.14511610036308,-8.55891637616759],[179.14620447204075,-8.558672465590112],[179.14729141216355,-8.558173557036037],[179.14783436406387,-8.557831916607658],[179.14905940722338,-8.556943793729149],[179.15002481414882,-8.555853725843976],[179.15013402680643,-8.55558194337736],[179.15008104341203,-8.555039887384238],[179.1499973080249,-8.5548876180661],[179.1497257317813,-8.555039983824052],[179.14958949626478,-8.55531379508456],[179.14918438586253,-8.555666940567544],[179.1470101683568,-8.556601587020472],[179.145923509226,-8.557150052931409],[179.14510917339783,-8.55767943308708],[179.14456488139007,-8.557782267971907],[179.14375026430838,-8.558262055309822],[179.14293434209193,-8.558508971140126],[179.14133267876323,-8.55942725104889],[179.1409979448302,-8.559700281904734],[179.14094664633646,-8.55997174281368],[179.14096713627308,-8.560513982879982],[179.14124640637556,-8.560512435868276]],[[179.14055072118833,-8.560787466072712],[179.14049510421088,-8.560777213818435],[179.14047660041928,-8.560787876562298],[179.14049524323806,-8.56080208605376],[179.14055072118833,-8.560787466072712]],[[179.1313487488218,-8.565990708153256],[179.13289434418135,-8.565711135166186],[179.13398383865555,-8.565662419007742],[179.13452783118075,-8.565502808947539],[179.13507140779728,-8.565268754526917],[179.13615767687236,-8.564642659095554],[179.13637019734838,-8.5643359040136],[179.136397515268,-8.564064575448311],[179.13615309669285,-8.563821924888762],[179.1350668461877,-8.56445099249038],[179.1345231347209,-8.564660679744414],[179.13316155271633,-8.564772205458874],[179.13152911971892,-8.565169633402684],[179.13073993785503,-8.565451709973093],[179.1302825500853,-8.56572541105241],[179.13005718301034,-8.5659978323819],[179.13017253480908,-8.566179894785515],[179.13044513298274,-8.566207877575524],[179.1313487488218,-8.565990708153256]],[[179.11385987151408,-8.583713586673888],[179.1152029486245,-8.583435038992882],[179.11637070157397,-8.582942643196953],[179.1168578104746,-8.582612414113045],[179.11745499361945,-8.581944289968455],[179.11770221067744,-8.581251874827036],[179.11793710007774,-8.580165863085716],[179.1183516441292,-8.57935004520685],[179.11888944100417,-8.577991189649556],[179.11900786909897,-8.577448178559056],[179.1192760017509,-8.576904345181505],[179.11933267819532,-8.576624712143408],[179.1190588131255,-8.57636977911943],[179.11878751908566,-8.576578604561702],[179.11851790962143,-8.577091408001252],[179.1182328068523,-8.577452435019897],[179.1179794017825,-8.578245644827785],[179.11789697813512,-8.578810181165968],[179.11714206161736,-8.580441408930689],[179.1166324123546,-8.581003359050333],[179.11608976193727,-8.58141140695038],[179.1152748146964,-8.581848439779067],[179.11473026660266,-8.581914237893479],[179.1143711094914,-8.582083697050154],[179.11413685802998,-8.582356162573513],[179.11414508725125,-8.582898479539159],[179.11399549064606,-8.583170480891852],[179.11337553473996,-8.58327878395264],[179.11326765463278,-8.583445652339009],[179.11337772027963,-8.583673740447203],[179.1136505685782,-8.583744309209226],[179.11385987151408,-8.583713586673888]]]}},{"type":"Feature","properties":{"year":2019,"certainty":"unstable data"},"geometry":{"type":"MultiLineString","coordinates":[[[179.2027865890031,-8.518813747517292],[179.20277704392527,-8.518767823045344]],[[179.20205559368895,-8.516648559361249],[179.20194618913243,-8.516378970413127]],[[179.201852616531,-8.516107376412634],[179.20174101362414,-8.515836842165275]],[[179.20141035665966,-8.515025215452095],[179.2013933947203,-8.514978997610381]],[[179.20116202122622,-8.51448428866003],[179.20111765620763,-8.514393901694863]],[[179.20091610624857,-8.513943347812342],[179.20084181138228,-8.51379002628269]],[[179.2006898615437,-8.51340229522407],[179.20056554970134,-8.513113014460897]],[[179.20046618341692,-8.512861227799739],[179.20035998796956,-8.512590662021553]],[[179.20003647513465,-8.511778992157952],[179.20001285848068,-8.511728956870826]],[[179.1997964141828,-8.511238016577831],[179.19973687468868,-8.511099954379423]],[[179.19952808664107,-8.510697200620607],[179.1994615902346,-8.510593241573932]],[[179.19898019314013,-8.509344463747807],[179.19890889126887,-8.509206157046956]]]}},{"type":"Feature","properties":{"year":2019,"certainty":"insufficient data"},"geometry":{"type":"MultiLineString","coordinates":[[[179.10328125662528,-8.63020743291731],[179.1033529121888,-8.629872091329293],[179.1032772364733,-8.62948142911485]],[[179.10329685703132,-8.633024127609756],[179.10359622314536,-8.632582579035594],[179.103673399696,-8.63203979118857],[179.1032866583183,-8.631182830943743]]]}},{"type":"Feature","properties":{"year":2020,"certainty":"good"},"geometry":{"type":"MultiLineString","coordinates":[[[179.08063466059664,-8.46511428617581],[179.08082051637962,-8.464299732430295],[179.08149507501716,-8.462940200414874],[179.08155107182267,-8.462397526337478],[179.0814949678394,-8.461855449217257],[179.08124067225032,-8.46131442724421],[179.0809651284667,-8.461044706074224],[179.0806708649365,-8.460910678293537]],[[179.07907631030454,-8.462965932402279],[179.0800404497836,-8.464980609860023],[179.0803142013302,-8.465236158342172],[179.08063466059664,-8.46511428617581]],[[179.07420166222303,-8.468945134210008],[179.07406911515403,-8.468904678768393],[179.07404768987388,-8.468945951855364],[179.07406947925608,-8.468972645708766],[179.07420166222303,-8.468945134210008]],[[179.06233097335607,-8.490974455732221],[179.0624518994947,-8.490702624858123],[179.0623792861647,-8.49043181848167],[179.06219826358625,-8.490287954224762],[179.0619256443014,-8.490246870379012],[179.06138117501018,-8.490308812735206],[179.06001863164911,-8.490207107274552],[179.0595756998972,-8.490446648451444],[179.05967649577687,-8.490717306824662],[179.06029571022287,-8.49108398542873],[179.06056841578993,-8.491141105382134],[179.06111345351508,-8.49118536800601],[179.06193032718005,-8.491123889333736],[179.06233097335607,-8.490974455732221]],[[179.03706198285798,-8.512260586979835],[179.03752467835517,-8.512055232984455],[179.03779574335732,-8.511799235365686],[179.03798335829117,-8.511442173304705],[179.0380109705455,-8.510628445083638],[179.03860487068127,-8.510262964134833],[179.03868200311425,-8.510082537710817],[179.0383296745236,-8.509737835971348],[179.0380572094039,-8.50972885299218],[179.0374321298913,-8.510089090180616],[179.0364287103237,-8.510865373254358],[179.0361982472108,-8.51118033400136],[179.03609178628702,-8.51172328124463],[179.03616237507165,-8.512016271087102],[179.0364361570176,-8.512273963656972],[179.03706198285798,-8.512260586979835]],[[179.07058130024242,-8.59832144130166],[179.07095091560765,-8.59789178253868],[179.07099959570928,-8.597776814666297],[179.07094877397762,-8.597497488313575],[179.07067572546154,-8.597391837862714],[179.0698594860588,-8.59761011462559],[179.0695578184524,-8.597784569520991],[179.06958568958498,-8.598055607929263],[179.06986332676325,-8.59831757409705],[179.07013621537243,-8.598393658195594],[179.07058130024242,-8.59832144130166]],[[179.10056721951804,-8.603447026032368],[179.10039607675918,-8.60249881974291],[179.10033480091374,-8.600329689265639],[179.10042491715544,-8.599515647967856],[179.10041085655502,-8.598702175279163],[179.10038165082355,-8.598562817024321],[179.10010817097134,-8.598379607607706],[179.10001232826076,-8.59897553329513],[179.09970566729345,-8.59979075631584],[179.09958685989164,-8.600876137630468],[179.0997054818206,-8.602638181311066]],[[179.0997235115855,-8.602744607582403],[179.09981937430896,-8.6031799260415]],[[179.10332739868875,-8.632855236164515],[179.10356702207926,-8.632603595422774],[179.10367548622295,-8.632039779740573],[179.1034487704517,-8.631498659101357],[179.10322693745493,-8.630686329094635],[179.10340467549204,-8.629871807432282],[179.10337001382382,-8.629600815258634],[179.10302053986263,-8.62878918470458],[179.10258679522772,-8.628249197801237],[179.10207192275396,-8.627167289631966],[179.1015112115958,-8.626627996364855],[179.10041923785397,-8.624735696528248],[179.09936180270367,-8.623385568012509],[179.0979687951508,-8.62122371915366],[179.09710773139892,-8.619330139916425],[179.09688452658176,-8.618517808451582],[179.0966434678409,-8.616892023424148],[179.09673161521263,-8.614993257348665],[179.09705259265394,-8.613364404181436],[179.09759154224287,-8.611869953308622]],[[179.0978644137589,-8.611498580700406],[179.09800116175455,-8.611325350451263]],[[179.0981349102278,-8.61113865954485],[179.0981949760686,-8.611053108985352]],[[179.09840516730773,-8.610735395034467],[179.09856133625584,-8.610508742071625]],[[179.09867557082865,-8.610358788991057],[179.09969832010546,-8.609282208309631],[179.10002921985577,-8.608772909617947]],[[179.09975241914552,-8.607988975056964],[179.09839980468027,-8.609762455777636]],[[179.09695923591678,-8.61214458770658],[179.09663948356683,-8.612824291450327],[179.09626851785245,-8.61418223373236],[179.0962852196085,-8.614995693533325],[179.09607311417253,-8.615810401915697],[179.0960421980178,-8.616895305269914],[179.09628049235528,-8.618521106366325],[179.0967449282612,-8.620010080023562]],[[179.09709992074866,-8.621104165984496],[179.09756860849947,-8.622039456033502],[179.09780632755457,-8.62285170681684],[179.09838155274497,-8.623933295145946],[179.09874392853447,-8.624473679799157],[179.09944191940065,-8.625786005296142],[179.09995324087362,-8.62636534433692],[179.1006468774505,-8.62744627820765],[179.1007135132732,-8.627717096057813],[179.10041974303334,-8.629074618632778],[179.10003795127636,-8.62975466634622]],[[179.10069258622113,-8.630209872244325],[179.10110169712289,-8.630276949180232],[179.10164792593912,-8.630501480531656],[179.10190393329546,-8.630693582998854],[179.10194519037427,-8.631235721859541],[179.10215431372762,-8.631505757927954],[179.1030218222696,-8.631772183288655],[179.103265207117,-8.632042030571823],[179.1035335173189,-8.632582923082287],[179.10329565265732,-8.632806708682377],[179.10329616722552,-8.63289960150279],[179.10332739868875,-8.632855236164515]],[[179.0791090143304,-8.621868699253854],[179.07925555417302,-8.621771682621569],[179.07931149612423,-8.621596416123836],[179.07870903226944,-8.621489961205421],[179.07849746437128,-8.621600824603656],[179.0785974711552,-8.62187146958922],[179.0791090143304,-8.621868699253854]],[[179.07842593036634,-8.628109687457304],[179.07860815533957,-8.627957013452074]],[[179.07874795039768,-8.627701162927034],[179.07874119359093,-8.627370425292371],[179.07865753847733,-8.627159280029435]],[[179.0786032123025,-8.627053490214227],[179.0783699496796,-8.626754058483032],[179.07850592322055,-8.626482135395973],[179.07887148834996,-8.626282406962574]],[[179.07936430463542,-8.625257145706188],[179.07941015448694,-8.625127044544065]],[[179.07858719820854,-8.624125645976465],[179.07845106670294,-8.624146637578248],[179.07817991573512,-8.624392020952126],[179.0779788100358,-8.625129057979313],[179.07794620997788,-8.625942794173174],[179.07819130830237,-8.626475364206227],[179.07826809408633,-8.626483423772385],[179.07764760251354,-8.626710006324698],[179.07725849615514,-8.62703126466154],[179.07705772192097,-8.627303538404442],[179.07703830860657,-8.627574830190929],[179.07712630539402,-8.62770994706324]],[[179.0772450137615,-8.627835498152665],[179.07753245756356,-8.627978934250605]],[[179.07779127207206,-8.628067254587464],[179.07820046921734,-8.62815022939934],[179.07842593036634,-8.628109687457304]],[[179.0750130490962,-8.641145136739729],[179.07523206500375,-8.640601576569908],[179.0754258327594,-8.6403293399831],[179.07588531702658,-8.64005566354379],[179.07602391681496,-8.639512539063528],[179.07591973726332,-8.638699543438376],[179.07575505080172,-8.638429248957905],[179.07508439104166,-8.637890508020345],[179.0748237923338,-8.637349545380335],[179.07490062849584,-8.635993194751967],[179.07537736493083,-8.635122168945712]],[[179.07615660039178,-8.632867745477494],[179.07604500073754,-8.632632036448335],[179.07549740023666,-8.632155951570397],[179.0752245857204,-8.632098195157123],[179.0749529712808,-8.632260056385398],[179.07468230870825,-8.632596181009468],[179.0744056190328,-8.633555191171773],[179.07406227583903,-8.634099423079213],[179.07358766151629,-8.635186739359249],[179.07346274017226,-8.636000976666661],[179.0729998243605,-8.63735941699311],[179.07288762639013,-8.637902398418502],[179.07288472810836,-8.638715975786646],[179.07308534032035,-8.639558825582316],[179.07376806429187,-8.64088069217606],[179.07396812415604,-8.641150796031884],[179.0744577536814,-8.641367635401012],[179.07473022508375,-8.641361376107652],[179.0750130490962,-8.641145136739729]],[[179.0832013945444,-8.64354135946748],[179.0837336689354,-8.643324146624732],[179.08617895783527,-8.642004468038454],[179.08699258305376,-8.641297992383679],[179.0887380849991,-8.640121391666472]],[[179.08875731619702,-8.640110439746366],[179.0891565699239,-8.639847925095596]],[[179.0893002693059,-8.639737907399782],[179.08951394500707,-8.639574791517996]],[[179.08984309565352,-8.639342572348289],[179.08989994300694,-8.639301501582166]],[[179.09092872571523,-8.638548456418958],[179.09103836762156,-8.638481736993196]],[[179.0922869431391,-8.637771048737578],[179.09243324251327,-8.637660569807634]],[[179.0928297783446,-8.637378487524186],[179.0945950862485,-8.636302321044],[179.09527545786418,-8.636017937459636]],[[179.0955465686852,-8.635892506851766],[179.09586865707467,-8.635743510441035]],[[179.09609026314098,-8.635656757718925],[179.09654225813546,-8.635468642899738]],[[179.0969057614533,-8.635295562137417],[179.09715806418694,-8.635194090629009]],[[179.09744964706135,-8.635094782306691],[179.09948989933343,-8.634466220501396],[179.10139554376894,-8.634135596120814],[179.1022109177634,-8.633753871282796],[179.1026201557932,-8.633130297969528],[179.1025854311658,-8.632859306048417],[179.10247776604328,-8.632734047924226],[179.10220410714234,-8.632523782798666],[179.10193107842235,-8.632427310375421],[179.10171886212473,-8.63259287507023],[179.10180695158266,-8.633134757165756],[179.10177740695372,-8.633406101640992],[179.10166481925188,-8.633553836723431],[179.1013926640354,-8.633615321621287],[179.1011199982751,-8.63358457688581],[179.10002809521097,-8.63323740794349],[179.09966972730783,-8.632468511246643]],[[179.0944564354234,-8.635867124987755],[179.0943208614098,-8.635989490771722],[179.09350515265598,-8.636313457593406],[179.09282660318445,-8.63680270669881]],[[179.08658138555964,-8.640854016172181],[179.08536020273638,-8.64177849649514],[179.0837303112235,-8.642713027616404],[179.0826445155749,-8.643482406166486],[179.08241327914317,-8.643545646163528],[179.08291770497223,-8.643606864645184],[179.0832013945444,-8.64354135946748]],[[179.08104355258791,-8.643824278302946],[179.08139492320467,-8.64355118277652],[179.08102219500654,-8.643282022729688],[179.08085036179955,-8.643011770636445],[179.08073048007302,-8.64229881531251],[179.08018748981672,-8.64266719070044],[179.08007477589265,-8.642473612200359],[179.0796411219186,-8.642419798773354],[179.07951648291555,-8.642476644094328],[179.07991555264314,-8.642770853093307],[179.08018802250598,-8.642764311384044],[179.0804606067159,-8.643013888263587],[179.08046358078522,-8.643320768535107],[179.0807367556517,-8.64382594553981],[179.08104355258791,-8.643824278302946]]]}},{"type":"Feature","properties":{"year":2020,"certainty":"unstable data"},"geometry":{"type":"MultiLineString","coordinates":[[[179.0806708649365,-8.460910678293537],[179.07919863889322,-8.460382774374512],[179.0789263508195,-8.46039916833058],[179.0787542459339,-8.460514091620375],[179.07861445547385,-8.460786023309696],[179.0785987531179,-8.461057295236067],[179.07868739828348,-8.461870389154692],[179.07907631030454,-8.462965932402279]],[[179.10076032051376,-8.605479844130382],[179.10056721951804,-8.603447026032368]],[[179.0997054818206,-8.602638181311066],[179.0997235115855,-8.602744607582403]],[[179.09981937430896,-8.6031799260415],[179.0999565047443,-8.603585952199554],[179.1002899732862,-8.605482413199269],[179.1004209654062,-8.60569568190313],[179.10069301263943,-8.60561799117702],[179.10076032051376,-8.605479844130382]],[[179.09759154224287,-8.611869953308622],[179.0978644137589,-8.611498580700406]],[[179.09800116175455,-8.611325350451263],[179.0981349102278,-8.61113865954485]],[[179.0981949760686,-8.611053108985352],[179.09840516730773,-8.610735395034467]],[[179.09856133625584,-8.610508742071625],[179.09867557082865,-8.610358788991057]],[[179.10002921985577,-8.608772909617947],[179.10025717983493,-8.608194423057824],[179.10062330098495,-8.607650056745438],[179.10043067782584,-8.607456866016332],[179.10015838855097,-8.607490905728245],[179.09975241914552,-8.607988975056964]],[[179.09839980468027,-8.609762455777636],[179.0979938129153,-8.610257275602043],[179.09740478243393,-8.611193013928856],[179.09695923591678,-8.61214458770658]],[[179.0967449282612,-8.620010080023562],[179.09709992074866,-8.621104165984496]],[[179.10003795127636,-8.62975466634622],[179.09982523442585,-8.630162605367019],[179.10001176383864,-8.630284191296118],[179.10069258622113,-8.630209872244325]],[[179.07860815533957,-8.627957013452074],[179.07874795039768,-8.627701162927034]],[[179.07865753847733,-8.627159280029435],[179.0786032123025,-8.627053490214227]],[[179.07887148834996,-8.626282406962574],[179.0791388109123,-8.625936333483725],[179.07936430463542,-8.625257145706188]],[[179.07941015448694,-8.625127044544065],[179.079462332931,-8.624578648702798],[179.07934718809156,-8.624308086308199],[179.07899596622784,-8.624130985766465],[179.07858719820854,-8.624125645976465]],[[179.07712630539402,-8.62770994706324],[179.0772450137615,-8.627835498152665]],[[179.07753245756356,-8.627978934250605],[179.07779127207206,-8.628067254587464]],[[179.07537736493083,-8.635122168945712],[179.07561678098364,-8.634633382810506],[179.07551070268556,-8.634362770362234],[179.0751042839116,-8.633822596878765],[179.0752947027018,-8.633550379180239],[179.07604918823677,-8.633397904584415],[179.076165300423,-8.633274478493892],[179.07615660039178,-8.632867745477494]],[[179.0887380849991,-8.640121391666472],[179.08875731619702,-8.640110439746366]],[[179.0891565699239,-8.639847925095596],[179.0893002693059,-8.639737907399782]],[[179.08951394500707,-8.639574791517996],[179.08984309565352,-8.639342572348289]],[[179.08989994300694,-8.639301501582166],[179.0905213113785,-8.638791139350968],[179.09092872571523,-8.638548456418958]],[[179.09103836762156,-8.638481736993196],[179.09160753845353,-8.638105912772419],[179.0922869431391,-8.637771048737578]],[[179.09243324251327,-8.637660569807634],[179.0928297783446,-8.637378487524186]],[[179.09527545786418,-8.636017937459636],[179.0955465686852,-8.635892506851766]],[[179.09586865707467,-8.635743510441035],[179.09609026314098,-8.635656757718925]],[[179.09654225813546,-8.635468642899738],[179.0969057614533,-8.635295562137417]],[[179.09715806418694,-8.635194090629009],[179.09744964706135,-8.635094782306691]],[[179.09966972730783,-8.632468511246643],[179.0994761652347,-8.631982463163931],[179.0992042638839,-8.632089808506999],[179.09898528885856,-8.63260785040887],[179.09859349488582,-8.633152361250195],[179.09812323750816,-8.633710117792155],[179.09730980992651,-8.634445267237933],[179.09649466191902,-8.634869489833713],[179.0959504605363,-8.635013175032727],[179.09540688411,-8.635270180069513],[179.0944564354234,-8.635867124987755]],[[179.09282660318445,-8.63680270669881],[179.0924196762084,-8.637133185943892],[179.0918760258885,-8.637377923131481],[179.09106133512154,-8.637887724140215],[179.09051950344326,-8.638462986959471],[179.08997639598348,-8.638806928173691],[179.0891602611736,-8.639055583511203],[179.08861812719883,-8.639576799392392],[179.08746672561224,-8.640263914147114],[179.086989031832,-8.640652508864743],[179.08658138555964,-8.640854016172181]]]}},{"type":"Feature","properties":{"year":2020,"certainty":"good"},"geometry":{"type":"MultiLineString","coordinates":[[[179.11945487117248,-8.428838476415052],[179.11988134228505,-8.428662544067686],[179.1206979861024,-8.428589795593995],[179.12178732287038,-8.42858070974002],[179.12274124011623,-8.428709887106486]],[[179.12074824027545,-8.427068806452294],[179.12028464922452,-8.427705937143198]],[[179.12004743837028,-8.42788613852594],[179.11974169038038,-8.428024116224366]],[[179.11939532507367,-8.428160843028104],[179.1191980795838,-8.428222791334685]],[[179.11892952915048,-8.428919795071527],[179.11906590655346,-8.428957210457915],[179.11945487117248,-8.428838476415052]],[[179.1153774534567,-8.426793945891177],[179.11529093020542,-8.427233849864566],[179.11543257166483,-8.427504269091036],[179.11647358321096,-8.428033934180515]],[[179.16607001305,-8.43342882758315],[179.1659342063588,-8.433494251504277],[179.1657937005014,-8.433737746477483],[179.1656008262715,-8.43428115977713],[179.16569849021823,-8.434551794433341],[179.16622946646314,-8.434955622325319]],[[179.16902974186078,-8.437380702455462],[179.17059431161658,-8.438918474057335],[179.17168841721676,-8.439763720266843],[179.17319582578898,-8.441463242937441]],[[179.17333870120635,-8.441424425244296],[179.17308769864113,-8.44129023114565],[179.1731341086125,-8.441018801061414],[179.17305577326684,-8.440769822751983],[179.17239119065033,-8.439260297464553]],[[179.17236595149907,-8.43916816061486],[179.17224379374272,-8.438718768781246]],[[179.17208892876434,-8.438331427488775],[179.17204335395417,-8.438177533877402]],[[179.17194280022522,-8.437906918180145],[179.17159374237863,-8.437095333278176]],[[179.17032851392284,-8.437373513595857],[179.1702940283149,-8.437373704533437]],[[179.1701770447549,-8.437351953052119],[179.16949439446597,-8.43703142954217],[179.16908545437641,-8.436955515921728]],[[179.17293591794277,-8.540478194233646],[179.17317523834754,-8.540403141090424]],[[179.17347985128595,-8.540319230415825],[179.17375187126825,-8.540249204074948]],[[179.17402377142267,-8.540158044802592],[179.17412092866897,-8.54012666354961]],[[179.1745676893055,-8.539996572404704],[179.17497561124736,-8.539872634089189],[179.17742499263127,-8.539456471850771],[179.17884445403504,-8.539286614845716]],[[179.17919404930416,-8.539167296085651],[179.1796085122836,-8.539011146899941]],[[179.17973780910933,-8.538978910354563],[179.180689414593,-8.538654078870511],[179.18177608835236,-8.53812924935956],[179.1823189793727,-8.53778862034214],[179.18340334756624,-8.536859264343327],[179.18723630081547,-8.533951533729711],[179.19018278279668,-8.531446844371748],[179.19289442930753,-8.529269405410279],[179.19603851598382,-8.526851413901003],[179.19831977834158,-8.525291180084697],[179.19913300980852,-8.524596435921445],[179.2002185548425,-8.523887074974603],[179.20130345581023,-8.523065948286638],[179.20161909052527,-8.522752286404675],[179.20219523399868,-8.52193551822349],[179.20274647875127,-8.520847724455841],[179.2028853443814,-8.51949110376942],[179.20268327968256,-8.518407583580952],[179.20228288439006,-8.51705402084159],[179.20085156254402,-8.513808129907368],[179.20015073765128,-8.512023651164235],[179.1993355103715,-8.510291539349128],[179.19905349918542,-8.509479632774562],[179.1978885385189,-8.506774545014103],[179.19683603974303,-8.503956227570232],[179.19644948805106,-8.503257493454841],[179.19624016503693,-8.502716339366886],[179.19565626305837,-8.500821458773107],[179.19532519657375,-8.499467486009943],[179.19436948505646,-8.4948630141238],[179.19405253799002,-8.494051294815714],[179.1933603614352,-8.491495352474477]],[[179.19318181854368,-8.490666591991614],[179.19308094997874,-8.490257073319208]],[[179.1929218512163,-8.489312212065748],[179.1928197431837,-8.488634864977142],[179.192845336167,-8.487821214873042],[179.19269179812304,-8.485110391328602],[179.1927852441668,-8.483076100058858]],[[179.1927498765868,-8.479914060812835],[179.1926068450149,-8.478467233218947]],[[179.19246483386337,-8.47767902416513],[179.1924018064752,-8.477383709923911]],[[179.1904590575436,-8.472784743624645],[179.1901184468652,-8.472158953199683],[179.1896359697293,-8.471569098553264],[179.18877493277174,-8.470218078292627],[179.18784857961768,-8.468596250647122],[179.18757560254377,-8.467784270096253],[179.18697023078943,-8.466431810068903],[179.18650250687006,-8.464536237581706],[179.18541007997138,-8.461559475561815],[179.18408655969088,-8.458312826191536],[179.1833183995792,-8.456961262283395],[179.18257785142814,-8.455338370515554],[179.1824549935114,-8.454932299645902]],[[179.18233391245388,-8.454661804216071],[179.182256739122,-8.454535345422988]],[[179.18202480047086,-8.454121186518064],[179.1819815948256,-8.454039454368106]],[[179.18172321171446,-8.453580526397111],[179.1812457821833,-8.452498503850045]],[[179.18115453957853,-8.452262371863354],[179.18114356361454,-8.452227902481006]],[[179.18058786902608,-8.451146314430376],[179.18044136016883,-8.450875959425042]],[[179.17834171508707,-8.448718278040849],[179.1786857487573,-8.449125778144595]],[[179.17876850542277,-8.44925824615402],[179.1789605280426,-8.449558222199892]],[[179.17910411525554,-8.449798721117746],[179.1792355254799,-8.450029387125582]],[[179.1793949780654,-8.450339444712128],[179.1795107663137,-8.450543745800369]],[[179.17968848976415,-8.450880153123375],[179.1797858981702,-8.45103855492933]],[[179.18199096242546,-8.455704347050128],[179.1835112129336,-8.458858380612947],[179.1836814384773,-8.459399771272528],[179.18417242773526,-8.46048171095739],[179.18509003800213,-8.463730627514357],[179.1856005010131,-8.464812453957153],[179.1862764284966,-8.467042005772417],[179.18682906541875,-8.468442946429521],[179.18776861262697,-8.469952547602196],[179.18820186754448,-8.47038655911039],[179.18875082350655,-8.471134098179114],[179.1893580575491,-8.471570657000202],[179.18957740913842,-8.47184059642054],[179.19002380390918,-8.472651600879823],[179.190551618628,-8.474140070610147]],[[179.1906046197086,-8.474410942413202],[179.19145500052053,-8.478066951422486],[179.19176218857322,-8.480641331259852]],[[179.19177780594475,-8.48308176411443],[179.19184239111172,-8.483894907859264]],[[179.19319369096593,-8.493920548195918],[179.1939095051835,-8.496221448038051],[179.19413698996317,-8.497304839600002],[179.1941664588545,-8.497847010216171],[179.19450051566662,-8.498658631998905],[179.19457274276274,-8.499200561313245],[179.19511203354108,-8.501095697262027],[179.19531275753454,-8.50217923732955],[179.19562972673907,-8.50271978484191],[179.19629649261756,-8.50487357716618],[179.19645865521682,-8.505155616824794],[179.19684984988726,-8.506379440643848],[179.19710816092828,-8.507050122581358],[179.19753797824356,-8.507861196788769],[179.19795513727908,-8.509138031433114],[179.19835511099186,-8.510025917640084],[179.1984376837664,-8.51056778557988],[179.19848234160614,-8.512194537622024],[179.19878545885967,-8.513006324898393],[179.19895583775985,-8.513276528150454],[179.19908913242242,-8.513818108443035],[179.19889853047792,-8.51517502374894],[179.1983524620944,-8.51653395110036],[179.19783560131413,-8.517079210844281],[179.1978331058368,-8.517350392445511],[179.1976182104083,-8.51789394341586],[179.19692060698145,-8.51878370120234],[179.19653171264272,-8.519527095851616],[179.1955450922224,-8.520888514767456],[179.19472013320478,-8.52224901886616],[179.19449048060034,-8.52254454678721],[179.19394756342953,-8.52287477044034],[179.1937543908414,-8.523067982076803],[179.19317096810872,-8.524155951871009],[179.19271636705852,-8.52470085710536],[179.1927557374841,-8.524971802932685],[179.1929510321851,-8.525241867631198],[179.1929500511774,-8.52551304141149],[179.19212925455636,-8.527144689274994],[179.19082556206754,-8.529321401758807],[179.1896330013358,-8.530575173014348],[179.1887741148856,-8.531231165679673],[179.18798398290267,-8.532049131572524],[179.1869085162336,-8.532868706151124],[179.18448317253504,-8.535132064041763],[179.18204235462494,-8.5370474788158],[179.17999348506518,-8.538195470065887]],[[179.17226299392797,-8.54040825745255],[179.17195102898887,-8.540545592479374],[179.17239152907376,-8.540556778706245]],[[179.15918011219318,-8.549836894781743],[179.1619471293565,-8.54830982100847],[179.164118840585,-8.546948543538441],[179.1646613324926,-8.546531459127054],[179.16510262412942,-8.546007385537703],[179.16524784255472,-8.545735400595289],[179.16527391986625,-8.545464081962137],[179.16519909608223,-8.545276853642827],[179.16492647311074,-8.54524115777286],[179.16450414650234,-8.54573955909168],[179.16411388646983,-8.546070438655162],[179.1635710039205,-8.546418310523402],[179.16260258024553,-8.546834878484972],[179.16172137260935,-8.547382147100242],[179.15963548872173,-8.549014251958258]],[[179.15941124312084,-8.549157670727977],[179.15936398510627,-8.549177902690445]],[[179.15909550499995,-8.549878559531127],[179.15918011219318,-8.549836894781743]],[[179.1419629288727,-8.56023728917577],[179.14430025390521,-8.559176771910472],[179.1453881275928,-8.558843635559496],[179.1459325215002,-8.558758821578857],[179.1467479022937,-8.558415831996735],[179.14729137402963,-8.558166754306866],[179.14892022568412,-8.557141693802368],[179.14973271151848,-8.556284060235978],[179.1500261042748,-8.555853718671338],[179.15010169746535,-8.555582123119127],[179.14999771169593,-8.554959566175945],[179.14972567005205,-8.555028980295306],[179.14945565681327,-8.555460027711401],[179.1491843924035,-8.55566810673459],[179.14700987523517,-8.556549280119992],[179.14510909323715,-8.557665117769774],[179.14456481818962,-8.557770978735986],[179.14375014263493,-8.558240314229822],[179.1429343243509,-8.558505799991732],[179.141313555403,-8.559427356980084],[179.14099742006857,-8.55970028481123],[179.14095970654066,-8.559971670476543],[179.14103749076799,-8.560332393022124],[179.141310625573,-8.560457302569965],[179.1419629288727,-8.56023728917577]],[[179.1316705560406,-8.565988932404904],[179.13289437376582,-8.565716443664716],[179.13425597897185,-8.565608432174205],[179.13507143942388,-8.565274423957598],[179.13560710284446,-8.564882478147185],[179.13618058832213,-8.564336952430947],[179.13634798153709,-8.564064849342415],[179.13625437058863,-8.563794189407325],[179.13615259435377,-8.563731904482532],[179.13506669631468,-8.564424123300562],[179.13452295869646,-8.564629114870673],[179.13316143039697,-8.564750257318979],[179.13180088098315,-8.565047513895326],[179.13073987432588,-8.565451710323503],[179.13032130610713,-8.565725197322427],[179.130090568163,-8.565997648285002],[179.1301723030474,-8.566138257567214],[179.1304448968736,-8.56616546488766],[179.1316705560406,-8.565988932404904]],[[179.11887728380614,-8.577720076120867],[179.1189827874739,-8.577177136031487],[179.11917075378778,-8.576904923307747],[179.1192052431359,-8.576633553597723],[179.11905957646266,-8.576507468806705],[179.11878823272184,-8.576707342639109],[179.1187099882981,-8.576907453951128],[179.11826230639488,-8.577452273043795],[179.11818805072622,-8.577723861187428],[179.1182496441351,-8.577846800686162],[179.11852245558316,-8.577911507836138],[179.11879482302405,-8.577896120956689],[179.11887728380614,-8.577720076120867]],[[179.1150898359577,-8.583435659581289],[179.11631005347363,-8.58288660180512],[179.1167570174905,-8.58261296749322],[179.11745446146278,-8.581848289525272],[179.1178632411791,-8.580166268688014],[179.11829964613707,-8.57935033078924],[179.1184500237514,-8.5788071441435],[179.11847894084136,-8.578535804962144],[179.11825226458734,-8.578319562660065],[179.11798026050707,-8.578400584803408],[179.11788353649862,-8.578810254970179],[179.1172945603887,-8.580169391172422],[179.11696987440783,-8.580713534757052],[179.11671074640344,-8.580986137789477],[179.1160899483211,-8.581445053947329],[179.1152749558494,-8.581873929986532],[179.11473048504752,-8.581953695725664],[179.11440688531692,-8.582083500867743],[179.11415588874183,-8.582356058224358],[179.11413061418259,-8.58262737785762],[179.11421943701245,-8.582898071832824],[179.11413500189198,-8.583169715883153],[179.11392072233406,-8.583328058496878],[179.11364807962428,-8.583294582047392],[179.1133760283739,-8.583367991909967],[179.1133225581481,-8.583445351376474],[179.11337700156,-8.583543860196551],[179.1136499185014,-8.58362684969341],[179.1150898359577,-8.583435659581289]],[[179.11664066940014,-8.582493522875776],[179.1163673242664,-8.582333121474159],[179.11624756754182,-8.582073402717523],[179.1163645139038,-8.581825885242834],[179.1166362815985,-8.58170168187854],[179.11681080018516,-8.5817991304128],[179.1168917726395,-8.582069866474715],[179.11684281460373,-8.582341315853865],[179.11664066940014,-8.582493522875776]]]}},{"type":"Feature","properties":{"year":2020,"certainty":"unstable data"},"geometry":{"type":"MultiLineString","coordinates":[[[179.12274124011623,-8.428709887106486],[179.1228774919699,-8.428724301101113],[179.12314605432047,-8.428547339538474],[179.123271931984,-8.42827547706413],[179.12325922724128,-8.427462001714897],[179.12314094413355,-8.427094416546478],[179.1225932713696,-8.426547698215842],[179.12231986307344,-8.426352725984271],[179.12177465692125,-8.426258014411257],[179.12145258037435,-8.426115863839446],[179.121227318523,-8.42577210304173],[179.12074824027545,-8.427068806452294]],[[179.12028464922452,-8.427705937143198],[179.12004743837028,-8.42788613852594]],[[179.11974169038038,-8.428024116224366],[179.11939532507367,-8.428160843028104]],[[179.1191980795838,-8.428222791334685],[179.11897259893715,-8.42829871698083],[179.11861483032902,-8.428571830908325],[179.11872719951432,-8.428842406302739],[179.11892952915048,-8.428919795071527]],[[179.11542168762645,-8.426690779672027],[179.1153774534567,-8.426793945891177]],[[179.11647358321096,-8.428033934180515],[179.11742784364682,-8.42822617022283],[179.1175607257076,-8.428035156225903],[179.1175788989922,-8.427492693508578],[179.11770140537985,-8.426949667831266],[179.11757856349726,-8.426407965980552],[179.1174171548801,-8.426261972802783],[179.11714486959065,-8.426273061837492],[179.11660138167497,-8.42649432470553],[179.1163293015844,-8.426543203746649],[179.11578436536618,-8.426498295354959],[179.11551253732353,-8.426593581858599]],[[179.16731075697837,-8.435085233829454],[179.1676331483256,-8.434812277941075],[179.1677377058569,-8.43454052621957],[179.16768011584924,-8.43399849719218],[179.16791301922103,-8.43345486233057],[179.1678914464884,-8.433183807911101],[179.1678384767288,-8.433113122253783],[179.16756613717334,-8.433113522777946],[179.16702404462836,-8.433578433480635],[179.16675195618032,-8.433623976252463],[179.16620582862566,-8.433365008139278],[179.16607001305,-8.43342882758315]],[[179.16622946646314,-8.434955622325319],[179.1664884478978,-8.435209180149842],[179.16676131647947,-8.435303390045426],[179.16731075697837,-8.435085233829454]],[[179.16789171392205,-8.436166716685728],[179.16783178356894,-8.436167048083165],[179.16785577193534,-8.436214570585431],[179.16789171392205,-8.436166716685728]],[[179.16863486528243,-8.436976127039866],[179.1688205552359,-8.437246273192471],[179.16902974186078,-8.437380702455462]],[[179.17319582578898,-8.441463242937441],[179.1733338177097,-8.441788261398422],[179.17340135775132,-8.441559663993848],[179.17333870120635,-8.441424425244296]],[[179.17239119065033,-8.439260297464553],[179.17236595149907,-8.43916816061486]],[[179.17224379374272,-8.438718768781246],[179.17208892876434,-8.438331427488775]],[[179.17204335395417,-8.438177533877402],[179.17194280022522,-8.437906918180145]],[[179.17159374237863,-8.437095333278176],[179.17139967792605,-8.436830077677708],[179.17112745619028,-8.436851924460841],[179.1705853233916,-8.437309374781371],[179.17032851392284,-8.437373513595857]],[[179.1702940283149,-8.437373704533437],[179.1701770447549,-8.437351953052119]],[[179.16908545437641,-8.436955515921728],[179.16894924315625,-8.436948511472433]],[[179.17425512677454,-8.442910789307888],[179.17415606523323,-8.442718445715744],[179.1739873306425,-8.442912275575067],[179.17415830410914,-8.4431183666728],[179.17425512677454,-8.442910789307888]],[[179.17265972970168,-8.540541618396285],[179.17293591794277,-8.540478194233646]],[[179.17317523834754,-8.540403141090424],[179.17347985128595,-8.540319230415825]],[[179.17375187126825,-8.540249204074948],[179.17402377142267,-8.540158044802592]],[[179.17412092866897,-8.54012666354961],[179.1745676893055,-8.539996572404704]],[[179.17884445403504,-8.539286614845716],[179.17919404930416,-8.539167296085651]],[[179.1796085122836,-8.539011146899941],[179.17973780910933,-8.538978910354563]],[[179.1933603614352,-8.491495352474477],[179.19318181854368,-8.490666591991614]],[[179.19308094997874,-8.490257073319208],[179.1929218512163,-8.489312212065748]],[[179.1927852441668,-8.483076100058858],[179.19286073441805,-8.481313078562327],[179.1927498765868,-8.479914060812835]],[[179.1926068450149,-8.478467233218947],[179.19246483386337,-8.47767902416513]],[[179.1924018064752,-8.477383709923911],[179.19155785215014,-8.474812344986903],[179.1904590575436,-8.472784743624645]],[[179.1824549935114,-8.454932299645902],[179.18233391245388,-8.454661804216071]],[[179.182256739122,-8.454535345422988],[179.18202480047086,-8.454121186518064]],[[179.1819815948256,-8.454039454368106],[179.18172321171446,-8.453580526397111]],[[179.1812457821833,-8.452498503850045],[179.18115453957853,-8.452262371863354]],[[179.18114356361454,-8.452227902481006],[179.18058786902608,-8.451146314430376]],[[179.18044136016883,-8.450875959425042],[179.17924616406847,-8.44857765843318],[179.17854225484507,-8.447496889626544],[179.1782664285358,-8.447202644605996],[179.17799399313463,-8.447187402590725],[179.1777885146994,-8.447501082879764],[179.1777767834601,-8.44777231992858],[179.17788341998724,-8.448042898529184],[179.17834171508707,-8.448718278040849]],[[179.1786857487573,-8.449125778144595],[179.17876850542277,-8.44925824615402]],[[179.1789605280426,-8.449558222199892],[179.17910411525554,-8.449798721117746]],[[179.1792355254799,-8.450029387125582],[179.1793949780654,-8.450339444712128]],[[179.1795107663137,-8.450543745800369],[179.17968848976415,-8.450880153123375]],[[179.1797858981702,-8.45103855492933],[179.18067047708186,-8.453179638453749],[179.18199096242546,-8.455704347050128]],[[179.190551618628,-8.474140070610147],[179.1906046197086,-8.474410942413202]],[[179.19176218857322,-8.480641331259852],[179.19177780594475,-8.48308176411443]],[[179.19184239111172,-8.483894907859264],[179.1917277641548,-8.48592931920627],[179.19194216271063,-8.487012789155575],[179.19199075634458,-8.488368360122056],[179.19221950463515,-8.489180579765629],[179.19258780726335,-8.491619025953836],[179.19292099913687,-8.492430656348176],[179.19319369096593,-8.493920548195918]],[[179.17999348506518,-8.538195470065887],[179.17932627801963,-8.53846637722589],[179.1782372553545,-8.538578230463875],[179.17714751885362,-8.538564442562585],[179.17551466657662,-8.538853265463299],[179.17252552431856,-8.540165728301535],[179.1723031356512,-8.540272446539984],[179.17226299392797,-8.54040825745255]],[[179.17239152907376,-8.540556778706245],[179.17265972970168,-8.540541618396285]],[[179.15963548872173,-8.549014251958258],[179.15941124312084,-8.549157670727977]],[[179.15936398510627,-8.549177902690445],[179.15835759075648,-8.549570309259234],[179.15828821440476,-8.549841870124562],[179.15868744812218,-8.549981924564605],[179.15909550499995,-8.549878559531127]]]}},{"type":"Feature","properties":{"year":2020,"certainty":"insufficient data"},"geometry":{"type":"LineString","coordinates":[[179.10329667127866,-8.6329905950881],[179.10356702207926,-8.632603595422774],[179.10367548622295,-8.632039779740573],[179.1036065454032,-8.631768975776167],[179.10328670004154,-8.631190364572179]]}},{"type":"Feature","properties":{"year":2021,"certainty":"good"},"geometry":{"type":"MultiLineString","coordinates":[[[179.08053394903814,-8.465114822419919],[179.08150172632642,-8.462940164992878],[179.08158921129836,-8.462397323228766],[179.08150168022067,-8.461855413474472],[179.08122501679557,-8.4613145105922],[179.0808360921249,-8.460978411916953],[179.07919925572867,-8.46049775183219],[179.07878537389425,-8.460513926109895],[179.07865512716077,-8.460614031026077],[179.0784823254692,-8.461057914263797],[179.07864411100772,-8.461870619341754],[179.07955678033807,-8.463764082867401],[179.08004037164363,-8.464966058465519],[179.08031418325686,-8.465232793233481],[179.08053394903814,-8.465114822419919]],[[179.07433448747676,-8.468944428814154],[179.07406896131013,-8.468875960554817],[179.07402562380685,-8.468946069028688],[179.07406966353759,-8.469007045321058],[179.07433448747676,-8.468944428814154]],[[179.06226328782265,-8.490974814015884],[179.0623962055304,-8.490702919675133],[179.06232203753714,-8.49043212150814],[179.06192534098318,-8.490190061092939],[179.06001890436409,-8.490258232023812],[179.059621146301,-8.490446408216995],[179.0596069595708,-8.490717674419436],[179.06029535195057,-8.491016837186017],[179.06165813850208,-8.491163574479948],[179.06193039553906,-8.491136691045178],[179.06226328782265,-8.490974814015884]],[[179.03708538679697,-8.512260464313352],[179.0375246930857,-8.512058017699786],[179.03787112922674,-8.511713956217795],[179.0380413428398,-8.511170674806333],[179.03802064195852,-8.510628394379076],[179.03870346098444,-8.510082425182695],[179.03832944079258,-8.509693655650926],[179.0380568877235,-8.50966804003906],[179.03778494772794,-8.509758341534118],[179.0364284761555,-8.51082107489892],[179.03616080457758,-8.511180530138127],[179.03608992506426,-8.511723290994505],[179.0361623112608,-8.512004199883874],[179.0364361180119,-8.512266586110615],[179.03670881024786,-8.512318134475043],[179.03708538679697,-8.512260464313352]],[[179.07057182915656,-8.59832149225402],[179.0708840850853,-8.598048624212995],[179.07097081313285,-8.597776969531301],[179.07088027672077,-8.597506268592223],[179.07067556566616,-8.597362413025659],[179.06985930863803,-8.597577432183453],[179.06959787902687,-8.597784354120998],[179.06967717242276,-8.598055116011338],[179.06998394322324,-8.598324654494911],[179.07040865628554,-8.598387290375186],[179.07057182915656,-8.59832149225402]],[[179.10078378676712,-8.605479715941032],[179.100766004033,-8.604666264045482],[179.10065254780335,-8.603582151576624],[179.10043015095746,-8.602498633699764],[179.10030604183106,-8.600601029388628],[179.10029850612963,-8.600058704225582],[179.10045514539456,-8.59924429984311],[179.10043364106676,-8.598973234073613],[179.10038196219583,-8.598619333587122],[179.10010809877383,-8.598366501134166],[179.10002232715487,-8.598975478733717],[179.09972788818524,-8.599790635068329],[179.0996083669894,-8.600876020270057],[179.0996739628536,-8.602502761733554],[179.1002229004865,-8.604669230199182],[179.10029470443828,-8.605482387360254],[179.10042072368248,-8.605651844600631],[179.10069318621186,-8.605649465111565],[179.10078378676712,-8.605479715941032]],[[179.10358265033275,-8.632582653506116],[179.10366537787746,-8.632039835201216],[179.10342905865073,-8.631498767234024],[179.10325058813817,-8.630686199378703],[179.10327874861179,-8.62975451535651],[179.10299495904715,-8.628789324961312],[179.10261764441952,-8.628249028701498],[179.10206309768577,-8.627167337988356],[179.10156167836558,-8.626627719922135],[179.1003064371008,-8.624465131090908],[179.09942233733386,-8.62338523688024],[179.09799437731067,-8.621223579344013],[179.09769370094648,-8.620682855806377],[179.09751940796826,-8.620141441376125],[179.097124903597,-8.619330046126963],[179.0968318881865,-8.618246912378652],[179.09665884298133,-8.61689193949135],[179.09675645266276,-8.6163490395451],[179.09672564275397,-8.61499328994652],[179.0972383823924,-8.612956614865956]],[[179.097325852489,-8.612659971210087],[179.0974175613252,-8.61241326988962]],[[179.0975939928648,-8.611872302279002],[179.0975951851401,-8.611869933424357]],[[179.10032574805047,-8.60805845693633],[179.10064126678333,-8.607649958586029],[179.10043041686473,-8.607409549991853],[179.10015838670788,-8.60749057150477],[179.09975403084712,-8.608061579879932]],[[179.0994823401061,-8.608424005101794],[179.0993472057153,-8.608606168020069]],[[179.09921178176205,-8.608772192473712],[179.09911733436593,-8.608878606504504]],[[179.09894101412036,-8.609082495815564],[179.09865475485302,-8.609423498769168]],[[179.09655057555645,-8.61323155199158],[179.09651236155617,-8.613377563227708]],[[179.09646497420104,-8.613503202693293],[179.0962767411656,-8.61418218886314],[179.09630410932758,-8.614995590454008],[179.09610774326606,-8.615810212949286],[179.09609389326073,-8.617166206790351],[179.0963049905666,-8.61852097262912],[179.09696160109453,-8.620727734931469],[179.09723793531307,-8.621425223120843],[179.09758316342408,-8.622039376497156],[179.09782734797173,-8.622851591925686],[179.09896697901002,-8.624879234458044]],[[179.09902882725174,-8.624997223598708],[179.09910886679276,-8.62514964136039]],[[179.10012795519373,-8.626656363386337],[179.10021845270236,-8.626770666891126]],[[179.10040249778672,-8.6270275422942],[179.10065225361262,-8.627446248768287],[179.1007275978329,-8.627717018927113],[179.10069429012975,-8.627988384074872],[179.10054602947042,-8.628345412229462],[179.10032260706973,-8.629346333359518],[179.0998607990752,-8.62989122777419],[179.099846252467,-8.630162490283693],[179.10001163575538,-8.630261025741826],[179.10082892338679,-8.630226241529453],[179.10164800530362,-8.630515823073683],[179.1018821202111,-8.630693702559654],[179.10195380659462,-8.631235674628591],[179.10216915053718,-8.631505676587338],[179.10301754535013,-8.631793292091448],[179.10326357913047,-8.632042039502243],[179.10351922344364,-8.632583001506747],[179.10358265033275,-8.632582653506116]],[[179.0792620999741,-8.621596683683384],[179.07898187109637,-8.621553638735758],[179.0786337472098,-8.621600086668996],[179.07871011416287,-8.621687845250694],[179.07898262021405,-8.62169063780904],[179.0792620999741,-8.621596683683384]],[[179.07924071727555,-8.625529001750458],[179.07949870761576,-8.624714044743993]],[[179.07819457049132,-8.624449923201823],[179.07796669474214,-8.625129123587637],[179.0779076425285,-8.625671816488579],[179.0780619360031,-8.626213353937525],[179.07819104832623,-8.626427828551341],[179.07832727027014,-8.626423221448748]],[[179.07821729839432,-8.626619292172686],[179.07791951985013,-8.62660445091049],[179.0774482846264,-8.62689464367306]],[[179.08322857862748,-8.643541211579622],[179.08400531511003,-8.643167768921746],[179.08521412124549,-8.642445663996748],[179.08700294501125,-8.641215588202565]],[[179.087127821281,-8.641113786250173],[179.08734030127286,-8.640942565088306]],[[179.08767069542316,-8.640726296591808],[179.0877624340499,-8.640669079731765]],[[179.08794224525812,-8.640553121385581],[179.0881456685752,-8.64039580609103]],[[179.08929944542712,-8.639588298648867],[179.08932380491825,-8.639575828547098]],[[179.09147151870206,-8.638147730707466],[179.0917381782892,-8.637935548851802]],[[179.09500265180657,-8.636088108378097],[179.09518275490285,-8.636018444268979]],[[179.0952745484478,-8.635979096558293],[179.09731339336793,-8.635093872080574],[179.0984013709045,-8.634729992912256],[179.09948984361586,-8.634456145696708],[179.1008514294551,-8.634294204478659],[179.10139531545977,-8.634094349245633],[179.10171214233836,-8.633948824461863],[179.1025797003704,-8.633130519847144],[179.10262965187889,-8.632859063526585],[179.1024773204159,-8.632653567842125],[179.10193102973577,-8.632418515035832],[179.10173329421343,-8.632592795955194],[179.1018303017145,-8.63340581164084],[179.1016651389811,-8.633611595967722],[179.10139271434863,-8.633624411874509],[179.10084703428657,-8.633499935887468],[179.1000356318591,-8.633144464209249],[179.09961349730156,-8.632178641648514]],[[179.09887365116847,-8.632744053075642],[179.09879973143404,-8.632851467614737]],[[179.09867796181362,-8.633016307354985],[179.09852928520962,-8.633222247987673]],[[179.0984800531666,-8.633288573744444],[179.09812330453556,-8.633722246592034],[179.09703820193627,-8.634606185356802],[179.09554286405864,-8.635221463693949]],[[179.08440104274186,-8.642314497539576],[179.08367082829332,-8.642725249196335],[179.08296764625743,-8.643271445531253],[179.082916528425,-8.643392655899822],[179.08244033561803,-8.643545499025551],[179.08322857862748,-8.643541211579622]],[[179.07508953433137,-8.632317433014691],[179.07486822486433,-8.632467939794147],[179.0747673567908,-8.632739672637294],[179.07478501677394,-8.6330107640514],[179.07495900475928,-8.633364150038574],[179.07591285719687,-8.633383052680742]],[[179.07539363533564,-8.63809761813831],[179.07495708895433,-8.637620010515269],[179.07479483296345,-8.637078515252602],[179.07479115619228,-8.636807348227418],[179.07485606424527,-8.635993436016623],[179.07546395566456,-8.634905397171512],[179.07553199039242,-8.634633841939035],[179.075440068625,-8.63436315280536],[179.07523565488586,-8.634123453066023],[179.0746884376422,-8.633717843402392],[179.07441681605195,-8.633878636399201],[179.07414585044924,-8.634159547738035],[179.07354564606382,-8.635186966660562],[179.07348240511425,-8.636000870275497],[179.072994268066,-8.637359447051432],[179.07292136133975,-8.637766622302266]],[[179.08110734452737,-8.643823931605413],[179.0814517487247,-8.64355087389799],[179.08128210955186,-8.64350493939818],[179.08089831561333,-8.643011510065179],[179.0808354448113,-8.642469479964006],[179.08073061605873,-8.642323603129448],[179.08051566115483,-8.642471217331712],[179.0804598992265,-8.64264965107736],[179.08018783814558,-8.642730698654375],[179.08002151264657,-8.642473901489527],[179.07960335835165,-8.642476172357659],[179.07986882825247,-8.64274591674958],[179.08018793675913,-8.642748677972346],[179.08046168150142,-8.64297455169163],[179.08051549275086,-8.643555961898914],[179.0806888842982,-8.643826205666544],[179.08110734452737,-8.643823931605413]]]}},{"type":"Feature","properties":{"year":2021,"certainty":"unstable data"},"geometry":{"type":"MultiLineString","coordinates":[[[179.0972383823924,-8.612956614865956],[179.097325852489,-8.612659971210087]],[[179.0974175613252,-8.61241326988962],[179.0975939928648,-8.611872302279002]],[[179.0975951851401,-8.611869933424357],[179.0988110191713,-8.610215248245922],[179.09989436827382,-8.609024488507295],[179.1000919088088,-8.60846650899005],[179.10032574805047,-8.60805845693633]],[[179.09975403084712,-8.608061579879932],[179.0994823401061,-8.608424005101794]],[[179.0993472057153,-8.608606168020069],[179.09921178176205,-8.608772192473712]],[[179.09911733436593,-8.608878606504504],[179.09894101412036,-8.609082495815564]],[[179.09865475485302,-8.609423498769168],[179.09799374531954,-8.610245009344743],[179.0973630787335,-8.61119324152273],[179.09717927583088,-8.611736611621208],[179.0966455038544,-8.61281509761325],[179.09655057555645,-8.61323155199158]],[[179.09651236155617,-8.613377563227708],[179.09646497420104,-8.613503202693293]],[[179.09896697901002,-8.624879234458044],[179.09902882725174,-8.624997223598708]],[[179.09910886679276,-8.62514964136039],[179.09951099586038,-8.62582539874572],[179.10012795519373,-8.626656363386337]],[[179.10021845270236,-8.626770666891126],[179.10040249778672,-8.6270275422942]],[[179.07891139467282,-8.6262087521396],[179.07924071727555,-8.625529001750458]],[[179.07949870761576,-8.624714044743993],[179.07938881964014,-8.624307860728893],[179.07899591803564,-8.624122175005606],[179.0784512382163,-8.624178002679507],[179.07819457049132,-8.624449923201823]],[[179.07832727027014,-8.626423221448748],[179.078735473117,-8.626324782490377],[179.07891139467282,-8.6262087521396]],[[179.07872844177976,-8.627836861839674],[179.07878751448038,-8.627565355336968],[179.0787333370109,-8.627294462519178],[179.07858513400777,-8.627024079122082],[179.07821729839432,-8.626619292172686]],[[179.0774482846264,-8.62689464367306],[179.07709855007636,-8.627303317347744],[179.0770824310777,-8.627574591292511],[179.07736464044402,-8.627844249788161],[179.07820024441148,-8.628109132791336],[179.07847232841004,-8.628033919563235],[179.07872844177976,-8.627836861839674]],[[179.08700294501125,-8.641215588202565],[179.087127821281,-8.641113786250173]],[[179.08734030127286,-8.640942565088306],[179.08767069542316,-8.640726296591808]],[[179.0877624340499,-8.640669079731765],[179.08794224525812,-8.640553121385581]],[[179.0881456685752,-8.64039580609103],[179.08889187716116,-8.639803462228276],[179.08929944542712,-8.639588298648867]],[[179.08932380491825,-8.639575828547098],[179.09147151870206,-8.638147730707466]],[[179.0917381782892,-8.637935548851802],[179.09296475082107,-8.637146867607743],[179.0937803322615,-8.636799396478485],[179.09500265180657,-8.636088108378097]],[[179.09518275490285,-8.636018444268979],[179.0952745484478,-8.635979096558293]],[[179.09961349730156,-8.632178641648514],[179.0994761961875,-8.63198806169024],[179.09920390595047,-8.63202506016739],[179.09887365116847,-8.632744053075642]],[[179.09879973143404,-8.632851467614737],[179.09867796181362,-8.633016307354985]],[[179.09852928520962,-8.633222247987673],[179.0984800531666,-8.633288573744444]],[[179.09554286405864,-8.635221463693949],[179.0948023378285,-8.635613748336105],[179.09432076886836,-8.6359727191661],[179.09327283819516,-8.63643565666361],[179.0924198797604,-8.637170104837748],[179.09211261762886,-8.637255544430648],[179.09187609964442,-8.637391303604673],[179.0916052125601,-8.637683930552134],[179.09106158166986,-8.637932466501024],[179.09051969888407,-8.638498461406064],[179.08997664944144,-8.638852943376802],[179.08916026362618,-8.63905602894269],[179.088618547195,-8.63965309214333],[179.08807493291994,-8.639905641205383],[179.08698900990873,-8.640648523853375],[179.08664174247647,-8.64081077873736],[179.08536045463907,-8.641824314664138],[179.08440104274186,-8.642314497539576]],[[179.07612289677706,-8.633274708131415],[179.0761900692647,-8.63300315760746],[179.0760452500137,-8.632677629515491],[179.0754981850027,-8.632299531819957],[179.07522548595995,-8.632262924948142],[179.07508953433137,-8.632317433014691]],[[179.07591285719687,-8.633383052680742],[179.07612289677706,-8.633274708131415]],[[179.07494097525418,-8.641145527181678],[179.07526998684548,-8.640401827733239],[179.0758123879441,-8.639925101236674],[179.0759747415832,-8.639512805540566],[179.07587569929615,-8.638699782043494],[179.0757509763483,-8.638429271031766],[179.07539363533564,-8.63809761813831]],[[179.07292136133975,-8.637766622302266],[179.0729088365213,-8.638444658129611],[179.0730228491058,-8.638986415685004],[179.07382966126352,-8.640880358689456],[179.07409207741838,-8.641150124852505],[179.07445740185506,-8.641303302125955],[179.07472991606093,-8.641304877089379],[179.07494097525418,-8.641145527181678]]]}},{"type":"Feature","properties":{"year":2021,"certainty":"good"},"geometry":{"type":"MultiLineString","coordinates":[[[179.1195241335237,-8.428838102284194],[179.1201534713599,-8.428622585425929],[179.1215149570914,-8.428577175248236],[179.1228776662868,-8.428756245914792],[179.12307070990212,-8.428547747204416],[179.12316007753245,-8.428276082286626],[179.12322441958833,-8.427462190036922],[179.12314670069452,-8.427191429123145],[179.12232016200397,-8.426407537105458],[179.12204691856576,-8.426242759311455],[179.12177463668382,-8.426254302717194],[179.1212285854563,-8.426004538111753],[179.12112400991202,-8.426388821357017],[179.12083885374474,-8.426932725896668],[179.12026309281163,-8.427749382462425],[179.11987769523213,-8.4279932163677],[179.11899777968338,-8.428298581004144],[179.11852478417669,-8.428572317079814],[179.11868208997765,-8.428842649878392],[179.11879323364124,-8.428897413116768],[179.11906588991334,-8.428954155623378],[179.1195241335237,-8.428838102284194]],[[179.11755775485784,-8.42803517225728],[179.1176226965657,-8.426950092529298],[179.11741764791273,-8.426352584288255],[179.1171451317866,-8.426321255507359],[179.11632910943044,-8.426507871691062],[179.11578465170808,-8.426550959678684],[179.11556222785566,-8.426690022143715],[179.1153660395687,-8.426962262316588],[179.11533046573922,-8.427233636768346],[179.11549994976735,-8.427503905885539],[179.1163370327757,-8.42796463917716],[179.11715521697124,-8.428174774735346],[179.11742746475178,-8.42815655153447],[179.11755775485784,-8.42803517225728]],[[179.1657897869684,-8.434686877187515],[179.16648895236568,-8.43529969377359],[179.1668972604366,-8.435262528424039]],[[179.16778296529705,-8.436302904857113],[179.16785670039783,-8.43638103291055],[179.16799243436634,-8.436302500425278]],[[179.17362829778088,-8.44182957761031],[179.1731512386296,-8.441018706053416],[179.17243306831017,-8.439395651734012],[179.17194970707536,-8.437785864814208],[179.17153473324288,-8.436960073673172],[179.1713996708595,-8.436828812878128],[179.17112713969743,-8.436795270200523],[179.17058486844766,-8.437227920884345],[179.17031280894795,-8.437278900870792],[179.1694555893322,-8.436971585772735],[179.16922146511374,-8.436926602829788],[179.16880618770094,-8.436975179212824],[179.16882884363426,-8.437246227333969],[179.1697723272421,-8.438032361055031],[179.17054009315987,-8.438863794459103],[179.17128713279016,-8.439402002483785],[179.17196238804505,-8.440054401049649],[179.17249561121608,-8.440751169026944],[179.17304859496008,-8.44129044802523],[179.17323424165195,-8.441560591000231],[179.1733342412101,-8.441863948108631],[179.1736067737256,-8.441897110229064],[179.17362829778088,-8.44182957761031]],[[179.17419902579095,-8.443182273153516],[179.1743936706588,-8.442910020318205],[179.1741553096589,-8.442583476225336],[179.17388287118533,-8.442567195534718],[179.1738850370336,-8.44295412788334],[179.17412303643016,-8.44318269491495],[179.17419902579095,-8.443182273153516]],[[179.17339684383327,-8.540266312155644],[179.17470319571305,-8.5398727155734],[179.17552011445832,-8.539814643371958],[179.17742472437726,-8.539409175608995],[179.1787861216235,-8.539289666869621],[179.18041739790831,-8.538724063835067],[179.18204734554516,-8.537925773189084],[179.1871667176376,-8.533951926305877],[179.19007994632216,-8.53149496185167],[179.1924946467816,-8.529583139097424],[179.192893586401,-8.529121660959404],[179.19350066075478,-8.528763946827404],[179.19641991459966,-8.526507571691738],[179.19831950442943,-8.52524326503695],[179.19940409460887,-8.524366309825522],[179.2007611118399,-8.523495018920347],[179.20130309561048,-8.523003007832715],[179.20198716763167,-8.522207865179077],[179.20229730793392,-8.521663772521768],[179.20276587379888,-8.520576447841579],[179.20279138945588,-8.519491636762684],[179.20266519446798,-8.518407686155557],[179.2022281024586,-8.517054331443362],[179.20153093944128,-8.515214723386308],[179.20085454267175,-8.513808113027695],[179.19973693386993,-8.511102769604005],[179.19943563599972,-8.510562140116662],[179.19904461087853,-8.509479683052485],[179.19862204446358,-8.508668570804758],[179.1976652399375,-8.506068168503957],[179.19723052885135,-8.505151257148459],[179.19687161947246,-8.50406861332796],[179.1962183913231,-8.502716462279945],[179.1960250229373,-8.501904049874295],[179.19555922154518,-8.500550838226658],[179.19548066191592,-8.50000894525901],[179.1952918647426,-8.499467674020126],[179.19517174086488,-8.498689704989022],[179.19499804637834,-8.498113490223426],[179.19450766937095,-8.495404572052907],[179.19391663067756,-8.493509723586946],[179.19302909682366,-8.489853945779457]],[[179.1929789841754,-8.489583059181372],[179.19287917607426,-8.488905699215579],[179.1928886686029,-8.488092139741743],[179.19265782119936,-8.485110582433595],[179.19291132919318,-8.481312794085515],[179.19285421981212,-8.480635193241612]],[[179.192187327785,-8.476772680548025],[179.19214237610836,-8.476571660692462]],[[179.1919094132937,-8.475793942878491],[179.191894860709,-8.475759544067635]],[[179.18833181697565,-8.46928401052046],[179.18832586861612,-8.469271501071388]],[[179.18805680026566,-8.46881459778901],[179.18799722775788,-8.468731002843281]],[[179.18778173665513,-8.468336749440068],[179.18758501140877,-8.467919802330016]],[[179.18750594797734,-8.467730421694748],[179.18736106983653,-8.467378716650067]],[[179.1872296480758,-8.467033397643585],[179.18715974294193,-8.466837504061697]],[[179.18638101931586,-8.46413016219035],[179.1861433968357,-8.463589151297374]],[[179.18612042710745,-8.463530464158131],[179.18556142397313,-8.461965384814933]],[[179.18418689897007,-8.458738992332155],[179.18396077574425,-8.458177943417391]],[[179.18391084737252,-8.45808320784307],[179.182802102263,-8.45587946088968],[179.18240289085207,-8.454797004868498],[179.1816732262089,-8.453445219600201],[179.18109444923937,-8.45209259065297],[179.17926008601913,-8.448577580933417],[179.17854017316628,-8.44745115859938],[179.1782662335668,-8.447167901695435],[179.1779936759766,-8.447130878701984],[179.17786554853444,-8.44722948260282],[179.17776595377705,-8.447501208369708],[179.17800017875183,-8.44828972465789],[179.1788735118164,-8.449393247475037],[179.17979759691912,-8.45101513115913],[179.18098155858405,-8.453991418089663],[179.18193822405797,-8.45561310981554],[179.18264964779968,-8.457236165855882],[179.18353580739227,-8.45885824327164],[179.1839212713868,-8.459933298503374]],[[179.1839713517576,-8.460076078447614],[179.18419741580607,-8.460605172495393]],[[179.18420167052574,-8.460617132842787],[179.1848106014119,-8.462647508283212],[179.18488817648966,-8.46318941539582],[179.18580095049782,-8.465353673110343],[179.18655298689382,-8.467785077929852],[179.1875025134205,-8.469411698567269],[179.18765380896676,-8.469797407150843],[179.18807137500968,-8.470222021083782],[179.18833932054287,-8.470611335457926]],[[179.18834945213567,-8.470627217404754],[179.1886137026577,-8.470968144781148]],[[179.188802248573,-8.47116701881483],[179.18888766796172,-8.471251157801563]],[[179.18940060905476,-8.47170600314335],[179.189435177647,-8.471742563962563]],[[179.18963750538407,-8.471975844115606],[179.18970937033927,-8.472065561246213]],[[179.18979648213096,-8.472246121909205],[179.19013992420656,-8.473057703481594]],[[179.19047388980425,-8.473869337543123],[179.19053770744114,-8.474051311078554]],[[179.19060314974752,-8.47441095066315],[179.19111331452225,-8.476441855721426],[179.19123727767675,-8.4773444036636],[179.19145408432732,-8.478066956568648],[179.19152044218902,-8.479151260000155],[179.19170358595545,-8.47996373809195],[179.19182259516336,-8.48321709682117],[179.19172431814275,-8.485929338581972],[179.19192871079377,-8.487148449242017]],[[179.192495379678,-8.490399286916407],[179.19266126072282,-8.491618612513026],[179.19293123076488,-8.49243059874507],[179.19314748572336,-8.493785224112314],[179.1937308436516,-8.495408949378616],[179.1941783609404,-8.49730460642457],[179.19423230663003,-8.497846639054384],[179.1945547683904,-8.49865832612039],[179.19461429433514,-8.499200327022676],[179.19488366216564,-8.500283480884981],[179.19509533696692,-8.500824623296792],[179.19534639679424,-8.502179047524752],[179.19565783512326,-8.502719626211793],[179.1962963229203,-8.50484379251962],[179.19647839485458,-8.50515550535097],[179.19711092217375,-8.507050106980106],[179.1975404353015,-8.507861182902198],[179.19795501104895,-8.509115903990871],[179.1983430037849,-8.510025986108602],[179.19847256195177,-8.5121945929447],[179.19876457795326,-8.513006443046855],[179.19893666471438,-8.513276636647285],[179.1990623018751,-8.513818260290616],[179.19895981831678,-8.514903509550134],[179.19867490351072,-8.51571862410494],[179.19832530406055,-8.51653410479734],[179.19786660363596,-8.517079035419181],[179.19784929658942,-8.517350300828523],[179.1976060050555,-8.517894012478136],[179.19692040658848,-8.518748597237746],[179.19654791936878,-8.519527004175877],[179.1958403673436,-8.520422130535021],[179.19471220131632,-8.522249063710667],[179.1944853078443,-8.522521514433542],[179.19394747824376,-8.52285983502004],[179.19375458772808,-8.523067980964049],[179.1929899257379,-8.52442814313089],[179.19270841521111,-8.524700902034153],[179.19278504260126,-8.524971637346127],[179.1930052126479,-8.525241561449773],[179.19300073870087,-8.525512754960669],[179.19216185938637,-8.527144505050648],[179.19161951637676,-8.527961074377878],[179.19119344821982,-8.528776986688229],[179.19005991345531,-8.53013923161237],[179.18879366030845,-8.53123105536207],[179.18827787448868,-8.531788239391974],[179.1866509300746,-8.533106768253445],[179.1842121162317,-8.535370282663816],[179.18251343273138,-8.53668985033542],[179.18149920336182,-8.53734220328076],[179.1798698650794,-8.53824774394826],[179.1793262642017,-8.538463942821446],[179.17823739716448,-8.538603226350105],[179.17741970582063,-8.53852429679433],[179.17633067030363,-8.538634243215906],[179.1752426818096,-8.538929232782708],[179.1722593504235,-8.540272692058066],[179.1725274554028,-8.540506932212383],[179.17339684383327,-8.540266312155644]],[[179.1595452744922,-8.549563683447921],[179.16058863562088,-8.548953768067367],[179.16194721709869,-8.548325385372014],[179.1641186931599,-8.546922414152911],[179.16493201862616,-8.546223808188305],[179.1651997863722,-8.545735669352338],[179.16519968843124,-8.545381808210292],[179.1649266876701,-8.545279179286245],[179.16438501528114,-8.54584119477649],[179.16357083338713,-8.5463880758892],[179.16221237750688,-8.547036938822957],[179.16112694505125,-8.547793164239577],[179.15949980846142,-8.549108776354306],[179.15838421971645,-8.549570160742386],[179.15868628858874,-8.549775965084581],[179.1589587186802,-8.54977672424562],[179.1595452744922,-8.549563683447921]],[[179.14179664391617,-8.560238210612418],[179.14429988997907,-8.559111767762158],[179.14511573420594,-8.558850996399688],[179.14593216232993,-8.55869471259188],[179.14729103548677,-8.558106361191573],[179.14837668522182,-8.557377997413443],[179.14947138571412,-8.556399153064177],[179.14992302402388,-8.5558542917471],[179.15001928363796,-8.55558258130391],[179.14999914572988,-8.555215155434519],[179.14972604555993,-8.555095916123397],[179.14918423143592,-8.555639408378573],[179.14701002967973,-8.556576840450537],[179.14592336599856,-8.55712448306166],[179.1451090539246,-8.557658097218122],[179.14456481776196,-8.557770902341005],[179.14375000650617,-8.55821599014887],[179.14293413046923,-8.558471144237227],[179.14130485720048,-8.559425617654101],[179.14102321769087,-8.559700141925369],[179.14103638280162,-8.560134212800905],[179.1413103810172,-8.560413565896658],[179.14179664391617,-8.560238210612418]],[[179.13112788636323,-8.56599192672828],[179.13316618881043,-8.565604031022126],[179.13425569777678,-8.565558007294106],[179.13507145896284,-8.565277926542588],[179.13534299473596,-8.565115688334275],[179.1358264948642,-8.564610087694119],[179.13608232383913,-8.564337495734458],[179.13622212442877,-8.564065545233975],[179.1361533473411,-8.563866841300518],[179.1345228033321,-8.564601254677992],[179.13316146964843,-8.564757300336383],[179.13180103011226,-8.565074288726453],[179.13112121696952,-8.565306036134809]],[[179.13109956663723,-8.56531413699855],[179.1305777938483,-8.565568348176374]],[[179.13054583792098,-8.565588369766932],[179.13031542384925,-8.56572522976189],[179.1301083192027,-8.565997550398652],[179.13017185927492,-8.566058530896603],[179.1304444974942,-8.566093723182092],[179.13112788636323,-8.56599192672828]],[[179.11913509652817,-8.576905119166288],[179.11921252146072,-8.576633513619445],[179.1190595252988,-8.576498240014928],[179.11878759034528,-8.576591459695145],[179.1187129920121,-8.576907437455736],[179.11879046950475,-8.57711083936659],[179.11913509652817,-8.576905119166288]],[[179.1182629101272,-8.577723450141075],[179.11861293620578,-8.577450347632768],[179.11851931579886,-8.577345093682451],[179.11840973074698,-8.577451463532293],[179.1182629101272,-8.577723450141075]],[[179.11382413312435,-8.583713782636357],[179.11555512739213,-8.583266923983386],[179.11637066410114,-8.582935880509222],[179.1171843780311,-8.582276306490604],[179.11749191125963,-8.581795390669031],[179.11787690136237,-8.580166193673044],[179.11833904551585,-8.579078934021585],[179.11832028854644,-8.578536676259587],[179.1182526923513,-8.578396734001116],[179.1179795906476,-8.57827972207234],[179.1178355269392,-8.579081699041025],[179.11731131239463,-8.580169299203313],[179.11694275696266,-8.58071368361755],[179.11581823770368,-8.581579581772134],[179.1152746776183,-8.58182368535935],[179.11473017426826,-8.5818975594094],[179.11445841116034,-8.582022784048094],[179.1141874183374,-8.582287215598035],[179.11410635634496,-8.582627510870456],[179.11419031816217,-8.582898231511434],[179.11392009774826,-8.583215213745431],[179.11364756594557,-8.5832017627939],[179.11337578453322,-8.58332392591886],[179.11331083927686,-8.583445415616024],[179.11337730673964,-8.58359900964082],[179.11353218328154,-8.583715383345822],[179.11382413312435,-8.583713782636357]],[[179.1166401536685,-8.582400455723024],[179.11636694552286,-8.582264764688766],[179.1162766775083,-8.582073242947043],[179.1163648711793,-8.581890370846631],[179.11663637969866,-8.5817193862739],[179.11680946846002,-8.581799137723658],[179.11687905556315,-8.582069936293127],[179.1166401536685,-8.582400455723024]]]}},{"type":"Feature","properties":{"year":2021,"certainty":"unstable data"},"geometry":{"type":"MultiLineString","coordinates":[[[179.16728371110787,-8.435085383327669],[179.16764683890042,-8.434812202255722],[179.1677432679401,-8.434540495470339],[179.1676811435068,-8.433998491511423],[179.16794280114888,-8.433454697691523],[179.1678385605996,-8.433128165161287],[179.16756632437583,-8.433147103253598],[179.16702392742573,-8.433557405455643],[179.16675183464537,-8.43360216831476],[179.16620604320732,-8.433403522923674],[179.16593476575343,-8.43359466666883],[179.16562786374402,-8.434281010455317],[179.16567517247555,-8.434551923220258],[179.1657897869684,-8.434686877187515]],[[179.1668972604366,-8.435262528424039],[179.16728371110787,-8.435085383327669]],[[179.1681443899124,-8.436165319360214],[179.16785418512893,-8.435930067108254],[179.16765566660897,-8.436168021905779],[179.16778296529705,-8.436302904857113]],[[179.16799243436634,-8.436302500425278],[179.1681443899124,-8.436165319360214]],[[179.19302909682366,-8.489853945779457],[179.1929789841754,-8.489583059181372]],[[179.19285421981212,-8.480635193241612],[179.1926048610854,-8.478356807673604],[179.192187327785,-8.476772680548025]],[[179.19214237610836,-8.476571660692462],[179.1919094132937,-8.475793942878491]],[[179.191894860709,-8.475759544067635],[179.19159098600946,-8.474812158936766],[179.19120497484926,-8.474000818820445],[179.19044962704788,-8.472649211890069],[179.19002563403947,-8.472109251863749],[179.18984360771637,-8.471721769508349],[179.18874500209506,-8.47010461107386],[179.18833181697565,-8.46928401052046]],[[179.18832586861612,-8.469271501071388],[179.18805680026566,-8.46881459778901]],[[179.18799722775788,-8.468731002843281],[179.18778173665513,-8.468336749440068]],[[179.18758501140877,-8.467919802330016],[179.18750594797734,-8.467730421694748]],[[179.18736106983653,-8.467378716650067],[179.1872296480758,-8.467033397643585]],[[179.18715974294193,-8.466837504061697],[179.18669412504195,-8.46534867546275],[179.18655965677272,-8.464535917794874],[179.18638101931586,-8.46413016219035]],[[179.1861433968357,-8.463589151297374],[179.18612042710745,-8.463530464158131]],[[179.18556142397313,-8.461965384814933],[179.18487611551865,-8.460215696361201],[179.18418689897007,-8.458738992332155]],[[179.18396077574425,-8.458177943417391],[179.18391084737252,-8.45808320784307]],[[179.1839212713868,-8.459933298503374],[179.1839713517576,-8.460076078447614]],[[179.18419741580607,-8.460605172495393],[179.18420167052574,-8.460617132842787]],[[179.18833932054287,-8.470611335457926],[179.18834945213567,-8.470627217404754]],[[179.1886137026577,-8.470968144781148],[179.188802248573,-8.47116701881483]],[[179.18888766796172,-8.471251157801563],[179.18940060905476,-8.47170600314335]],[[179.189435177647,-8.471742563962563],[179.18963750538407,-8.471975844115606]],[[179.18970937033927,-8.472065561246213],[179.18979648213096,-8.472246121909205]],[[179.19013992420656,-8.473057703481594],[179.19047388980425,-8.473869337543123]],[[179.19053770744114,-8.474051311078554],[179.19060314974752,-8.47441095066315]],[[179.19192871079377,-8.487148449242017],[179.19206924019292,-8.48836791865109],[179.192495379678,-8.490399286916407]],[[179.13112121696952,-8.565306036134809],[179.13109956663723,-8.56531413699855]],[[179.1305777938483,-8.565568348176374],[179.13054583792098,-8.565588369766932]]]}},{"type":"Feature","properties":{"year":2021,"certainty":"insufficient data"},"geometry":{"type":"LineString","coordinates":[[179.10329662191663,-8.63298168411285],[179.10358265033275,-8.632582653506116],[179.10366537787746,-8.632039835201216],[179.10328703686284,-8.631251181441746]]}},{"type":"Feature","properties":{"year":2022,"certainty":"good"},"geometry":{"type":"MultiLineString","coordinates":[[[179.08047581587797,-8.465115131941241],[179.08066204512605,-8.464842952311855],[179.08154273409875,-8.462939946600725],[179.08156692996002,-8.46212625395489],[179.08140753645228,-8.461584726805821],[179.0812458198812,-8.461314399838628],[179.08083634769574,-8.461026009313624],[179.07912820604082,-8.460512103073123],[179.07865444973612,-8.460487728400528],[179.07835337249506,-8.460787411366377],[179.07838130761542,-8.461058451331956],[179.07866723788533,-8.461870496361453],[179.07915227071896,-8.462952670138026],[179.07961559054067,-8.463763769928134],[179.08002017537808,-8.46511755763156],[179.0803142590977,-8.465246914160799],[179.08047581587797,-8.465115131941241]],[[179.07410571167614,-8.468945643747054],[179.0740693082079,-8.468940716210177],[179.07406689098895,-8.46894584989425],[179.0740693512038,-8.468948742249173],[179.07410571167614,-8.468945643747054]],[[179.062204760076,-8.490975123814636],[179.0622657566346,-8.490703610177578],[179.06219910823148,-8.490446126320203],[179.06192275583942,-8.490163043905513],[179.06165255390323,-8.490117535505458],[179.06001874993868,-8.490229282564185],[179.0597468272145,-8.490318812779574],[179.0596074025636,-8.490446480868385],[179.05959549619632,-8.490717735017991],[179.0597494072991,-8.490802535269763],[179.06084060864612,-8.49110215134187],[179.06165823179765,-8.491181048330507],[179.06193037539796,-8.491132919191992],[179.062204760076,-8.490975123814636]],[[179.0369955214201,-8.51226093531481],[179.03752453358504,-8.51202786500678],[179.03786232287763,-8.5117140023894],[179.03805159367224,-8.511170621059902],[179.0379942376389,-8.51062853280911],[179.03860474358058,-8.510238944079974],[179.03872164886764,-8.510082329801925],[179.0385284555422,-8.509812148490422],[179.03832945649094,-8.509696622994271],[179.03805710533155,-8.509709178403154],[179.0375138810617,-8.510013815043681],[179.0364285703778,-8.510838899269457],[179.03619459260247,-8.511180353145553],[179.0361028867052,-8.511723223095759],[179.03616510440986,-8.511994091937153],[179.03643602934122,-8.512249814881338],[179.0369955214201,-8.51226093531481]],[[179.0704887985491,-8.598321938930441],[179.07085643386588,-8.59804877298701],[179.07094297649815,-8.597777119304604],[179.07083413707662,-8.597506516824213],[179.07067565378634,-8.597378639557624],[179.06985944370882,-8.597602313404627],[179.06962343089293,-8.59778421673009],[179.06968689172797,-8.598055063747795],[179.06986274837396,-8.598211038396299],[179.07013591422924,-8.598338197484017],[179.0704887985491,-8.598321938930441]],[[179.10078946473647,-8.605479684923713],[179.10070889837,-8.60385302686756],[179.10052446543543,-8.603040484894223],[179.10044028754334,-8.60222739525412],[179.10035260365913,-8.600058408949753],[179.10046237087778,-8.59951544353848],[179.10042941577333,-8.598430890842055],[179.1003804059125,-8.598336851840365],[179.10010773871556,-8.598301137158066],[179.09995298448345,-8.599247040334404],[179.09973350222398,-8.599790604435325],[179.09964239830742,-8.601147017814244],[179.09969034043323,-8.602231489119022],[179.0998122304755,-8.603044373440513],[179.10028326030778,-8.604940083678976],[179.10032525370787,-8.605482220515134],[179.10042072911028,-8.605652828951769],[179.1006933136313,-8.605672570037262],[179.10078946473647,-8.605479684923713]],[[179.10362778515284,-8.632311223660144],[179.10364340973433,-8.632039955731134],[179.10343041551613,-8.631498759790727],[179.10327002255565,-8.630686092786469],[179.10342093157732,-8.629871718273975],[179.10340165809407,-8.62960064170962],[179.1030512867138,-8.6287890161208],[179.1026081365647,-8.628249080819035],[179.10205508454774,-8.627167381895653],[179.10154788376315,-8.626627795485732],[179.10034141728778,-8.62446493963651],[179.09942850531073,-8.623357593233084],[179.09802949125114,-8.621223387439246],[179.09714768259656,-8.619329921713634],[179.09685019778348,-8.61824681240238],[179.09671585181945,-8.616891628275079],[179.09677493784162,-8.614993020889687],[179.0971021583452,-8.61336413365498],[179.09735442946942,-8.61254920621894],[179.0975494428289,-8.612005774832799],[179.09847264196688,-8.610644818000582],[179.09992213756263,-8.60900980259272],[179.1005625269951,-8.607650388788986],[179.10043063290902,-8.607448721968755],[179.10015841226772,-8.607495206443673],[179.09934718193145,-8.60862003513216],[179.09799400915188,-8.610292885552274],[179.0974537716709,-8.611149833503154],[179.09665114698626,-8.612824227809101],[179.0962762618502,-8.614182191478452],[179.0962806674654,-8.614995718373777],[179.09606725352018,-8.615810433896199],[179.0960773700976,-8.617166296968628],[179.09621735442872,-8.617707900196224],[179.09629965261536,-8.618521001769452],[179.09691709745937,-8.620687098413631],[179.0975903120396,-8.622039337432872],[179.0978284399774,-8.622851585957083],[179.09944153860405,-8.625717077794832],[179.0999755158484,-8.626365222415851],[179.10066639591034,-8.627446171326012],[179.1007342279971,-8.627716982618438],[179.10049922635864,-8.628531817813384],[179.10044626585443,-8.629074473384685],[179.1002798397817,-8.629485301104033],[179.0999512096069,-8.629890732733964],[179.09990862061204,-8.630162148782981],[179.10028411997544,-8.630259367691309],[179.10082886664415,-8.630215982804003],[179.1016480514987,-8.630524171313004],[179.1018758539366,-8.630693736905817],[179.1019432762607,-8.63123573235198],[179.10217017167514,-8.631505670989082],[179.10301758754898,-8.631800912025824],[179.10327319421464,-8.632041986758013],[179.10356656284955,-8.6325207004721],[179.10362778515284,-8.632311223660144]],[[179.07894263673055,-8.621869600370358],[179.07925523448193,-8.62171322585096],[179.0793130642854,-8.621596407629621],[179.0787090024975,-8.621484515696343],[179.07835926193877,-8.621601572883003],[179.0783274019017,-8.621872931913108],[179.0784390202583,-8.621943376207913],[179.07894263673055,-8.621869600370358]],[[179.07881108282086,-8.626209295659901],[179.0790064274063,-8.626043334110303],[179.07927641014157,-8.625584389875167],[179.07953294243705,-8.624849452371318],[179.07951400816154,-8.624578368677392],[179.0793867172456,-8.624307872120763],[179.07899570583896,-8.62408337994247],[179.07872300466127,-8.62404522303713],[179.07845102105327,-8.624138289486657],[179.07818003948773,-8.624414654228236],[179.07803227290583,-8.624857581911641],[179.07792055215944,-8.625671746576364],[179.077981222195,-8.62594260455392],[179.07819015591758,-8.626264652918135],[179.07846301622803,-8.626331595392928],[179.07881108282086,-8.626209295659901]],[[179.07874404189423,-8.62783677730311],[179.0787395938071,-8.627294428615842],[179.07857703325075,-8.627024123012559],[179.07819265853576,-8.626722244924329],[179.0779202027224,-8.626729324683309],[179.07737665694148,-8.626993340170028],[179.07708924320593,-8.627303367738499],[179.07705607632118,-8.627574733989334],[179.0771079729868,-8.627690441049372],[179.077381668856,-8.627910000466864],[179.07820018965765,-8.628099123257222],[179.07847247918153,-8.62806147864631],[179.07874404189423,-8.62783677730311]],[[179.07582412214344,-8.64005599515154],[179.0760286721391,-8.639783699989547],[179.07612083643664,-8.639512013844607],[179.07593606487384,-8.638699454971349],[179.0757934152217,-8.638429041111706],[179.07515163814992,-8.63789014383424],[179.07486587767602,-8.637349317505151],[179.07482449603106,-8.637078354646643],[179.07491117329147,-8.63599313766315],[179.0755249586745,-8.634905066851886],[179.07558774643013,-8.634633540030444],[179.07554882594002,-8.634362563941162],[179.07496062483554,-8.633660590187063],[179.07469374804427,-8.63355363195558],[179.0749596381639,-8.633480051128926],[179.07577709872362,-8.63347292846904],[179.07611912096394,-8.63327472857916],[179.07623038481879,-8.633002939277723],[179.07615358652487,-8.632732168419254],[179.07604491497645,-8.632616350528362],[179.0754978066643,-8.632230311596846],[179.0752249764282,-8.632169688985213],[179.07495305852626,-8.632276022873372],[179.0746824129461,-8.632615258947554],[179.07463352412879,-8.632740396862005],[179.07471421571364,-8.633282334197922],[179.07468554329958,-8.633553676358726],[179.07441579781567,-8.633692277532763],[179.07407658828723,-8.634099345640314],[179.073593337028,-8.635186708654683],[179.07347815313437,-8.636000893279626],[179.07297679688196,-8.637359541566115],[179.07281870374504,-8.63844514575585],[179.07317407020736,-8.639799158929327],[179.0735545539481,-8.640339473864266],[179.07377473068524,-8.640880656084617],[179.07399285239427,-8.64115066213717],[179.07418469204225,-8.641265962332813],[179.07473034565308,-8.641383419832101],[179.07500168629818,-8.641170455538646],[179.07527073380854,-8.640538374154191],[179.07581316550076,-8.640067210974182]],[[179.0812340881177,-8.643823242745649],[179.08155508951134,-8.643591278969659],[179.082917924693,-8.64364686761736],[179.0837339437783,-8.643374167309625],[179.08563535202026,-8.642259544921114],[179.08726369839025,-8.641045712444264],[179.08780718915014,-8.640770309326056],[179.08862120493347,-8.640135856945648],[179.0897295192901,-8.639438023441123],[179.09160719566643,-8.63804372293175],[179.09459496622898,-8.63628057313978],[179.09758522351459,-8.634973133482099],[179.09948969569788,-8.634429399234497],[179.10085143454992,-8.63429512514003],[179.1016675547736,-8.634047997113862],[179.1020429633545,-8.633675828083573],[179.10258014101282,-8.633401699796506],[179.10267544810787,-8.633129994712132],[179.10262195446148,-8.632859105742275],[179.10240017827564,-8.632589139581818],[179.10193104593827,-8.632421442052241],[179.10174818520227,-8.632592714323952],[179.1018321706577,-8.633134618903147],[179.1017859800222,-8.633406054638888],[179.1016645529037,-8.633505720495894],[179.10139239576236,-8.633566851727506],[179.10111978012674,-8.633545157959821],[179.10057369200428,-8.63334690419908],[179.10030112239167,-8.63333351735814],[179.1000277765674,-8.633179797373995],[179.09947661523677,-8.632063856015325],[179.09920404585608,-8.632050368442718],[179.09899121735998,-8.632607817951834],[179.09840088281285,-8.633424598633086],[179.09785227669823,-8.63398798838207],[179.0970382133395,-8.634608249656168],[179.09540692583175,-8.635277738154747],[179.09480041967623,-8.635613758820075],[179.09432090339692,-8.635997100231387],[179.09333376265033,-8.636435323878963],[179.09241964018312,-8.637126651900495],[179.09187603348235,-8.637379300779724],[179.0916049603397,-8.63763816942038],[179.09106116888333,-8.637857555922954],[179.08997643323406,-8.638813691016173],[179.0891601629098,-8.639037737226257],[179.08861822697156,-8.639594923276958],[179.0874656518326,-8.64026391999851],[179.08536020755125,-8.641779372263514],[179.08373017996144,-8.642689136407883],[179.0826442106022,-8.643426873564483],[179.081554748152,-8.643529088919161],[179.0812818574482,-8.643459003809955],[179.08110706306894,-8.643281561517725],[179.08084910629566,-8.642740591598889],[179.080893451508,-8.642197978929142],[179.08072962974876,-8.642143814386197],[179.08063952948984,-8.642199358492364],[179.08046204004344,-8.643039910739299],[179.08046175723302,-8.643556253850436],[179.08073933987728,-8.643913648563933],[179.08101186192235,-8.643916494125605],[179.0812340881177,-8.643823242745649]],[[179.08006672517902,-8.642744841918951],[179.0800049110994,-8.642473991656159],[179.07964113006085,-8.642421283726561],[179.079562215809,-8.642476395765565],[179.07982598068438,-8.64274614945261],[179.08006672517902,-8.642744841918951]]]}},{"type":"Feature","properties":{"year":2022,"certainty":"good"},"geometry":{"type":"MultiLineString","coordinates":[[[179.1205587605558,-8.427341012137797],[179.12014930318807,-8.427857709146172],[179.11892627734977,-8.42832275910504]],[[179.11873600056177,-8.428435585600624],[179.11850669779216,-8.428572414728178],[179.11852063079363,-8.428850474523351],[179.11933789135904,-8.428890692474754],[179.11988167544766,-8.428723685199795],[179.12069810217469,-8.428611088899014],[179.12178756357324,-8.428624843668729],[179.12260532491607,-8.428757175528487],[179.1228772188053,-8.428674241496143],[179.1231496198679,-8.428276138869366],[179.12324849079994,-8.427733241172868],[179.12325574880322,-8.427462020534644],[179.123087230746,-8.427056160146922]],[[179.11673694708796,-8.426382636372006],[179.11578450051638,-8.426523152375378],[179.1155132687598,-8.426728123500927],[179.11538239590269,-8.426962174156184],[179.11535352658058,-8.427233512468751],[179.11550772666075,-8.427503863963011],[179.11606394585257,-8.42782859143988],[179.1165101490079,-8.428040823972546],[179.1170188785754,-8.428144469967656]],[[179.16726384855016,-8.43508549311836],[179.16761473958914,-8.434812379708996],[179.16770825417817,-8.434540689037886],[179.16768757521655,-8.43399845595772],[179.16791875811487,-8.43345483060527],[179.1678388170231,-8.433174156643558],[179.16756681847238,-8.433235733883322],[179.1670241693742,-8.433600814816797],[179.1667519282305,-8.433618961011403],[179.1662062474813,-8.433440187443447],[179.16593525691582,-8.433682832658699],[179.16582116520067,-8.434008768818181],[179.1658249860514,-8.434551095756273],[179.16595743282042,-8.434821538159511],[179.16621506102572,-8.435021946374992],[179.16648843577303,-8.435207004666603],[179.1667610914534,-8.435263020202603],[179.16726384855016,-8.43508549311836]],[[179.16801806480936,-8.436166017972024],[179.16785455172231,-8.435995795663356],[179.16773591566596,-8.436167578185772],[179.1678562175884,-8.436294471327045],[179.16801806480936,-8.436166017972024]],[[179.17313158222456,-8.441018815073427],[179.1725567278636,-8.439666139011214],[179.1719497210991,-8.437788373916009],[179.1715205059633,-8.436960152486256],[179.1713998609525,-8.436862836387895],[179.17112756439522,-8.436871293753988],[179.1705852109288,-8.437289239337575],[179.17031318671877,-8.437346545702],[179.1693971464749,-8.436971909208177],[179.16922146781596,-8.436927086965921],[179.16889111895168,-8.43697470930999],[179.16891859105112,-8.437245730763289],[179.16977223497872,-8.43801583737996],[179.17032035737245,-8.438630438884536],[179.1716881577613,-8.439717304371104],[179.17305817738517,-8.441199577796763],[179.17313158222456,-8.441018815073427]],[[179.1736389751481,-8.441829518371648],[179.17360592490604,-8.441745430710334],[179.17333132859275,-8.441343399746712],[179.17327585786936,-8.441560360158402],[179.17333381329288,-8.44178747203618],[179.1736068715951,-8.441914598803432],[179.1736389751481,-8.441829518371648]],[[179.1744099018885,-8.442909930223346],[179.17415517554974,-8.442559519856971],[179.1740442994564,-8.442640786913485],[179.17401593078088,-8.44291211685317],[179.17415823199755,-8.443105485986154],[179.1744099018885,-8.442909930223346]],[[179.17336636375026,-8.540266483153976],[179.1747031737275,-8.539868834611353],[179.17715252844806,-8.539447847551248],[179.17905807313502,-8.539208030806419],[179.1804175850797,-8.538757021658512],[179.18204764796477,-8.537978989505874],[179.18328072957783,-8.536956698347742],[179.18695390693605,-8.53422429604656],[179.19018289340642,-8.531466250817147],[179.19567668378753,-8.527124629470027],[179.198319840808,-8.525302107204425],[179.1998034692264,-8.524118415354929],[179.20049007115895,-8.52373258854399],[179.20130372316288,-8.523112664543342],[179.20164661874048,-8.522752130268525],[179.20221822821202,-8.521935387781653],[179.20272907931925,-8.520847823171138],[179.20292517024455,-8.520304377509108],[179.20294983631672,-8.520033071012469],[179.2027900149541,-8.518678144786756],[179.20242698887847,-8.517324370440386],[179.20204981876813,-8.516513008724072],[179.20156065663753,-8.515159947205566],[179.20091595774187,-8.513807765163005],[179.20042572450268,-8.512477873954753],[179.1995273573169,-8.510561621116299],[179.19721928419614,-8.50488015293842],[179.19684539306078,-8.50379759363092],[179.19644352081443,-8.502986359254601],[179.19589756115016,-8.501362433236428],[179.19538236319485,-8.49946716355156],[179.19531716162288,-8.498925195063572],[179.1948550448182,-8.49702962363085],[179.1945811107384,-8.495404158138896],[179.19365700693857,-8.49242651200785],[179.19300090314903,-8.48971852014194],[179.19286309314603,-8.48836345234695],[179.19272877422452,-8.485381352102406],[179.19284729933796,-8.48266899794708],[179.1928193375894,-8.481855648874815],[179.19291681980158,-8.481041594446825],[179.1926247198655,-8.478331548334832],[179.1920566594633,-8.47616538875278],[179.19145758089337,-8.47454173890559],[179.1906681273511,-8.473033335799148],[179.18874519445748,-8.470138631462605],[179.1877538310647,-8.468325611558576],[179.18700651283174,-8.46643160696321],[179.18660978782813,-8.464806807336473],[179.18554111090108,-8.461829913254121],[179.18406508008266,-8.458312946161639],[179.18307131715102,-8.45642030000157],[179.18241243731606,-8.45479695161087],[179.18167930759776,-8.453445185690109],[179.18129225499692,-8.452536059556248],[179.1802351393479,-8.450470351275483],[179.17908982068388,-8.448332408324307],[179.17854020338362,-8.447456542392612],[179.17826638829948,-8.447195474621235],[179.1779942098218,-8.44722602034536],[179.17783902400623,-8.447500801928644],[179.17793879052138,-8.448042590505201],[179.17827323880394,-8.448583073221405],[179.17891546774655,-8.449393013934223],[179.179972723628,-8.451285327093647],[179.18071058853167,-8.453179414898527],[179.18255960478888,-8.45669432665995],[179.18328873747015,-8.458317281478143],[179.1836013296759,-8.458857877372074],[179.18446022452497,-8.461293614386568],[179.18511845028954,-8.463730468649658],[179.18554798636941,-8.46454157744215],[179.18627562718527,-8.466900075502577],[179.18671408883907,-8.468060263920577],[179.18779275806187,-8.469952412333253],[179.1882016026286,-8.47033969693166],[179.18875045688267,-8.471069266434213],[179.1894132804398,-8.471570347342775],[179.1899886385294,-8.47238062876732],[179.1901224471786,-8.472865784225306],[179.1905173219166,-8.473733509177563],[179.19104680942056,-8.475899890836159],[179.1912360426257,-8.477126412280931],[179.19164046878487,-8.478879416686656],[179.19191250489817,-8.482945422495778],[179.19175476106844,-8.485929167411223],[179.19197331437644,-8.487012613960655],[179.19205097269827,-8.488096852572923],[179.19264776288037,-8.491347519796667],[179.1928255526167,-8.49188885638532],[179.19334660586878,-8.494326439825029],[179.19364989154093,-8.49513823697384],[179.19393427552967,-8.496221308459516],[179.19428547063993,-8.49811750770727],[179.19454421431575,-8.498658385625184],[179.19455838254004,-8.499200642283027],[179.19499135734642,-8.500554041646657],[179.19533260287628,-8.502179125355346],[179.1955215574059,-8.502449227220081],[179.19595842540897,-8.503531433625403],[179.19620893793484,-8.504614691121738],[179.19646243846518,-8.505155595460081],[179.19712095331062,-8.507050050303238],[179.19753211488273,-8.507861229926696],[179.1983799308501,-8.510025777277972],[179.1984648879865,-8.51056763171827],[179.19851675231638,-8.512087822923878],[179.19872807853696,-8.512735482189521],[179.19899918405693,-8.513276282858046],[179.1991379260891,-8.51381783229036],[179.1989352659959,-8.515174815827036],[179.19838201036697,-8.516533783874008],[179.1979993780401,-8.51688951901348],[179.19788859644655,-8.517078910972451],[179.19780541889642,-8.51762171659568],[179.19696203594359,-8.518711158603526],[179.19675637383716,-8.519254657318932],[179.19572513571373,-8.52061632877983],[179.19489753312402,-8.521976847922687],[179.1944693927819,-8.522521604405494],[179.19379594201243,-8.523067747237953],[179.19304431427767,-8.524427835796576],[179.19274648110326,-8.524700686956283],[179.19278772469303,-8.524971622191039],[179.19302351327656,-8.52524145802863],[179.1930368000471,-8.525512551162855],[179.19219676543457,-8.527144307820889],[179.19071629234662,-8.529463634837667],[179.18936176422167,-8.530780495604667],[179.1887820322638,-8.531231120992798],[179.18800683219555,-8.532028065676085],[179.18719282147728,-8.532592652467692],[179.18556689930156,-8.534092189335428],[179.1847544837668,-8.534938726258213],[179.18285635185566,-8.5364773393884],[179.18204229490334,-8.537036968535498],[179.17959828692616,-8.538394983680798],[179.17850968780593,-8.538581401173564],[179.1771475252077,-8.538565563114716],[179.17551482807127,-8.538881765752224],[179.1749709330072,-8.53904687905173],[179.17388443724974,-8.539606027364043],[179.1722981896226,-8.540272474274227],[179.17252718543878,-8.540459233030946],[179.17336636375026,-8.540266483153976]],[[179.1720727757758,-8.540544909868927],[179.17198270583975,-8.540521818029003],[179.1719347769673,-8.540545683598387],[179.1719828897912,-8.54055432783329],[179.1720727757758,-8.540544909868927]],[[179.1590394917425,-8.549837679352192],[179.1600463215366,-8.54940394892212],[179.16194713019982,-8.548309970602581],[179.16439024624805,-8.5467682771912],[179.1649325401071,-8.546316207175536],[179.16514064478517,-8.546007172908421],[179.16526966432474,-8.54573527855378],[179.1652731949823,-8.54546408601607],[179.16519931758174,-8.54531609989712],[179.1649269393347,-8.545323775916032],[179.16438506168447,-8.545849419284252],[179.16357091412348,-8.546402390019214],[179.16221245743105,-8.547051116773146],[179.1613464100168,-8.547655414359495],[179.15949989375528,-8.549123922139737],[179.15826629520976,-8.54957081842505],[179.15823634618815,-8.54984215940185],[179.1586869647731,-8.549896071407666],[179.1590394917425,-8.549837679352192]],[[179.14198102431726,-8.560237188898968],[179.14434820566345,-8.559139358912653],[179.1453878887174,-8.558800987890814],[179.14620424560462,-8.558632053342746],[179.1472912613527,-8.55814665376573],[179.14810575136124,-8.557645358858167],[179.1489196368989,-8.557036726261265],[179.14981021601002,-8.556126094193145],[179.15009518149284,-8.555582159345716],[179.14999835930334,-8.55507499084935],[179.14972629960292,-8.555141200022206],[179.14918437524278,-8.555665047214877],[179.14701012983517,-8.556594712943307],[179.1459234983979,-8.557148119833371],[179.14538082778142,-8.557540262562648],[179.14510910664026,-8.557667511336973],[179.14456483505532,-8.557773991386245],[179.14375020063744,-8.558250678348909],[179.14293422947512,-8.558488841253396],[179.14134390399272,-8.559427188867852],[179.14104780058196,-8.559700005765963],[179.14105986626075,-8.560242292466148],[179.14131066187025,-8.560463793992389],[179.14198102431726,-8.560237188898968]],[[179.1302629717226,-8.566267876072276],[179.13207757810554,-8.565811476238045],[179.13398361435932,-8.565622192570997],[179.13452771039283,-8.565481151361071],[179.1353427245597,-8.565067261245188],[179.1361561429749,-8.564367805137],[179.13629075203994,-8.564065165781937],[179.13615311889112,-8.563825902848542],[179.13506673708815,-8.56443143316612],[179.13452296946144,-8.564631045262878],[179.13252752063798,-8.564899489729573],[179.13098530354875,-8.565361246780737],[179.13031348877053,-8.565725240433443],[179.13004228431106,-8.565997914537386],[179.13016171542682,-8.566268434486794],[179.1302629717226,-8.566267876072276]],[[179.11832845036244,-8.577723090253512],[179.11872829658415,-8.577449714085486],[179.11924981999098,-8.576904489000391],[179.1192897502563,-8.576633089409722],[179.11905926818926,-8.576451863159427],[179.11877113705577,-8.576635937801415],[179.11868238545023,-8.576907605535657],[179.11818940046854,-8.577723853776245],[179.11824949422228,-8.577819753746306],[179.11832845036244,-8.577723090253512]],[[179.11375872028708,-8.583714141302611],[179.114194565635,-8.583578413705167],[179.11501129734873,-8.583462713689656],[179.11582723668346,-8.583204145353465],[179.11647927653675,-8.582885672878321],[179.11718440685218,-8.582281506206963],[179.11754264885136,-8.581795112038444],[179.11772341962418,-8.58121738347262],[179.11784335332035,-8.580437558351505],[179.1183834706855,-8.579078690033878],[179.11842904210778,-8.578807259377616],[179.11825245604413,-8.578354102771113],[179.1179800844015,-8.57836881024677],[179.117922260971,-8.578810042343823],[179.11731618800331,-8.580169272435912],[179.1166324546793,-8.581010998150873],[179.11608984719132,-8.581426797474773],[179.11554646310034,-8.581702596737664],[179.11445847330074,-8.582034009827947],[179.1141875298716,-8.582307366408418],[179.11413101860845,-8.582627375640023],[179.11418762746877,-8.582898246266241],[179.11396050131032,-8.583170672747654],[179.11364745509738,-8.583181732924775],[179.1133757149562,-8.583311352167641],[179.11330190400378,-8.583445464596437],[179.11337726356905,-8.583591208246055],[179.1135906243361,-8.583715062941524],[179.11375872028708,-8.583714141302611]]]}},{"type":"Feature","properties":{"year":2022,"certainty":"unstable data"},"geometry":{"type":"MultiLineString","coordinates":[[[179.12204565578085,-8.426011181401792],[179.1217728020065,-8.425917802436706],[179.1214992217566,-8.425691140666828],[179.12122655223396,-8.425631514321056],[179.12107125276268,-8.425846742958381],[179.12104785133224,-8.426389232932905],[179.1209446640386,-8.426660972325315],[179.1205587605558,-8.427341012137797]],[[179.11892627734977,-8.42832275910504],[179.11873600056177,-8.428435585600624]],[[179.123087230746,-8.427056160146922],[179.1221553583857,-8.426112064722897]],[[179.1175701021012,-8.428035105628625],[179.1176021641804,-8.427492567970372],[179.11782151928537,-8.426406655094981],[179.11768953221085,-8.426267808722535],[179.11741686517456,-8.426208729110241],[179.11673694708796,-8.426382636372006]],[[179.1170188785754,-8.428144469967656],[179.11742746478646,-8.428156557907512],[179.1175701021012,-8.428035105628625]]]}},{"type":"Feature","properties":{"year":2022,"certainty":"insufficient data"},"geometry":{"type":"MultiLineString","coordinates":[[[179.1032813722318,-8.63022830949622],[179.1033969969437,-8.629871849545895],[179.10337602628533,-8.629600782284244],[179.1032768000183,-8.629402605396255]],[[179.10329629416563,-8.63292251731466],[179.10343755968103,-8.632583449551122],[179.10356656284955,-8.6325207004721],[179.10364340973433,-8.632039955731134],[179.103286933444,-8.631232508056364]]]}},{"type":"Feature","properties":{"year":2023,"certainty":"good"},"geometry":{"type":"MultiLineString","coordinates":[[[179.08043337880864,-8.465115357885615],[179.08112438404322,-8.463941646564026],[179.08155729471517,-8.462939869055264],[179.08156543794604,-8.462126261900229],[179.08139598955268,-8.461584788287196],[179.08110962228574,-8.461193310629291],[179.0808363855474,-8.461033058766482],[179.07892704034296,-8.460527711241554],[179.07862158736722,-8.460514796951486],[179.07833118527012,-8.460787529317486],[179.07838681812706,-8.461372405606072],[179.0796208395051,-8.463763741997058],[179.07983603970828,-8.464847349576935],[179.0799572174955,-8.465117892758258],[179.08004166719917,-8.4652073162771],[179.0803141088545,-8.465218940109793],[179.08043337880864,-8.465115357885615]],[[179.06215889230907,-8.49097536659551],[179.06224930752134,-8.49070369724423],[179.06214922317784,-8.490433036192197],[179.06192549768966,-8.490219411118355],[179.0616526509286,-8.490135710259928],[179.06001875804205,-8.490230801675683],[179.0597467782038,-8.490309623817899],[179.05958451178668,-8.490446601871286],[179.0595389859037,-8.490718033742045],[179.06084082374588,-8.491142454824988],[179.06165798833499,-8.491135448757573],[179.06215889230907,-8.49097536659551]],[[179.03683398321832,-8.512261781914887],[179.03752445275984,-8.51201258541931],[179.0378507575556,-8.511714063025966],[179.03799268893817,-8.51144212438281],[179.0380320429556,-8.511170723566586],[179.03796723342208,-8.510628674382374],[179.03860464637535,-8.510220573751926],[179.03869382417918,-8.510082475719615],[179.03847989383902,-8.50981240312348],[179.03832958892428,-8.509721655842947],[179.03805715457298,-8.509718487367996],[179.03783868773965,-8.509815764715912],[179.03701311490732,-8.510362480624156],[179.03637683897264,-8.510908203683076],[179.03615510997525,-8.511451754747176],[179.03616136429832,-8.511825059341856],[179.03621896127976,-8.51199380978934],[179.03643579879378,-8.512206208839485],[179.03683398321832,-8.512261781914887]],[[179.07072428486944,-8.598320672047523],[179.07090467956505,-8.598048513405613],[179.07097073752414,-8.597776969938115],[179.07088605484495,-8.597506237505439],[179.07067557056686,-8.597363315449252],[179.06985915345754,-8.597548846485635],[179.06954528408372,-8.597784636915643],[179.06962082553807,-8.598055419000165],[179.07013646784287,-8.598440154685422],[179.07040905081948,-8.59845994052424],[179.07072428486944,-8.598320672047523]],[[179.10071936088084,-8.605751250891293],[179.10079779736432,-8.605479639404512],[179.1006857982473,-8.603853153029227],[179.10042133470614,-8.60249868183627],[179.10036187768932,-8.600600724604769],[179.10045223258228,-8.599515498875538],[179.10042037608397,-8.598973306471354],[179.10050168108285,-8.598430496448687],[179.10037969853482,-8.598208452188324],[179.10010728804104,-8.598219322233358],[179.10001361146922,-8.598975526293003],[179.09972227891498,-8.599790665675236],[179.0996217245046,-8.601147130632809],[179.09968128006594,-8.602231538569471],[179.0998010256563,-8.603044434604257],[179.10027016774322,-8.60494015517864],[179.10030639543228,-8.60548232351007],[179.1004212815111,-8.605753008111027],[179.10071936088084,-8.605751250891293]],[[179.10358680214617,-8.632582630726235],[179.10365810043558,-8.632039875129607],[179.10344995263645,-8.631498652616237],[179.10326007172998,-8.630686147364035],[179.10338157800058,-8.629871934111861],[179.1032805703928,-8.629330123490364],[179.1030228825923,-8.628789171859571],[179.10257431671408,-8.628249266201463],[179.10202624764779,-8.62716753990356],[179.1015133438166,-8.62662798468528],[179.1003077775958,-8.624465123754135],[179.09939439579017,-8.623385389725291],[179.09784861326392,-8.620953192635486],[179.09755096991458,-8.620141268943932],[179.09714414500664,-8.619329941035176],[179.09688162255858,-8.618517824309276],[179.09669195140853,-8.617162942296964],[179.09674278069153,-8.614993196406898],[179.0970787902226,-8.613364261197537],[179.09754999158872,-8.612005771837485],[179.09854023556665,-8.610522862158039],[179.09989440637858,-8.609031397911073],[179.1002790649933,-8.608194303497696],[179.10077530154493,-8.6076492262362],[179.10073937152086,-8.607378239570837],[179.10043015791717,-8.607362598792138],[179.1001583871457,-8.607490650901768],[179.0992508777928,-8.608742285658316],[179.09799401945486,-8.610294755174865],[179.0974239581082,-8.611192909277964],[179.09688919536868,-8.61228056168923],[179.0966457325693,-8.612856615394866],[179.09628750948428,-8.614182130107224],[179.09629858953585,-8.614995620575058],[179.0960871313505,-8.615810325426178],[179.09608885312912,-8.617166234297896],[179.09632296011688,-8.618520874531272],[179.0966155178424,-8.619604011444011],[179.09696026088335,-8.620686862651814],[179.09759922740966,-8.622039288713806],[179.09785531251254,-8.62285143907829],[179.09944158583224,-8.625725626540056],[179.09998588675472,-8.626365165650723],[179.10067081786966,-8.627446147111552],[179.1007352967815,-8.627716976765457],[179.10049420557917,-8.628531845308055],[179.10045071797458,-8.629074449003161],[179.10027970812092,-8.629461489308591],[179.09988564160932,-8.629891091751743],[179.09986498369005,-8.630162387720764],[179.100011598272,-8.630254246365878],[179.10082897598593,-8.630235751124326],[179.10164795010795,-8.630505848262445],[179.10188738668896,-8.630693673693408],[179.10194195787162,-8.631235739578878],[179.10215632035582,-8.63150574692694],[179.1030175291352,-8.631790364122331],[179.10342682662977,-8.632312326201644],[179.1035075278413,-8.632583065675185],[179.10356719917954,-8.632635563340045],[179.10358680214617,-8.632582630726235]],[[179.07958742733786,-8.621866107722978],[179.07949878562417,-8.621595401592474],[179.07870883132995,-8.621453207789253],[179.0784364254693,-8.621468719965353],[179.07826718077632,-8.62160207141704],[179.07822955254645,-8.621873461683856],[179.0784395845468,-8.622046596065646],[179.07958742733786,-8.621866107722978]],[[179.07821868665405,-8.628110810315588],[179.07847246979185,-8.628059762334795],[179.0787458528673,-8.627836767489455],[179.07877278629076,-8.627294248755977],[179.07867575737578,-8.627023588106562],[179.07846742191595,-8.626753530428848],[179.07851036464342,-8.62648211133434],[179.07873587680768,-8.626398577239772],[179.07900712052933,-8.626170024426582],[179.0794684666533,-8.625120988081873],[179.07949724593172,-8.624578459511813],[179.07943989389526,-8.624307583978394],[179.07926840457728,-8.624121089016572],[179.07899556426216,-8.624057495929593],[179.07845101733406,-8.624137609338723],[179.07817990913134,-8.624390813172818],[179.0780308778815,-8.62485758946614],[179.07794603664738,-8.625671608563641],[179.07797186296708,-8.625942655241966],[179.07817638185108,-8.62648392055978],[179.07737633481335,-8.626934420687526],[179.07707316480548,-8.627303454792237],[179.0770522785484,-8.627574754552082],[179.0772578764345,-8.62784482794276],[179.07821868665405,-8.628110810315588]],[[179.0754972419547,-8.632126992111198],[179.0752246018474,-8.632101146173586],[179.07495289911543,-8.632246849629933],[179.0747688859337,-8.632468477373026],[179.07462980973096,-8.632740416961509],[179.07469799738394,-8.633282421967701],[179.0746584358581,-8.633553823059856],[179.07441580525176,-8.633693638516135],[179.0740751243759,-8.634099353560972],[179.0735762851581,-8.635186800905176],[179.0734810419818,-8.636000877650345],[179.0729256090461,-8.637631005707684],[179.07287351035725,-8.638444849249789],[179.07314759110272,-8.639799302225931],[179.0735143268988,-8.640339691612889],[179.07371414826997,-8.640880984069799],[179.07390510475912,-8.641151137252539],[179.07418493620088,-8.641310614133268],[179.07473043682063,-8.64140008799414],[179.07500191099615,-8.641211532643265],[179.07527086266703,-8.640561929528866],[179.07581328295865,-8.640088677891562]],[[179.0812383478031,-8.64382321959325],[179.08155541933368,-8.643651366731223],[179.08291813621207,-8.643685377195181],[179.08373393222132,-8.64337206397677],[179.08563534973146,-8.642259128693865],[179.08726383532428,-8.64107059859653],[179.0880787703671,-8.640602846110978],[179.0916073085802,-8.638064208259728],[179.0945951386672,-8.636311819456504],[179.09758537419572,-8.63500040258566],[179.09948983624767,-8.634454813387181],[179.1013959262789,-8.634204700824037],[179.10275463388595,-8.633523681898604],[179.1029357902597,-8.633399749033583],[179.10307866889377,-8.633127782957851],[179.1027520195836,-8.633051635161406],[179.10265950005467,-8.63285889982588],[179.1023819735764,-8.632589239409434],[179.1016579939457,-8.63232074606488],[179.10161904699356,-8.63259342223033],[179.10173677005488,-8.632863959414406],[179.10175502910258,-8.633135041823532],[179.1016633685194,-8.633291756145459],[179.10139162877394,-8.633428275485212],[179.10030114430677,-8.633337479021984],[179.10000738724537,-8.633144618926838],[179.0994986681155,-8.632062673664823],[179.099204011156,-8.632044091365264],[179.0988492696328,-8.632879778049453],[179.09843485004376,-8.63342441270467],[179.09785232065573,-8.63399594338725],[179.09703828166482,-8.634620618418152],[179.0954070401258,-8.635298442994936],[179.0948167970845,-8.635613669306428],[179.0943210350499,-8.636020960068366],[179.09330271794605,-8.636435493454131],[179.09241944474476,-8.637091204430194],[179.0910611741009,-8.637858502787047],[179.08997628799213,-8.638787322300807],[179.08916015887797,-8.639037004981237],[179.0886180128195,-8.63955602214073],[179.08644568884054,-8.640954908700222],[179.08536015271895,-8.641769398870009],[179.0841128247749,-8.642451658745845],[179.08264393884812,-8.643377389441962],[179.0815546139519,-8.64350463974409],[179.0812819303335,-8.643472284198292],[179.08108111897914,-8.643281702511803],[179.08096552193643,-8.643011144869595],[179.08092656430819,-8.64274017071788],[179.08100222674148,-8.642160552657568],[179.08072932601567,-8.642088447851226],[179.08045802929112,-8.642308756725207],[179.08018603171712,-8.642401342039333],[179.0796408373386,-8.642367898114887],[179.07947860131438,-8.642476849786586],[179.0797639841555,-8.642746486144217],[179.0801884493473,-8.642842132902777],[179.0803489171469,-8.643014495025072],[179.0804490212486,-8.64355632304546],[179.0806260205845,-8.643826547250738],[179.08073930316752,-8.643906958303775],[179.0812383478031,-8.64382321959325]],[[179.07609880702748,-8.63869857315614],[179.0759603847207,-8.638428136479453],[179.0751637138184,-8.637890078435522],[179.07489017584763,-8.637349185938225],[179.07491684215924,-8.636264293893735],[179.075044021241,-8.635721231504487],[179.07562650356897,-8.634904516984188],[179.07572085752557,-8.634632819225782],[179.07563263960196,-8.634362110112805],[179.07523417805012,-8.633853273926555],[179.074960191626,-8.63358132291806],[179.0748418094729,-8.633552830633853],[179.07550502019365,-8.633549988802958],[179.0760495112987,-8.633456987718443],[179.07620936393653,-8.633274239862368],[179.07625268965492,-8.633002818483586],[179.0761844582402,-8.632732001241235],[179.0760446695389,-8.63257145922084],[179.0755398944827,-8.632193117471187]],[[179.07584051336164,-8.64005590633045],[179.07615246508814,-8.639511842439887],[179.07615124917052,-8.639240662351112]],[[179.0788659028808,-8.641937803749688],[179.07882023918955,-8.641805685028515],[179.07860996996217,-8.641939192840821],[179.07882130331978,-8.641999845055869],[179.0788659028808,-8.641937803749688]]]}},{"type":"Feature","properties":{"year":2023,"certainty":"good"},"geometry":{"type":"MultiLineString","coordinates":[[[179.11946716682453,-8.428838409999159],[179.11988156113804,-8.42870270745057],[179.12069817257364,-8.428624003471011],[179.12151520410495,-8.428622472104182],[179.12260525331416,-8.428744052301532],[179.12287713055306,-8.428658068505145],[179.1230973201508,-8.428276421840545],[179.12324528928238,-8.427733258494825],[179.1232569406047,-8.427462014086522],[179.12317513737472,-8.42719127528106],[179.1223194038522,-8.42626852365358],[179.12204621503048,-8.42611374113796],[179.12177379463108,-8.426099862585046],[179.12149978952587,-8.425795293658224],[179.12122688917572,-8.425693332296301],[179.1211310797209,-8.425846419659658],[179.1210480261756,-8.426389231988031],[179.12084380037828,-8.426932699165505],[179.12027095191738,-8.427749340000037],[179.11987778651178,-8.428009969197637],[179.11900820430793,-8.428298524710426],[179.11854205956533,-8.428572223809224],[179.11852064399582,-8.428852898867843],[179.11906568364876,-8.428916289004203],[179.11946716682453,-8.428838409999159]],[[179.1175354632231,-8.42803529254724],[179.11771926528564,-8.426949571460359],[179.11741756139625,-8.42633668402133],[179.1171449691138,-8.426291355006821],[179.11660107826478,-8.426438542331194],[179.11578453103053,-8.426528764568001],[179.1155386611415,-8.426690149174583],[179.11536091431378,-8.426962289941502],[179.11533756275864,-8.427233598515045],[179.11550365958527,-8.427503885887218],[179.11633722116144,-8.427999272155422],[179.11715519630243,-8.42817097652291],[179.11742746217016,-8.428156077176892],[179.1175354632231,-8.42803529254724]],[[179.16720912707046,-8.435085795587252],[179.16753755337513,-8.43481280640355],[179.16767684614908,-8.434540862669103],[179.1676653408363,-8.433998578866198],[179.167840380682,-8.433454604968404],[179.16756702833274,-8.433273378167161],[179.16702429764302,-8.433623828177705],[179.16675204769683,-8.433640397712315],[179.16620640004587,-8.433467570684307],[179.16593518353682,-8.433669660835863],[179.1658402638936,-8.434008663333202],[179.1658171029371,-8.434551139298431],[179.1659230124104,-8.434821728296068],[179.16648850601914,-8.43521960856328],[179.16676117550284,-8.435278098757708],[179.16720912707046,-8.435085795587252]],[[179.17311551019995,-8.441018904212708],[179.17250432608512,-8.4395619582522],[179.17194977752487,-8.437798469484937],[179.17171151302747,-8.437230267316185],[179.17149996402244,-8.436960266278964],[179.1714000082657,-8.43688920291642],[179.17112772106634,-8.436899338682299],[179.1705852591137,-8.437297866410493],[179.17031322065918,-8.437352623151895],[179.16949440812337,-8.437033876083257],[179.169167967686,-8.436973177449223],[179.1689950320115,-8.437245307800781],[179.1697721509867,-8.438000795011414],[179.1700464959744,-8.438358954878685],[179.17194079199032,-8.439940726130802],[179.17278433652433,-8.440932429410196],[179.17305784958734,-8.441140982690204],[179.17311551019995,-8.441018904212708]],[[179.1734094860177,-8.44155961890389],[179.1733317585125,-8.441420237888748],[179.1733330947918,-8.441659062076525],[179.1734094860177,-8.44155961890389]],[[179.17441031268933,-8.4429099279431],[179.174156011844,-8.442708908784619],[179.17404441229013,-8.442911958787558],[179.17415825222417,-8.443109098900495],[179.17441031268933,-8.4429099279431]],[[179.17209183258558,-8.540544803017657],[179.17225482378115,-8.540468984007633],[179.1727996469972,-8.540467141874757],[179.17497553187883,-8.539858625456164],[179.17552013053057,-8.539817479446825],[179.1760640555741,-8.539657552150603],[179.17742485041526,-8.539431397578749],[179.17905825366168,-8.539239836619032],[179.18041766115422,-8.538770417095233],[179.18231908594987,-8.537807372571935],[179.183403283457,-8.536847988676875],[179.18730691713787,-8.53395113531196],[179.1899118167873,-8.531699755781213],[179.19394014177414,-8.528490293396272],[179.19608873629647,-8.526851129647183],[179.19831994225166,-8.525319852496434],[179.19913338148856,-8.524661434220144],[179.20103253524843,-8.523324392773377],[179.2016375168009,-8.522752181893658],[179.20220400617782,-8.521935468460732],[179.20276809303007,-8.52084760182662],[179.2029462950725,-8.520033091103693],[179.20293508745647,-8.51949082157465],[179.20270961364773,-8.518136267605325],[179.20243162898515,-8.517324344129092],[179.20203594208638,-8.51651308738942],[179.20153549053674,-8.515160089815291],[179.20090985226258,-8.513807799745841],[179.20016133964538,-8.51191386889059],[179.19952061214414,-8.510561659284255],[179.19847400429825,-8.50785590552112],[179.19806645425098,-8.507044706972792],[179.19768127464155,-8.50596221348672],[179.19718383779454,-8.504880353172172],[179.1968355058107,-8.50386252612633],[179.1963919248042,-8.502986650549126],[179.19563323931624,-8.500550420618612],[179.19446088190605,-8.49513366740868],[179.19363095789342,-8.492426658709523],[179.193029290388,-8.489989529011677],[179.192714432252,-8.48565260152428],[179.19290389746936,-8.481041667103156],[179.19261444539143,-8.478331606077896],[179.1920395809709,-8.476165484685938],[179.19149431390088,-8.474638067873197],[179.1909429094608,-8.473460074690728],[179.1899125373912,-8.471838716852156],[179.18966294111027,-8.47156894729544],[179.18891345988064,-8.470217301826887],[179.1877028476283,-8.46832589712084],[179.1869536941746,-8.466431902639217],[179.18653562217267,-8.46470950588956],[179.18566952030096,-8.462100365512857],[179.18512493725126,-8.460747558551581],[179.18409523022166,-8.458312777763668],[179.18281622784772,-8.455879382061836],[179.18241907787373,-8.454796914564517],[179.18170291796184,-8.45344505403679],[179.1811146536497,-8.452092478039338],[179.17911177051056,-8.44830723498532],[179.17854020804526,-8.447457372955338],[179.17826630622898,-8.447180849902502],[179.17799371962033,-8.447138656903197],[179.17773476654693,-8.447501381839366],[179.17791808577306,-8.44804270568577],[179.17823571861237,-8.44858328199058],[179.1789072440256,-8.449393059710577],[179.17981169674334,-8.451015052627321],[179.18007740529362,-8.451555915323556],[179.1807523449001,-8.45338915391079],[179.1825190441943,-8.456694553001558],[179.18268029018145,-8.457203608132234],[179.18304117345392,-8.457776322102296],[179.1835692679637,-8.458858056417366],[179.18443939747144,-8.461293730771683],[179.18511335342748,-8.463730497148447],[179.18554952692347,-8.464541568825728],[179.18640681066574,-8.467248473855545],[179.18673126541208,-8.468060167760422],[179.1877836446865,-8.469952463388903],[179.18895089162874,-8.471301770332532],[179.18938365792135,-8.47157051344937],[179.1897428624666,-8.472110837939534],[179.1900256655752,-8.472651590436355],[179.19053876711908,-8.474004558100605],[179.1911421784379,-8.476441693650305],[179.19123029783597,-8.47725470618172],[179.1915578896839,-8.478608711565908],[179.1916018097873,-8.479421971906538],[179.1917289740411,-8.479963595441829],[179.19185014998902,-8.483216941930475],[179.19171224084317,-8.485929406488072],[179.1919478578801,-8.4870127571265],[179.1921181454652,-8.488586484517521],[179.19255231419382,-8.490534550873743],[179.19263853986405,-8.491347571708257],[179.19323758365783,-8.493856008187445],[179.1939275301282,-8.496221346469369],[179.1942906696507,-8.498117478400102],[179.1945556785357,-8.498658320988902],[179.1946033568615,-8.499200388694584],[179.1952574444836,-8.501637213194527],[179.19532362018225,-8.502179176038906],[179.19564561070902,-8.50271969520072],[179.19603394525902,-8.503802175275903],[179.19621597545213,-8.504614651386513],[179.19657346963118,-8.505426136272389],[179.19701390566675,-8.506779487372976],[179.19837351527082,-8.510025813559727],[179.19849231734062,-8.512194481189882],[179.1989759480057,-8.513276414349162],[179.19913290452953,-8.513817860710667],[179.1991314961317,-8.514089035974134],[179.19892590243515,-8.515174868824833],[179.19836105654062,-8.516533902460932],[179.197851462226,-8.517079121096407],[179.19778004363934,-8.517621860185367],[179.19692049315688,-8.51876376192941],[179.1965084028199,-8.519527227705883],[179.19569580494502,-8.52061649465152],[179.19489438959377,-8.521976865696166],[179.19449003395508,-8.522466253571421],[179.1939474490224,-8.522854711708199],[179.19359586365601,-8.5233400461494],[179.19325425946602,-8.5241554811876],[179.19306480598857,-8.524427720001718],[179.19269751608044,-8.524700963615153],[179.19256923944533,-8.524972856675245],[179.19296781309862,-8.525512941034155],[179.19291357639946,-8.525784415777288],[179.19217402297426,-8.52714443632304],[179.1916258679819,-8.527961038495171],[179.1913873536851,-8.5285047228347],[179.1908075012044,-8.529321503769918],[179.1899034954361,-8.53023950872247],[179.18800676879127,-8.532016931085904],[179.18686714360365,-8.532868939506058],[179.18556678544445,-8.534072177158569],[179.184754423394,-8.534928111919529],[179.18285632954618,-8.53647341438353],[179.18149932647347,-8.537363874050227],[179.17986994971068,-8.538262650743334],[179.17932635005317,-8.538479067917986],[179.1782374263518,-8.538608370989653],[179.17714757132805,-8.538573696531339],[179.17633112188435,-8.538713909289857],[179.17497115770314,-8.539086541973738],[179.1738846294592,-8.539639970555283],[179.1721286456551,-8.540273424933009],[179.17195100241463,-8.540545592628366],[179.17209183258558,-8.540544803017657]],[[179.15915593982726,-8.549837029651425],[179.15936702571454,-8.549717841529217]],[[179.1593993387687,-8.54970008466251],[179.16194708320685,-8.548301634629917],[179.16384757404444,-8.54715352006584],[179.1646614691114,-8.546555668270797],[179.1649407762878,-8.546279463467338],[179.16527323402437,-8.54573525858958],[179.16532004592116,-8.545463823998674],[179.16520724419263,-8.545193282034745],[179.16492665217228,-8.545272888824726],[179.16450146567263,-8.545739574079391],[179.16377388897965,-8.546285987144786],[179.16275568665802,-8.546764294104953],[179.1617204655255,-8.547382152165893],[179.15949992014168,-8.549128607615746],[179.15821267130443,-8.549571117481733],[179.15811103143548,-8.549842858273463],[179.15868726868075,-8.54995005202388],[179.15895959243758,-8.549931904263877],[179.15915593982726,-8.549837029651425]],[[179.14138442857256,-8.560511671222322],[179.14438684296294,-8.559139144589125],[179.14538812847593,-8.558843793226107],[179.14593276343683,-8.558802005026934],[179.14729141228932,-8.558173579472935],[179.1486486140019,-8.557288096053952],[179.14973259614877,-8.556263498128962],[179.15007159617176,-8.555853465749912],[179.1501959248333,-8.55558159923473],[179.15019114630314,-8.555039275276508],[179.14999693341133,-8.554820848439501],[179.14918437291084,-8.555664631457187],[179.14738476536692,-8.556410746023982],[179.14592347593359,-8.557144109366762],[179.14538081105755,-8.557537276299312],[179.14456475855897,-8.557760327133318],[179.14375013712592,-8.558239329854663],[179.1429341278775,-8.558470680977624],[179.14135332612895,-8.559427136674616],[179.14102853051713,-8.559700112498883],[179.14099391714902,-8.560242657765222],[179.1409001771029,-8.56051435376912],[179.14103892828973,-8.560589513201503],[179.14138442857256,-8.560511671222322]],[[179.1406204995653,-8.560787079618828],[179.140495070368,-8.560771159248738],[179.14046349801092,-8.560787949123506],[179.1404952761374,-8.560807971796537],[179.1406204995653,-8.560787079618828]],[[179.13038950869665,-8.566267178201004],[179.1326218768213,-8.56570652009265],[179.1339837610771,-8.565648505709563],[179.13452781039413,-8.565499081854426],[179.13534296442367,-8.565110255098517],[179.13615638506533,-8.564411185116874],[179.13634038120185,-8.564064891367499],[179.1362231939117,-8.563794361780982],[179.1361528033594,-8.563769358927965],[179.13506659978253,-8.564406817003231],[179.13452288521006,-8.564615937186183],[179.13244859165928,-8.564899925409964],[179.13098522893736,-8.565347846288892],[179.1302707053125,-8.565725476372656],[179.130006488775,-8.565998111921363],[179.13012838310462,-8.566268618304154],[179.13038950869665,-8.566267178201004]],[[179.11836876286085,-8.57772286888828],[179.11884617226772,-8.577449066688784],[179.11906362390778,-8.577237502956386],[179.11926021238617,-8.576904431914194],[179.11930494880167,-8.576633005923878],[179.11905893277418,-8.576391361336187],[179.11878752329287,-8.576579363536968],[179.11868256361325,-8.576907604557258],[179.118247503253,-8.577460539018427],[179.11816390102007,-8.577723993788238],[179.11825000386588,-8.577911702168945],[179.11836876286085,-8.57772286888828]],[[179.11371340689055,-8.583714389754768],[179.11555526963593,-8.583292603456607],[179.11649311589457,-8.582885596905781],[179.116873688607,-8.582612326935497],[179.11706016323996,-8.58234012250767],[179.11718435199427,-8.582271609089174],[179.117504575988,-8.581795321120024],[179.1179055036134,-8.580166036602062],[179.1182982616611,-8.579350338392938],[179.1184037028313,-8.578807398542942],[179.1182513176846,-8.57814873282176],[179.11797975822668,-8.57830995852489],[179.1179095232304,-8.578810112283989],[179.11730690149398,-8.580169323419383],[179.11694347450901,-8.580713679678622],[179.11608993380884,-8.581442434116966],[179.11527482000784,-8.581849398948464],[179.11473039097973,-8.581936704223482],[179.1144165831069,-8.582083447687799],[179.11417489432804,-8.582355954012034],[179.11418615498656,-8.5828982543408],[179.11396414778403,-8.58317065275322],[179.11364741927935,-8.58317526072201],[179.11337582257315,-8.583330800366708],[179.11331638622562,-8.58344538520926],[179.11337704655028,-8.583551990480279],[179.11371340689055,-8.583714389754768]],[[179.11664003021855,-8.582378178218839],[179.11636664463245,-8.582210458668182],[179.11629291865847,-8.582073153806293],[179.11640238626416,-8.581801372294661],[179.11663621886854,-8.581690360819072],[179.1168603065467,-8.581798858631137],[179.11695065110504,-8.582069543218788],[179.11664003021855,-8.582378178218839]]]}},{"type":"Feature","properties":{"year":2023,"certainty":"unstable data"},"geometry":{"type":"LineString","coordinates":[[179.15936702571454,-8.549717841529217],[179.1593993387687,-8.54970008466251]]}},{"type":"Feature","properties":{"year":2023,"certainty":"insufficient data"},"geometry":{"type":"MultiLineString","coordinates":[[[179.10328101912197,-8.630164543684977],[179.10334232952943,-8.629600967087512],[179.10327710903968,-8.629458414695357]],[[179.10329676793515,-8.6330080437697],[179.10356719917954,-8.632635563340045],[179.10365810043558,-8.632039875129607],[179.10359637484902,-8.631769031574597],[179.10328667108521,-8.631185136165973]]]}}]}
