{"type":"FeatureCollection","features":[{"type":"Feature","properties":{"year":1999,"certainty":"insufficient data"},"geometry":{"type":"MultiLineString","coordinates":[[[178.37696112763396,-7.9297750004482],[178.3771577877099,-7.929448508983541],[178.3771939508299,-7.92917709777622],[178.3769584808051,-7.928979203625439],[178.37668650118624,-7.929018808665502],[178.3765345510196,-7.929179277545931],[178.37654138256855,-7.92945054667252],[178.37667409197246,-7.929721399730071]],[[178.3799530394507,-7.929380081095257],[178.3783198100157,-7.929211422128481],[178.3780479952255,-7.929300506471396],[178.37788104925497,-7.929446116889682],[178.37775037397597,-7.929717840741843]],[[178.37817320441889,-7.930801607840257],[178.37855082964873,-7.9313429408439236],[178.37912940141007,-7.93188360779295],[178.37922379237318,-7.932154586513078],[178.37921815974047,-7.932697187913294]],[[178.38343766400183,-7.933497060965094],[178.3838167084107,-7.932953219432567],[178.38380567497194,-7.932681965247945],[178.38342321474602,-7.932140654477367]],[[178.37969236785406,-7.932811977080903],[178.38023626571092,-7.932713301959843],[178.38132477086353,-7.932728827522782],[178.38186933336345,-7.932829445547523]],[[178.3824141633912,-7.933010099944122],[178.38276941104516,-7.933227990225545],[178.3829721040171,-7.933498607871418]],[[178.38568594177727,-7.934927181338837],[178.38628411468298,-7.9345727540791975],[178.3863072212861,-7.934301386559926],[178.38585801711307,-7.93376030114237],[178.38540887175787,-7.933447183106841],[178.38513651659673,-7.933374936597456],[178.38486506642215,-7.933573069713256],[178.38472342262838,-7.9340353675890745],[178.38472524289335,-7.934577943011283],[178.38486911245548,-7.9347818620084425]],[[178.40667518907122,-7.945666490089411],[178.4070650583784,-7.945083262957854],[178.4071051397689,-7.944811839179266]],[[178.41472820671908,-7.948855275035445],[178.41476606303144,-7.948041284538174],[178.4146655798011,-7.947770339412243],[178.41430121775613,-7.947626213735643],[178.4141444793458,-7.947772113035527],[178.41415708895045,-7.948314644673362],[178.41430508574152,-7.948755729906007],[178.41457823665692,-7.949056651787615]],[[178.416758812836,-7.9501101882447935],[178.41705788860494,-7.949661197100429],[178.4171232245343,-7.949389687328342],[178.41702764061623,-7.949150615837606],[178.4167557001899,-7.949202988342112],[178.41635855981804,-7.949663581773717],[178.41627318821156,-7.94993515981868]],[[178.4197893788979,-7.952093450998236],[178.42017458773478,-7.95127827438683],[178.4202286700405,-7.951006802929913],[178.42009780587443,-7.950735963766212],[178.4197540351282,-7.950661528318844],[178.41963499486366,-7.950737545654434],[178.41948400660044,-7.951009348256408],[178.41929074364484,-7.9515525819334325],[178.4192843243409,-7.951823890516137],[178.41948771398899,-7.952348226764982]],[[178.4232636735039,-7.953709277085735],[178.42339288037712,-7.953437548060279],[178.42337707537177,-7.953166316070613],[178.42302647639536,-7.9526905175172855],[178.42220821608066,-7.952140536167729],[178.42193596769064,-7.952103696720483],[178.421664548014,-7.952307474026631],[178.4213394414803,-7.952902008613286],[178.4213795079904,-7.953444444269456],[178.42152193666627,-7.953715243113914],[178.42166976539127,-7.9538221989168],[178.42221393155765,-7.953799256082589],[178.42275869364593,-7.95394922633879],[178.42303063569332,-7.953896866692086],[178.4232636735039,-7.953709277085735]],[[178.42521445785212,-7.955878097831698],[178.42543138076044,-7.955600843151519],[178.42549730155258,-7.955329330915853],[178.42542241085772,-7.9550583021389265],[178.4246648625011,-7.954329096839521],[178.42439270883955,-7.9543201132456245],[178.42416169891712,-7.954520056387184],[178.4239927886346,-7.954791921780189],[178.42384964427555,-7.955063698778538],[178.42382127445086,-7.955335082158541],[178.4238973949152,-7.955606107177051],[178.4240932911207,-7.955876721306908],[178.4246710213796,-7.956112903456871]],[[178.4263066734246,-7.956954540625588],[178.42657876974388,-7.956946487317054],[178.4267265091308,-7.956681537362703],[178.42657754088512,-7.956591117670826],[178.42630664437075,-7.95695426602101]],[[178.42848662787844,-7.957809895744884],[178.42766806114406,-7.957176224250243],[178.42739576551594,-7.957126677366256],[178.4271242643691,-7.9573067734380265],[178.42681671207825,-7.957766370214584],[178.42676022192046,-7.95803785012771],[178.42684640797833,-7.958308839546978],[178.42734993256323,-7.958578393773043],[178.42738249375077,-7.958849567423292],[178.4272148544841,-7.959664000944806],[178.42740572453567,-7.960004374905637]],[[178.43020316247205,-7.959924997341422],[178.4295797916451,-7.959156121194171],[178.42930724575086,-7.959034752891442],[178.4290354475149,-7.959129124528639],[178.4287401780899,-7.959658751860671],[178.42870543047079,-7.9599301569753695],[178.42878988374636,-7.960472437102525],[178.42907082114746,-7.961014040417959]],[[178.4295873858734,-7.96134668082235],[178.43024184273915,-7.96073871989749],[178.43037062908743,-7.960466990649262]],[[178.43094684153056,-7.961007395384958],[178.43067524506844,-7.9611601073056955],[178.43040585198733,-7.9615520102851525]],[[178.43198125532916,-7.972669260850667],[178.43161426995994,-7.973755669063917],[178.4308127721805,-7.975657433636154]],[[178.43480693419602,-7.97545699105747],[178.43534990736194,-7.975084898845247]],[[178.43372191888727,-7.976469309038657],[178.43391235599935,-7.9759179980459365],[178.4342634166975,-7.975673191476102]],[[178.43236769709702,-7.97832496567817],[178.43291018993818,-7.977813205393142]],[[178.4273737537817,-7.981366294109336],[178.42693723751816,-7.981870274989291],[178.42666577926792,-7.9820669598602585]],[[178.4269410879131,-7.982979850945037],[178.42748304085373,-7.982308787187728],[178.42792787813204,-7.981906953173865]],[[178.4260767464218,-7.9829984784268175],[178.42569180663526,-7.983542376015291],[178.42504027755854,-7.984185748418827]],[[178.42475099519785,-7.984630759329557],[178.42461780111915,-7.985173789297898],[178.4241391153079,-7.985989294612971],[178.42314525773855,-7.987349144265396],[178.42233285297814,-7.98823141639088],[178.42213528040054,-7.988709048020009],[178.42152143279418,-7.9896811851486715],[178.4207760031919,-7.990341436954956],[178.41967520393547,-7.991701649303733],[178.41896672984166,-7.992246654463552],[178.4185387743169,-7.992852871681896],[178.4177242957921,-7.99342293691783],[178.41718179427616,-7.993943647574847]],[[178.33959913125943,-7.988190567417959],[178.3387838033594,-7.9885391264979635],[178.33855127845487,-7.988716783900527],[178.33844228667337,-7.988988431820736]],[[178.422424061122,-7.988979340526954],[178.42274591212598,-7.988435661568484],[178.42314863876774,-7.988043722246159]],[[178.33987434575272,-7.98912896554658],[178.34014618363042,-7.989031725135781],[178.34041760300877,-7.988806249483533],[178.34054702885237,-7.988439023621177]],[[178.42044004920373,-7.991763969585482],[178.42098369706355,-7.991576711681895],[178.42114388168233,-7.991425316300008],[178.4213962738067,-7.990610590688647],[178.42167218188487,-7.990067070109415],[178.42211195864792,-7.989522985836428]],[[178.34688946464368,-7.990046178730238],[178.34721482779418,-7.990587706911609],[178.347500310061,-7.990846615469663],[178.3480457733315,-7.9911978147718745],[178.3483180393362,-7.991231466318198]],[[178.41668522166123,-7.99442477249897],[178.41555566774656,-7.995907815204873],[178.4151193829677,-7.9963291442385405]],[[178.41501311056695,-7.9964141122978365],[178.4136568388525,-7.997716769857541]],[[178.41357439904857,-7.998504727705837],[178.4144729553028,-7.997617756755247]],[[178.41134716896676,-8.00014006673815],[178.41112798914244,-8.000954676762191],[178.40948588747744,-8.002316721670319],[178.4078436634791,-8.00422133683312]],[[178.4115460679135,-8.000953247621208],[178.4121028967981,-8.000137482939186]],[[178.41091040734725,-8.002040568306853],[178.41122040817,-8.00148026678754]],[[178.40793603062355,-8.006120032662565],[178.4088710941684,-8.005031692267085]],[[178.40498249360428,-8.007804057335926],[178.40462785380475,-8.008030321116482],[178.40389821156677,-8.009076733626165],[178.40362683517492,-8.009305894904506]],[[178.4044416115312,-8.009387393357457],[178.4055278928249,-8.008118624988224]],[[178.3965921033193,-8.021467239658346],[178.3960048823621,-8.022437882353088],[178.39589758057036,-8.022709534506843],[178.39590215582558,-8.022980807403552]],[[178.3102574377433,-8.0254326202365],[178.3100526037908,-8.02526884518024],[178.30982960235892,-8.025433981768456],[178.31005358238446,-8.02557435196641],[178.3102574377433,-8.0254326202365]],[[178.31100661429187,-8.027329317863408],[178.31074878833746,-8.027058841505456],[178.31005767097187,-8.026850636625225],[178.30896637811355,-8.026051058079336],[178.30867962329089,-8.02598023483408],[178.3084221100228,-8.026081607905866],[178.30792246267706,-8.02652523710695],[178.30745742707978,-8.027069310394811],[178.30689266850396,-8.027884997990792],[178.30636825613,-8.028971855056152]],[[178.313320578012,-8.025826030707822],[178.31223419119553,-8.026556059233197],[178.31141824568525,-8.026744165958654]],[[178.3944605598432,-8.025427288865934],[178.3941572563433,-8.025776720362602],[178.3931502358171,-8.027330746213613],[178.39130004883722,-8.029507315952952],[178.39016081435335,-8.031681478308789],[178.38942499142715,-8.032769120506696]],[[178.39237090909285,-8.03058884827914],[178.39253902419077,-8.030124677602128],[178.3932482141698,-8.028958146354743],[178.39379903456225,-8.0278711266083],[178.39509149739547,-8.026239016449903]],[[178.31139376170032,-8.026785489440062],[178.31148732753596,-8.027327786296517],[178.3110434417586,-8.028143093140704],[178.310889884324,-8.028957474931728]],[[178.31030801737785,-8.030044518568513],[178.31031613760453,-8.029773195127728],[178.3102412741218,-8.029502135948855],[178.31005664633685,-8.029231426227355],[178.3099401521831,-8.028689201851984],[178.31003395882738,-8.028417605593306],[178.31033376336967,-8.028070445203952]],[[178.30618249670158,-8.029515040804393],[178.30581800126572,-8.030601389948508]],[[178.31193536678825,-8.03003933257396],[178.3119727451155,-8.029901902917585],[178.31224481680636,-8.029866569485261],[178.3127902705545,-8.030203966753769]],[[178.31360857393187,-8.030747771148834],[178.31415136544183,-8.030256524095861]],[[178.3155125193538,-8.03032753424479],[178.31549950472044,-8.030841843075235],[178.3161582190485,-8.03165362700632]],[[178.31372052822866,-8.032204013923359],[178.31354901961095,-8.031933264460708],[178.3127937163746,-8.031276750346885],[178.3125147325806,-8.031122674074732]],[[178.3062392704333,-8.03168524454732],[178.30680883393367,-8.032282369957366]],[[178.31539318985622,-8.032469965175524],[178.31524585821347,-8.032043988717906],[178.31497299531165,-8.031833704178313]],[[178.31280456989958,-8.034654799868239],[178.31307772419015,-8.034955350873114],[178.31334996494604,-8.034971642570396],[178.3135778027939,-8.03464614449441],[178.3139536393481,-8.033288457966446],[178.31396356002028,-8.032745831954632]],[[178.30844499163996,-8.033230034203227],[178.3092636389951,-8.033880456589786]],[[178.38847368119113,-8.035218310503375],[178.3901857546976,-8.033309127561402],[178.39045800164132,-8.032765629405718]],[[178.3181626954805,-8.03408887897199],[178.31836708320287,-8.033816927080549],[178.31842892560576,-8.03354543213825],[178.31824406980166,-8.033334962001593]],[[178.31757572382264,-8.033819463304209],[178.3173057557069,-8.034362921761323],[178.31649422536148,-8.035179411297547],[178.31599275743773,-8.035994907344339],[178.31607603754637,-8.036272151038462],[178.31634829154262,-8.036292336612458],[178.31716430604612,-8.036121116233176]],[[178.31889737335234,-8.033815226704332],[178.3183995733951,-8.035987196261397],[178.318374025368,-8.036258574842588],[178.31844314503533,-8.036529649826731],[178.3188002564725,-8.036993964947888],[178.319889744334,-8.037220297378036],[178.3201618045135,-8.0371803964761],[178.32051577311012,-8.036794293908669]],[[178.38874643030596,-8.033585279546152],[178.3880560084812,-8.034401477925284],[178.38770027305034,-8.035216546113745],[178.3871155288464,-8.036028080136813],[178.3860328767986,-8.03781730889492],[178.38588923870284,-8.038206837364108],[178.38590842987506,-8.038749351301549]],[[178.31740332313544,-8.03571909304817],[178.31752826715018,-8.035176099171919],[178.31779191708196,-8.034632660799003]],[[178.38610901846775,-8.038748674832934],[178.38719560128243,-8.036574695185669]],[[178.33132852224358,-8.039323586710553],[178.3307849260311,-8.039563668546423],[178.33024054885058,-8.039564298192293],[178.3294231209658,-8.0393005589076],[178.32860501893137,-8.038829397496132]],[[178.38549545105576,-8.039862167681381],[178.3852066498515,-8.040650742935536],[178.38528044561488,-8.04119307287281],[178.38505996446364,-8.043364131167134],[178.38527956700872,-8.044448547917309],[178.38516889506732,-8.045262789177045],[178.38490172558383,-8.045806268958085],[178.3847834042773,-8.046620536050922],[178.38354128072336,-8.048523749731704]],[[178.32915539557789,-8.040671674395268],[178.33051541172992,-8.040384512525037]],[[178.38567845036374,-8.042819466586815],[178.38555472110593,-8.041463437350487],[178.38566553857328,-8.040377906328416]],[[178.3259396750542,-8.040846272572892],[178.3264352608633,-8.041216890641136],[178.32779627499147,-8.041234941546614]],[[178.38037297393367,-8.054346712158988],[178.37979105708058,-8.05558990797822],[178.37965229839025,-8.056404244152464]],[[178.37938207327966,-8.057219022588136],[178.3790967079392,-8.058305141750271],[178.37906728512493,-8.05911911020186]],[[178.3760437735343,-8.062015408204116],[178.37550090343572,-8.06246801557812],[178.3749573996575,-8.06273339061987]]]}},{"type":"Feature","properties":{"year":2000,"certainty":"insufficient data"},"geometry":{"type":"MultiLineString","coordinates":[[[178.37699099623626,-7.9297203520979],[178.3771577877099,-7.929448508983541],[178.3771939508299,-7.92917709777622],[178.3769584808051,-7.928979203625439],[178.37668650118624,-7.929018808665502],[178.3765345510196,-7.929179277545931],[178.37654138256855,-7.92945054667252],[178.37668883919505,-7.92972189511803],[178.37699099623626,-7.9297203520979]],[[178.3799530394507,-7.929380081095257],[178.3783198100157,-7.929211422128481],[178.3780479952255,-7.929300506471396],[178.37788104925497,-7.929446116889682],[178.37775037397597,-7.929717840741843]],[[178.38343766400183,-7.933497060965094],[178.3838167084107,-7.932953219432567],[178.38380567497194,-7.932681965247945],[178.38268008644636,-7.931157276424087],[178.38158806707506,-7.9300874654107165]],[[178.37793984625426,-7.930259797001387],[178.37801288063707,-7.930530846874121],[178.37832602269017,-7.931077296826758],[178.37912940141007,-7.93188360779295],[178.37922379237318,-7.932154586513078],[178.37921815974047,-7.932697187913294]],[[178.37969236785406,-7.932811977080903],[178.38023626571092,-7.932713301959843],[178.38132477086353,-7.932728827522782],[178.38186933336345,-7.932829445547523]],[[178.3824141633912,-7.933010099944122],[178.38276941104516,-7.933227990225545],[178.3829721040171,-7.933498607871418]],[[178.385902072387,-7.934845316905962],[178.38628411468298,-7.9345727540791975],[178.3863072212861,-7.934301386559926],[178.386138442119,-7.934030658054714],[178.38540887175787,-7.933447183106841],[178.38513651659673,-7.933374936597456],[178.38492635614773,-7.9334921110254735],[178.38468339181247,-7.93430679149657],[178.38472167545012,-7.9345779548793445],[178.3848692927451,-7.934835720882555],[178.38514182993944,-7.934962039929425],[178.3854140267429,-7.934986672496987],[178.385902072387,-7.934845316905962]],[[178.4066719561373,-7.944716933874777],[178.40658932967727,-7.944813584778207],[178.4064510160402,-7.945356629109117],[178.40645920424907,-7.945627889578744],[178.40667524587403,-7.945683172787858],[178.4070650583784,-7.945083262957854],[178.4071051397689,-7.944811839179266]],[[178.41472820671908,-7.948855275035445],[178.41476606303144,-7.948041284538174],[178.4146655798011,-7.947770339412243],[178.41430121775613,-7.947626213735643],[178.4141444793458,-7.947772113035527],[178.41415708895045,-7.948314644673362],[178.41430508574152,-7.948755729906007],[178.41457823665692,-7.949056651787615]],[[178.416758812836,-7.9501101882447935],[178.41705788860494,-7.949661197100429],[178.4171232245343,-7.949389687328342],[178.41702764061623,-7.949150615837606],[178.4167557001899,-7.949202988342112],[178.41635855981804,-7.949663581773717],[178.41627318821156,-7.94993515981868]],[[178.4197893788979,-7.952093450998236],[178.42017458773478,-7.95127827438683],[178.4202286700405,-7.951006802929913],[178.42009780587443,-7.950735963766212],[178.4197540351282,-7.950661528318844],[178.41963499486366,-7.950737545654434],[178.41948400660044,-7.951009348256408],[178.41929074364484,-7.9515525819334325],[178.4192843243409,-7.951823890516137],[178.41948771398899,-7.952348226764982]],[[178.4232636735039,-7.953709277085735],[178.42339288037712,-7.953437548060279],[178.42337707537177,-7.953166316070613],[178.42302647639536,-7.9526905175172855],[178.42220821608066,-7.952140536167729],[178.42193596769064,-7.952103696720483],[178.421664548014,-7.952307474026631],[178.4213394414803,-7.952902008613286],[178.4213795079904,-7.953444444269456],[178.42152193666627,-7.953715243113914],[178.42166976539127,-7.9538221989168],[178.42221393155765,-7.953799256082589],[178.42275869364593,-7.95394922633879],[178.42303063569332,-7.953896866692086],[178.4232636735039,-7.953709277085735]],[[178.42521445785212,-7.955878097831698],[178.42543138076044,-7.955600843151519],[178.42549730155258,-7.955329330915853],[178.42542241085772,-7.9550583021389265],[178.4246648625011,-7.954329096839521],[178.42439270883955,-7.9543201132456245],[178.42416169891712,-7.954520056387184],[178.4239927886346,-7.954791921780189],[178.42384964427555,-7.955063698778538],[178.42382127445086,-7.955335082158541],[178.4238973949152,-7.955606107177051],[178.4240932911207,-7.955876721306908],[178.4246710213796,-7.956112903456871]],[[178.42611941592799,-7.957768766721333],[178.42631640256533,-7.957225518272081],[178.4267265091308,-7.956681537362703],[178.42657754088512,-7.956591117670826],[178.42630664534175,-7.956946418077977],[178.42628782696264,-7.957225616464379],[178.4260360176222,-7.957379321694406],[178.4259691892207,-7.957497997061072],[178.42589255876766,-7.957769546144309],[178.42603773505178,-7.957876113797875],[178.42611941592799,-7.957768766721333]],[[178.4281189063801,-7.959932176057379],[178.4284915159021,-7.959221241655976],[178.42893153172668,-7.958844236592014],[178.42898586958174,-7.958572764032946],[178.42892273002437,-7.958301695967004],[178.42872798346156,-7.958031080940449],[178.42773348613966,-7.957220646381837],[178.42739576551594,-7.957126677366256],[178.42697830532947,-7.957494528975222],[178.42681283218974,-7.957766383552445],[178.4267597552938,-7.958037851731821],[178.42685564182756,-7.958319116185159],[178.42734993256323,-7.958578393773043],[178.42738249375077,-7.958849567423292],[178.4272148544841,-7.959664000944806],[178.42740572453567,-7.960004374905637]],[[178.4293157050937,-7.961475318944684],[178.42968302881636,-7.961283216565506],[178.43024184273915,-7.96073871989749],[178.43037043351603,-7.960466991323472],[178.43033719402874,-7.960195820629623],[178.43001649947473,-7.959654355358023],[178.4295797916451,-7.959156121194171],[178.42930724575086,-7.959034752891442],[178.4290354475149,-7.959129124528639],[178.4287401780899,-7.959658751860671],[178.4287205829065,-7.960201390273363],[178.42902119941223,-7.961014211336957],[178.428990543026,-7.961285602354432]],[[178.43217010876677,-7.962359778633565],[178.43121928357544,-7.961098355092981],[178.43094682331943,-7.961002147876038],[178.43067524506844,-7.9611601073056955],[178.4300961132896,-7.961824363424603],[178.43002892175033,-7.962638450932583]],[[178.43013778085455,-7.96311710728339],[178.4304103310235,-7.963238824180025],[178.43063728131767,-7.963450208815618],[178.43078880428587,-7.96372097133021],[178.43087215095332,-7.96426325414667]],[[178.4341132446604,-7.965608482989372],[178.43312149978343,-7.96371291747915]],[[178.4317810130912,-7.9661297037222765],[178.43213035769256,-7.966429191283475],[178.4322959941768,-7.966971189075378]],[[178.43518485814698,-7.967232483235797],[178.43450228532117,-7.966123274202443]],[[178.43721830940862,-7.971023420096409],[178.43701104231735,-7.970481570148213],[178.43582341729427,-7.96831541038285]],[[178.43480693419602,-7.97545699105747],[178.43562151345884,-7.974933230197006],[178.43643564618245,-7.974282150152752],[178.43705319762978,-7.973465552030554],[178.4373984658887,-7.972650501193958],[178.43745446735053,-7.972107738255727],[178.4374111802793,-7.971565319774265]],[[178.43198125532916,-7.972669260850667],[178.4313990629231,-7.974298982751869],[178.43057068731747,-7.976200840067958]],[[178.4336136339196,-7.977004171093659],[178.4337834439093,-7.976189729075611],[178.43391235599935,-7.9759179980459365],[178.4342634166975,-7.975673191476102]],[[178.4305376086954,-7.977286094571532],[178.43072981935575,-7.976872246109024],[178.43100138830906,-7.976708948005978],[178.43154621222976,-7.97686720961615],[178.43170724094603,-7.977010767040236],[178.43165685165414,-7.977282226189018],[178.4313458450147,-7.977825871321063],[178.43131005916808,-7.978097279989167],[178.43141652664397,-7.978368196845746],[178.4314115757228,-7.978639498900325]],[[178.4323859301713,-7.97836484401959],[178.43318131392058,-7.97752232052271]],[[178.4273737537817,-7.981366294109336],[178.42716982776636,-7.981638282779089],[178.42656163326666,-7.982182950646087]],[[178.42684090567724,-7.983267129432889],[178.42735249060846,-7.982451508882203],[178.42775430078757,-7.982055082734281],[178.4282972152021,-7.981661567021709]],[[178.4261680438565,-7.982726878275351],[178.42592746630132,-7.983270278403964],[178.42488944234552,-7.98435899688558],[178.42461780111915,-7.985173789297898],[178.42431289316653,-7.985717410585629],[178.42314525773855,-7.987349144265396],[178.42233285297814,-7.98823141639088],[178.42198825457328,-7.988980839557981],[178.42152143279418,-7.9896811851486715],[178.4207760031919,-7.990341436954956],[178.41962357128807,-7.991754102732165],[178.41896672984166,-7.992246654463552],[178.4185387860852,-7.992856278557268],[178.4177242957921,-7.99342293691783],[178.4169104118777,-7.9941660065289275],[178.41621702584857,-7.994968950421078],[178.41555566774656,-7.995907815204873],[178.41170593445318,-7.999596266476883]],[[178.42044004920373,-7.991763969585482],[178.42098369706355,-7.991576711681895],[178.42114388168233,-7.991425316300008],[178.4213962738067,-7.990610590688647],[178.42167218188487,-7.990067070109415],[178.42210994839348,-7.989522992751035],[178.4225364240932,-7.9887076681376135],[178.42299917687356,-7.988163504293411],[178.42369135881955,-7.987590536868569],[178.42454864477727,-7.986259169990068],[178.42476044833813,-7.985987154839523],[178.42504577164672,-7.985770584612553]],[[178.33959913125943,-7.988190567417959],[178.3387838033594,-7.9885391264979635],[178.33855127845487,-7.988716783900527],[178.33844228667337,-7.988988431820736]],[[178.33987434575272,-7.98912896554658],[178.34014618363042,-7.989031725135781],[178.34041760300877,-7.988806249483533],[178.34054702885237,-7.988439023621177]],[[178.34913100321478,-7.990164988872077],[178.3483108564547,-7.989042951113031],[178.34749280661663,-7.988558915394367]],[[178.34688946464368,-7.990046178730238],[178.34721482779418,-7.990587706911609],[178.347500310061,-7.990846615469663],[178.3480457733315,-7.9911978147718745],[178.3483180393362,-7.991231466318198]],[[178.41498189865038,-7.9971434749312955],[178.41559505498972,-7.996327514507728],[178.41664271826278,-7.995457492286166],[178.41745587795208,-7.994503859065503],[178.4182108884607,-7.993876966303714],[178.41989737482794,-7.9922329796720595]],[[178.4128460966188,-7.9993769286955025],[178.41317805804462,-7.999048657618612],[178.41365914289736,-7.998385644654653],[178.4144729553028,-7.997617756755247]],[[178.41134716896676,-8.00014006673815],[178.41112798914244,-8.000954676762191],[178.4092249194165,-8.00258889980958],[178.40823433496826,-8.003704858277409],[178.40705064224937,-8.005309190780208]],[[178.4115460679135,-8.000953247621208],[178.4121028967981,-8.000137482939186]],[[178.4103054291053,-8.002856496666157],[178.41122040817,-8.00148026678754]],[[178.40928863875172,-8.004487692272988],[178.40996950043953,-8.003400218420797]],[[178.40738717162637,-8.006664479789054],[178.4088710941684,-8.005031692267085]],[[178.40606873887305,-8.006668975056463],[178.40552494532142,-8.00725904837468],[178.40462785380475,-8.008030321116482],[178.40389821156677,-8.009076733626165],[178.40362683517492,-8.009305894904506]],[[178.4044416115312,-8.009387393357457],[178.40498551023038,-8.008684070029107],[178.40579943262577,-8.007937676081504]],[[178.4024238379619,-8.010479410560254],[178.4021582060711,-8.010751601664705],[178.4018796455552,-8.01129512448856],[178.40163391923176,-8.011567247719755]],[[178.40183568910172,-8.011566561808928],[178.4024742607772,-8.011021814725241],[178.40264344857854,-8.010749951476445]],[[178.39848259182796,-8.017164165884374],[178.3982871090864,-8.01781824023718],[178.39821282392754,-8.017866677704548],[178.3981023421917,-8.01863273188879]],[[178.39794404002342,-8.018857525276799],[178.39788104561495,-8.019176059282588],[178.39767359758454,-8.019362979085061],[178.3975313560284,-8.019719822253068],[178.39740303267905,-8.019832738591749],[178.39725500085436,-8.020263336312398]],[[178.39749486555422,-8.020262522577607],[178.39767542125816,-8.019896996605995],[178.39777562800353,-8.019447705218747],[178.3979733516884,-8.019175746054145]],[[178.39713280926517,-8.020402688695205],[178.39671225317872,-8.021350330418647],[178.39632132881655,-8.021876266999111],[178.39589758057036,-8.022709534506843],[178.39587877359799,-8.02325217507461],[178.39605455617425,-8.023458168289796],[178.39614336578106,-8.023251278003617]],[[178.3964121980403,-8.022707789687487],[178.39647266265726,-8.022436296292913],[178.3972120066899,-8.020806058731473]],[[178.39524212867929,-8.024656590741937],[178.39493020895821,-8.02488312068073],[178.3941572563433,-8.025776720362602],[178.3931502358171,-8.027330746213613],[178.3914474969141,-8.029296020358052],[178.39016081435335,-8.031681478308789],[178.38962084462045,-8.03249716982715],[178.38902004507952,-8.033313066424965],[178.3880560084812,-8.034401477925284],[178.3877017987251,-8.035216540964447],[178.3871154996968,-8.036019497168299],[178.38597269363075,-8.037935266631182],[178.3858605790765,-8.038478223332012],[178.38589701794166,-8.038749389784419],[178.38603663821812,-8.03892537624848],[178.38646690082948,-8.037933599868348],[178.38720989889399,-8.036574646939297],[178.39010060939356,-8.033409911862728],[178.39045800164132,-8.032765629405718]],[[178.3102574377433,-8.0254326202365],[178.3100526037908,-8.02526884518024],[178.30982960235892,-8.025433981768456],[178.31005358238446,-8.02557435196641],[178.3102574377433,-8.0254326202365]],[[178.3144073556495,-8.025218896342233],[178.31413528720608,-8.02525416836041],[178.31386357817965,-8.025401345587788],[178.31223419119553,-8.026556059233197],[178.31141824568525,-8.026744165958654]],[[178.3101965562147,-8.030858766290121],[178.3103768373703,-8.030586894521099],[178.3104271369581,-8.03031543674408],[178.3102412741218,-8.029502135948855],[178.31005664633685,-8.029231426227355],[178.3099401521831,-8.028689201851984],[178.31003395882738,-8.028417605593306],[178.31025865959282,-8.028145592590857],[178.3110675229271,-8.027600421368863],[178.3110344988643,-8.027329229037663],[178.31074878833746,-8.027058841505456],[178.31005767097187,-8.026850636625225],[178.30896637811355,-8.026051058079336],[178.30869395486206,-8.025975951265297],[178.3084221100228,-8.026081607905866],[178.3078793042074,-8.026569432184797],[178.30689266850396,-8.027884997990792],[178.30636031123606,-8.028971880279558],[178.30581800126572,-8.030601389948508]],[[178.31783872224418,-8.030834356243584],[178.31741689509178,-8.030042439666785],[178.31652701742155,-8.02893947759421],[178.31545836027792,-8.027315112992907],[178.31508798894265,-8.026502405282145],[178.31486054664458,-8.025689240458123]],[[178.39237090909285,-8.03058884827914],[178.39253902419077,-8.030124677602128],[178.3932482141698,-8.028958146354743],[178.39379903456225,-8.0278711266083],[178.39509149739547,-8.026239016449903]],[[178.31139376170032,-8.026785489440062],[178.31148732753596,-8.027327786296517],[178.31103696253206,-8.0281431137825],[178.31085578818121,-8.028957583553511]],[[178.3117025679217,-8.030527599901905],[178.31194668995013,-8.030310593872224],[178.31198455922302,-8.030039175708582],[178.31224486819585,-8.029882576944438],[178.31279045525423,-8.0302614728812],[178.31333674751806,-8.03085953142243],[178.31360871025814,-8.030790186916294],[178.3141513803606,-8.030261164217995],[178.31469488125833,-8.029990884342954],[178.31523937077776,-8.030028101912585],[178.31546310368788,-8.030299365412565],[178.31549950472044,-8.030841843075235],[178.31596679053493,-8.031382942499016],[178.31611049759988,-8.031653779695244],[178.31604534730278,-8.032196582045728]],[[178.31115995880924,-8.031076875422205],[178.31111376409962,-8.031127141589977],[178.31118865894535,-8.031398200351378],[178.31098178199784,-8.031670157200898],[178.3108897830444,-8.031703583903921],[178.3106173220224,-8.031617975078662]],[[178.31117202124403,-8.03483586825861],[178.3119885551795,-8.034826069738045],[178.31280464992565,-8.034679701727125],[178.31307772419015,-8.034955350873114],[178.31334996494604,-8.034971642570396],[178.31368607395666,-8.034374501436407],[178.3139536393481,-8.033288457966446],[178.3139695153377,-8.032745812928953],[178.31361261360223,-8.032004552667638],[178.31279370676737,-8.031273759534965],[178.31224829096777,-8.030948671721369],[178.3119758923638,-8.030882386439115]],[[178.39091334466173,-8.032293155684924],[178.3913059876596,-8.031948895260193],[178.3917262494542,-8.031227410991484],[178.39199746659372,-8.030945496286444]],[[178.3062392704333,-8.03168524454732],[178.30680883393367,-8.032282369957366]],[[178.3155198420155,-8.032602360251772],[178.31514891445008,-8.031928152233196],[178.31497297412906,-8.031827121265371],[178.3147010770969,-8.031916978926393],[178.314366198436,-8.03437232808994],[178.31436465427586,-8.034643630122854],[178.31443805545604,-8.034765674631087],[178.31470964050658,-8.034578292853588],[178.31498842192255,-8.03409904174657]],[[178.3160629567186,-8.032211650356873],[178.31660583069913,-8.031746562847019],[178.31687794397394,-8.031724036527873],[178.31742290044778,-8.031905455865743],[178.31776111281235,-8.031648495192982]],[[178.30844499163996,-8.033230034203227],[178.30980917301235,-8.034241622060655]],[[178.31740332313544,-8.03571909304817],[178.31764524985178,-8.034904427557047],[178.31836708320287,-8.033816927080549],[178.31843102472877,-8.033545425408661],[178.31824391766983,-8.033287810218185],[178.31797158637193,-8.033242998759825],[178.31769997630616,-8.03342180881704],[178.31747588106208,-8.034091079958367],[178.3173057557069,-8.034362921761323],[178.31649422536148,-8.035179411297547],[178.31599275743773,-8.035994907344339],[178.31607603754637,-8.036272151038462],[178.31634829154262,-8.036292336612458],[178.31716430604612,-8.036121116233176]],[[178.31889737335234,-8.033815226704332],[178.3186661886167,-8.034629858026577],[178.31856861759047,-8.03544406085994],[178.318374025368,-8.036258574842588],[178.31844314503533,-8.036529649826731],[178.3188002564725,-8.036993964947888],[178.319889744334,-8.037220297378036],[178.3201618045135,-8.0371803964761],[178.32053027352723,-8.036794247329558],[178.32124588071616,-8.035733726757694],[178.32124695163523,-8.035435462775874],[178.32110468106956,-8.035164623559455]],[[178.32069848612554,-8.034800161222439],[178.32015230827832,-8.034242286403739],[178.31996198161082,-8.033811810972136]],[[178.32805991772406,-8.038607275932355],[178.32696998195226,-8.03824462295424]],[[178.33133130628426,-8.040177295143039],[178.3316029846877,-8.040020479811949],[178.3318115367224,-8.039742101267521],[178.33185521694944,-8.039470664519223],[178.3316005559733,-8.039275872433706],[178.33132849540792,-8.039315357268334],[178.3307849260311,-8.039563668546423],[178.33024054885058,-8.039564298192293],[178.3294231209658,-8.0393005589076],[178.32860501893137,-8.038829397496132]],[[178.3857665635644,-8.03929240834167],[178.38576568310208,-8.039287178244953],[178.38576577693584,-8.039314822630962],[178.3857665635644,-8.03929240834167]],[[178.38573730974966,-8.043090557321461],[178.38555472110593,-8.041463437350487],[178.38569409084488,-8.04010652071585],[178.38560012667963,-8.039835548231668],[178.3854952772585,-8.039810958696977],[178.3852066498515,-8.040650742935536],[178.38528044561488,-8.04119307287281],[178.38505996446364,-8.043364131167134],[178.38524753942536,-8.044177366618902],[178.38525436088733,-8.044719922257105],[178.38516889506732,-8.045262789177045],[178.38490172558383,-8.045806268958085],[178.3847834042773,-8.046620536050922],[178.3828068261356,-8.049661919165818],[178.38172215687112,-8.050869813259546]],[[178.32915539557789,-8.040671674395268],[178.33051541172992,-8.040384512525037]],[[178.3259396750542,-8.040846272572892],[178.3264352608633,-8.041216890641136],[178.32779627499147,-8.041234941546614]],[[178.3858693273362,-8.046345582950739],[178.3859451302997,-8.04580274864288],[178.38590289174866,-8.04498902348433]],[[178.38389848507958,-8.050515253511536],[178.38426657480494,-8.05014904079167],[178.38486580437137,-8.049333151356521],[178.38525446900522,-8.049052058067746]],[[178.38045758986482,-8.0536886370485],[178.38027791854017,-8.05450311085926],[178.37979105708058,-8.05558990797822],[178.37963280796197,-8.05640430972017],[178.37920487701228,-8.057762198260074],[178.3789714095306,-8.059390722529809],[178.37875804438585,-8.05973435334255],[178.37821530380927,-8.06022338626643]],[[178.38005801124228,-8.062099963064405],[178.37988214944383,-8.061015396412152]],[[178.37631513982092,-8.061768902644832],[178.37550090343572,-8.06246801557812],[178.37468547889927,-8.062816163630373]],[[178.36736452229462,-8.062685093044442],[178.3670627942026,-8.062499707679928],[178.36674258126655,-8.062687167788916],[178.3670640766272,-8.062881567823059],[178.36733577911858,-8.062733092938355]],[[178.37278778372124,-8.065101428507711],[178.3727952825755,-8.065379840902903],[178.37257875855275,-8.065923147336013]],[[178.38089613802074,-8.068065509940542],[178.3808359862122,-8.066166686054386],[178.38054014625456,-8.064811235305259]],[[178.37473039222854,-8.068357543991276],[178.37480593581697,-8.06862858056448],[178.37477195935358,-8.06889998480751],[178.37460480867122,-8.06917183613641]],[[178.37416412789963,-8.069641108190973],[178.3738044638746,-8.069988392913599],[178.37376200684588,-8.070259825640708],[178.3742982601396,-8.071071896583133],[178.37455067272947,-8.071884919659164]],[[178.37488864318058,-8.07242636487757],[178.37526418924108,-8.072964905759447],[178.37553725562663,-8.073218866652557]]]}},{"type":"Feature","properties":{"year":2001,"certainty":"insufficient data"},"geometry":{"type":"MultiLineString","coordinates":[[[178.37699099623626,-7.9297203520979],[178.3771577877099,-7.929448508983541],[178.3771939508299,-7.92917709777622],[178.3769584808051,-7.928979203625439],[178.37668650118624,-7.929018808665502],[178.3765345510196,-7.929179277545931],[178.37654138256855,-7.92945054667252],[178.37668883919505,-7.92972189511803],[178.37699099623626,-7.9297203520979]],[[178.37995303589335,-7.9293790138593705],[178.3783198100157,-7.929211422128481],[178.3780479952255,-7.929300506471396],[178.37788104925497,-7.929446116889682],[178.37775037397597,-7.929717840741843]],[[178.38343766400183,-7.933497060965094],[178.3838167084107,-7.932953219432567],[178.38380567497194,-7.932681965247945],[178.38268009174544,-7.931158862697667],[178.38158808046782,-7.930091478227399]],[[178.37793984625426,-7.930259797001387],[178.37800927364796,-7.930530858809615],[178.37832042525338,-7.931072412076369],[178.3791097081016,-7.931883673021222],[178.3792183226528,-7.932154604631847],[178.37921815974047,-7.932697187913294]],[[178.37969236785406,-7.932811977080903],[178.38023632691352,-7.932731651618467],[178.38105265921203,-7.93272932060481],[178.38186933418862,-7.932829692654878]],[[178.3824142237075,-7.933028154706121],[178.38274542659974,-7.933228069889718],[178.3829721040171,-7.933498607871418]],[[178.385902072387,-7.934845316905962],[178.38628411468298,-7.9345727540791975],[178.3863072212861,-7.934301386559926],[178.38613866765454,-7.934030657303697],[178.38540886970912,-7.933446571200758],[178.38513651371903,-7.9333740769388115],[178.3849246856153,-7.933492116583025],[178.38468241075373,-7.934306794760118],[178.38471898146327,-7.934577963841599],[178.38486931084228,-7.934841127133655],[178.3851418411181,-7.934965378661515],[178.38541403179033,-7.934988179716089],[178.385902072387,-7.934845316905962]],[[178.4066719561373,-7.944716933874777],[178.40658932967727,-7.944813584778207],[178.40645164976084,-7.945356626964947],[178.40646321566405,-7.945627876005728],[178.40667524587403,-7.945683172787858],[178.4070650583784,-7.945083262957854],[178.4071051397689,-7.944811839179266]],[[178.41472820671908,-7.948855275035445],[178.41476606303144,-7.948041284538174],[178.4146655798011,-7.947770339412243],[178.41430121775613,-7.947626213735643],[178.4141444793458,-7.947772113035527],[178.41415708895045,-7.948314644673362],[178.41430508574152,-7.948755729906007],[178.41457823665692,-7.949056651787615]],[[178.416758812836,-7.9501101882447935],[178.41705788860494,-7.949661197100429],[178.4171232245343,-7.949389687328342],[178.41702764061623,-7.949150615837606],[178.4167557001899,-7.949202988342112],[178.41635855981804,-7.949663581773717],[178.41627318821156,-7.94993515981868]],[[178.4197893788979,-7.952093450998236],[178.42017458773478,-7.95127827438683],[178.4202286700405,-7.951006802929913],[178.42009780587443,-7.950735963766212],[178.4197540351282,-7.950661528318844],[178.41963499486366,-7.950737545654434],[178.41948400660044,-7.951009348256408],[178.41929074364484,-7.9515525819334325],[178.4192843243409,-7.951823890516137],[178.41948771398899,-7.952348226764982]],[[178.4232636735039,-7.953709277085735],[178.42339288037712,-7.953437548060279],[178.42337707537177,-7.953166316070613],[178.42302647639536,-7.9526905175172855],[178.42220821608066,-7.952140536167729],[178.42193596769064,-7.952103696720483],[178.421664548014,-7.952307474026631],[178.4213394414803,-7.952902008613286],[178.4213795079904,-7.953444444269456],[178.42152193666627,-7.953715243113914],[178.42166976539127,-7.9538221989168],[178.42221402608828,-7.953826687333114],[178.42275869364593,-7.95394922633879],[178.42303063569332,-7.953896866692086],[178.4232636735039,-7.953709277085735]],[[178.42521445785212,-7.955878097831698],[178.42543138076044,-7.955600843151519],[178.42549730155258,-7.955329330915853],[178.42542241085772,-7.9550583021389265],[178.4246648625011,-7.954329096839521],[178.42439270728013,-7.954319661447159],[178.42415798872273,-7.954520069112894],[178.4239881720466,-7.954791937613399],[178.42384819439647,-7.955063703750764],[178.42382127445086,-7.955335082158541],[178.4238973949152,-7.955606107177051],[178.4240932911207,-7.955876721306908],[178.4246710213796,-7.956112903456871]],[[178.42611941592799,-7.957768766721333],[178.42631640256533,-7.957225518272081],[178.4267265091308,-7.956681537362703],[178.42657754088512,-7.956591117670826],[178.42630664534175,-7.956946418077977],[178.42628782696264,-7.957225616464379],[178.4260360176222,-7.957379321694406],[178.4259691892207,-7.957497997061072],[178.42589255876766,-7.957769546144309],[178.42603773505178,-7.957876113797875],[178.42611941592799,-7.957768766721333]],[[178.4281189063801,-7.959932176057379],[178.4284915159021,-7.959221241655976],[178.42893153172668,-7.958844236592014],[178.42898586958174,-7.958572764032946],[178.42892273002437,-7.958301695967004],[178.42872798346156,-7.958031080940449],[178.42772462453442,-7.957220676862793],[178.4273957727483,-7.957128767569873],[178.4271242643691,-7.9573067734380265],[178.42697830532947,-7.957494528975222],[178.42681283218974,-7.957766383552445],[178.4267597552938,-7.958037851731821],[178.42685564182756,-7.958319116185159],[178.42734993256323,-7.958578393773043],[178.42738249375077,-7.958849567423292],[178.42721493640724,-7.959664000663035],[178.42740572453567,-7.960004374905637]],[[178.42931571078296,-7.961476960071358],[178.42968302881636,-7.961283216565506],[178.43024366372472,-7.960738713620171],[178.43037099410708,-7.960466989390892],[178.43033773319752,-7.960195818770996],[178.43001706478117,-7.9596543534098565],[178.42957979077252,-7.959155869458594],[178.42930724575086,-7.959034752891442],[178.4290354475149,-7.959129124528639],[178.4287401780899,-7.959658751860671],[178.4287205829065,-7.960201390273363],[178.4290032677234,-7.961014273100092],[178.42898132426492,-7.961285634107603]],[[178.432160826786,-7.962359810679868],[178.43121928357544,-7.961098355092981],[178.43094682331943,-7.961002147876038],[178.43067524506844,-7.9611601073056955],[178.4300961132896,-7.961824363424603],[178.43002892175033,-7.962638450932583]],[[178.43013778085455,-7.96311710728339],[178.4304103310235,-7.963238824180025],[178.43063728131767,-7.963450208815618],[178.43078880428587,-7.96372097133021],[178.43087215095332,-7.96426325414667]],[[178.4341132446604,-7.965608482989372],[178.43312149978343,-7.96371291747915]],[[178.4317810130912,-7.9661297037222765],[178.43213035769256,-7.966429191283475],[178.4322959941768,-7.966971189075378]],[[178.43518485814698,-7.967232483235797],[178.43450228532117,-7.966123274202443]],[[178.43722253799544,-7.97102340543001],[178.43700850901723,-7.97048157893282],[178.43582341729427,-7.96831541038285]],[[178.43480694937108,-7.975461343940915],[178.4356215128002,-7.974933041371707],[178.43643564618245,-7.974282150152752],[178.43705640277165,-7.973465540911829],[178.4373986388292,-7.97265050059394],[178.4374545591974,-7.97210773793707],[178.43741191147535,-7.9715653172376815]],[[178.43196567135368,-7.972669314715403],[178.43140104731106,-7.974298975894379],[178.43057074698015,-7.976200839861853]],[[178.4336216834516,-7.977004143224404],[178.43378720109365,-7.976189716067182],[178.43391322812838,-7.97591799502621],[178.4342634597781,-7.975685553258972]],[[178.43057620811265,-7.97728596121269],[178.43073025327698,-7.976997045569837],[178.43100165162684,-7.976784667889952],[178.43154621222976,-7.97686720961615],[178.43170724094603,-7.977010767040236],[178.43165429565707,-7.9772822350266255],[178.4313455146666,-7.977825872463103],[178.43131005916808,-7.978097279989167],[178.43141652664397,-7.978368196845746],[178.4314108509806,-7.978639501406179]],[[178.4323816922076,-7.978364858682156],[178.4331813212376,-7.9775244212041585]],[[178.4273737537817,-7.981366294109336],[178.42716982776636,-7.981638282779089],[178.42656163326666,-7.982182950646087]],[[178.42684090567724,-7.983267129432889],[178.42735915967106,-7.98245148587805],[178.42775430078757,-7.982055082734281],[178.4282972152021,-7.981661567021709]],[[178.4261680438565,-7.982726878275351],[178.42592746630132,-7.983270278403964],[178.42488944234552,-7.98435899688558],[178.42461780111915,-7.985173789297898],[178.42431040755454,-7.985717419144573],[178.42316174400207,-7.987349087531569],[178.42237664280387,-7.988165646118369],[178.42198825457328,-7.988980839557981],[178.42152144574698,-7.98968492856583],[178.42077950095273,-7.990341424933901],[178.41962357128807,-7.991754102732165],[178.41896701948417,-7.992246653469153],[178.4185387985933,-7.99285989959602],[178.41772429783924,-7.993423529842749],[178.41691041141468,-7.99416587235463],[178.41621702584857,-7.994968950421078],[178.41555566774656,-7.995907815204873],[178.41392793633912,-7.997410506327279]],[[178.42044005486167,-7.991765605562732],[178.42098369706355,-7.991576711681895],[178.42114388168233,-7.991425316300008],[178.4213970510466,-7.990610588016187],[178.42167218188487,-7.990067070109415],[178.42210994839348,-7.989522992751035],[178.4225364240932,-7.9887076681376135],[178.42300064784916,-7.988163499231418],[178.42369135881955,-7.987590536868569],[178.42414457422154,-7.986803132827926],[178.42454864477727,-7.986259169990068],[178.4247605044239,-7.985987154646334],[178.42504577164672,-7.985770584612553]],[[178.33959918104924,-7.988205840112573],[178.33905549644618,-7.988397453164155],[178.33878391244698,-7.988572607243587],[178.33859753948488,-7.988716634143293],[178.33846636252167,-7.988988353886278]],[[178.33987434575272,-7.98912896554658],[178.34014618363042,-7.989031725135781],[178.34041763172752,-7.9888150526957755],[178.34058418290553,-7.9884389031703495]],[[178.34913089013654,-7.9901305565530105],[178.34850599382307,-7.98922702707728],[178.34818749234054,-7.988956771672291],[178.34749280240334,-7.9885576306235135]],[[178.34688946464368,-7.990046178730238],[178.34721371845438,-7.990587710526803],[178.34750031466695,-7.990848019550518],[178.3480457755513,-7.991198491153992],[178.3483180393362,-7.991231466318198]],[[178.41498189865038,-7.9971434749312955],[178.41560707915676,-7.9963274733038485],[178.41664271826278,-7.995457492286166],[178.41745587795208,-7.994503859065503],[178.4182108884607,-7.993876966303714],[178.41989737482794,-7.9922329796720595]],[[178.4139212705955,-7.997418393549948],[178.41170593445318,-7.999596266476883]],[[178.4128460966188,-7.9993769286955025],[178.41365921581104,-7.998406810886188],[178.41447295250836,-7.9976169459353175]],[[178.41134716896676,-8.00014006673815],[178.41112798914244,-8.000954676762191],[178.4092249194165,-8.00258889980958],[178.40804090550708,-8.003949376668409],[178.40705124950506,-8.005309188709605]],[[178.4115460679135,-8.000953247621208],[178.41210672475398,-8.00013746984806]],[[178.4103054291053,-8.002856496666157],[178.41122040817,-8.00148026678754]],[[178.40928886119644,-8.004487691513374],[178.40996950043953,-8.003400218420797]],[[178.40738717162637,-8.006664479789054],[178.4088726905581,-8.00503168681689]],[[178.4060777698945,-8.006668944279038],[178.4055250088635,-8.007277580074255],[178.40462785380475,-8.008030321116482],[178.40389816974368,-8.009064524800012],[178.40362682287747,-8.009302304489793]],[[178.40444361037154,-8.009390807195143],[178.40498551023038,-8.008684070029107],[178.40579943262577,-8.007937676081504]],[[178.4024238379619,-8.010479410560254],[178.4021582060711,-8.010751601664705],[178.4018796455552,-8.01129512448856],[178.40163706412392,-8.01156723702954]],[[178.40183568910172,-8.011566561808928],[178.4024742607772,-8.011021814725241],[178.40264344857854,-8.010749951476445]],[[178.39848259586637,-8.01716534811408],[178.39831849653513,-8.017818133716961],[178.39821290575097,-8.017890633734735],[178.3981023421917,-8.01863273188879]],[[178.39794404002342,-8.018857525276799],[178.39788104561495,-8.019176059282588],[178.39767359758454,-8.019362979085061],[178.3975313560284,-8.019719822253068],[178.39740303267905,-8.019832738591749],[178.39725500085436,-8.020263336312398]],[[178.39749486555422,-8.020262522577607],[178.39767542125816,-8.019896996605995],[178.39777562800353,-8.019447705218747],[178.3979733516884,-8.019175746054145]],[[178.3971328046913,-8.02040134896161],[178.3969972453094,-8.020806787210965],[178.39632132515703,-8.02187519466574],[178.39589758057036,-8.022709534506843],[178.39587753935484,-8.023252179258774],[178.39605457243533,-8.023462933168593],[178.39614866544417,-8.023251260033948]],[[178.39641173579872,-8.022707791255012],[178.3964714653141,-8.022436300353313],[178.39721505194882,-8.02080604840103]],[[178.39524212867929,-8.024656590741937],[178.39493020895821,-8.02488312068073],[178.39415730566108,-8.025791187036157],[178.3931502358171,-8.027330746213613],[178.3914474969141,-8.029296020358052],[178.39047177714463,-8.031137849441196],[178.38962491297644,-8.03249715608157],[178.38902004507952,-8.033313066424965],[178.3880560084812,-8.034401477925284],[178.38771379491908,-8.035216500475975],[178.3871154998396,-8.036019539220966],[178.38597269363075,-8.037935266631182],[178.38585568190516,-8.03847823984498],[178.38589217031,-8.038749406131315],[178.3860366928495,-8.038941468818729],[178.38647682006354,-8.037933566408668],[178.3872117501388,-8.036574640692352],[178.3901006266484,-8.033414983230012],[178.39045800164132,-8.032765629405718]],[[178.3102574377433,-8.0254326202365],[178.3100526037908,-8.02526884518024],[178.30982960235892,-8.025433981768456],[178.31005358238446,-8.02557435196641],[178.3102574377433,-8.0254326202365]],[[178.3144073556495,-8.025218896342233],[178.31413528720608,-8.02525416836041],[178.31386358564865,-8.025403670565327],[178.31223418634482,-8.026554547627908],[178.31141824568525,-8.026744165958654]],[[178.31139376170032,-8.026785489440062],[178.3114868494289,-8.027327787820061],[178.31142078484788,-8.027535868165872],[178.3111496725763,-8.027869960340833],[178.31103629093204,-8.027329223329],[178.31075383221292,-8.027058825442122],[178.31005767097187,-8.026850636625225],[178.3089663761153,-8.026050433774216],[178.30869395486206,-8.025975951265297],[178.30842210688044,-8.026080625756345],[178.30767681012873,-8.026797315525183],[178.30689399637,-8.027884993773942],[178.30635975019248,-8.028971882060754],[178.30582047158313,-8.03060138210748]],[[178.31785411848062,-8.03083430692278],[178.31741685641754,-8.030030440473464],[178.31652701742155,-8.02893947759421],[178.31545836027792,-8.027315112992907],[178.31508798894265,-8.026502405282145],[178.31486054664458,-8.025689240458123]],[[178.39237200670928,-8.030588844564193],[178.39253903147238,-8.03012681487297],[178.3932482141698,-8.028958146354743],[178.39379903456225,-8.0278711266083],[178.39509149739547,-8.026239016449903]],[[178.31033928431452,-8.029792890485012],[178.31026287327376,-8.02950206716741],[178.30997703688107,-8.028960382060832],[178.3099556930349,-8.028689152379275],[178.3100646319286,-8.02841750794428],[178.31033379072522,-8.028078980633481],[178.31087717390028,-8.027771777346704],[178.31114860730736,-8.02787146056971],[178.31075181314083,-8.02922921231849]],[[178.31088384156237,-8.029851147833554],[178.3110586177211,-8.030313424872872],[178.31101207160586,-8.030584870699688],[178.31088659001782,-8.030708116526025],[178.31061472725685,-8.030808856037474],[178.31049217734306,-8.030586527127143],[178.31037853997034,-8.030044293962368]],[[178.3124224696477,-8.03030907639106],[178.31251798426055,-8.0301725055168],[178.31279053200296,-8.030285368418573],[178.31333703118395,-8.030947806356245],[178.3138818250053,-8.03107922796143],[178.31415375631514,-8.031000111796628],[178.3143122185168,-8.03084563798088],[178.3144362991606,-8.030573944406962],[178.3149674502348,-8.030110272223752],[178.31524112159454,-8.030028778065539],[178.31546310368788,-8.030299365412565],[178.3154880589986,-8.030841879675386],[178.3159162073421,-8.031383104315303],[178.31604408220846,-8.031653992187847],[178.31604534730278,-8.032196582045728]],[[178.3111720264115,-8.034837478198414],[178.3119885551795,-8.034826069738045],[178.31280464992565,-8.034679701727125],[178.31307772419015,-8.034955350873114],[178.31334996494604,-8.034971642570396],[178.31368607395666,-8.034374501436407],[178.3139536393481,-8.033288457966446],[178.3139695153377,-8.032745812928953],[178.31361258656986,-8.031996143304285],[178.3125207036521,-8.031019322231252],[178.3119758923638,-8.030882386439115]],[[178.39091336011157,-8.032297694526934],[178.39131514610767,-8.031948864281407],[178.3917262633374,-8.03123148775943],[178.39199746659372,-8.030945496286444]],[[178.3062392704333,-8.03168524454732],[178.30680883393367,-8.032282369957366]],[[178.3155198420155,-8.032602360251772],[178.31514891445008,-8.031928152233196],[178.31497297412906,-8.031827121265371],[178.3147010807461,-8.031918113201504],[178.314366198436,-8.03437232808994],[178.31436465427586,-8.034643630122854],[178.31443805545604,-8.034765674631087],[178.31470964050658,-8.034578292853588],[178.31498842192255,-8.03409904174657]],[[178.3160629567186,-8.032211650356873],[178.31660583069913,-8.031746562847019],[178.31687794820488,-8.031725349488736],[178.3174229014568,-8.031905768856134],[178.31776668003243,-8.03164847735813]],[[178.30844503351176,-8.03324310931184],[178.30980917301235,-8.034241622060655]],[[178.31740696930652,-8.03571908136491],[178.31764524985178,-8.034904427557047],[178.31836708320287,-8.033816927080549],[178.31843102472877,-8.033545425408661],[178.31824391766983,-8.033287810218185],[178.31797158637193,-8.033242998759825],[178.31769997630616,-8.03342180881704],[178.31747588106208,-8.034091079958367],[178.3173057557069,-8.034362921761323],[178.3164927502727,-8.035179416020522],[178.31599275743773,-8.035994907344339],[178.31607603754637,-8.036272151038462],[178.31634829154262,-8.036292336612458],[178.31716431386263,-8.03612354001807]],[[178.31889675255388,-8.033815228695328],[178.3186661886167,-8.034629858026577],[178.3185702627078,-8.035444055584074],[178.318374025368,-8.036258574842588],[178.31844314503533,-8.036529649826731],[178.3188002564725,-8.036993964947888],[178.3198897446613,-8.037220398642246],[178.32016180541493,-8.037180675325764],[178.32053012224029,-8.036794247815532],[178.32124588071616,-8.035733726757694],[178.32124695163523,-8.035435462775874],[178.32110727341393,-8.035164615230139]],[[178.32069847582298,-8.034796974579455],[178.32015228211125,-8.034234188841415],[178.31996437793416,-8.033811803280567]],[[178.32805991772406,-8.038607275932355],[178.3269700165752,-8.038255276769817]],[[178.33133129063782,-8.040172497520802],[178.33160299795745,-8.040024547919678],[178.3318160812084,-8.039742086539334],[178.3318575447063,-8.039470656975224],[178.33160055292888,-8.03927493901889],[178.33132850937443,-8.039319640254982],[178.3307849449961,-8.039569486573956],[178.33024058604357,-8.039575712797397],[178.32942317109985,-8.0393159551199],[178.32860501893137,-8.038829397496132]],[[178.38578050013024,-8.039292361346629],[178.38576544828084,-8.039217997070415],[178.38576646125418,-8.039516426835313],[178.38578050013024,-8.039292361346629]],[[178.38573730974966,-8.043090557321461],[178.38563515075123,-8.042548323343581],[178.38557845831832,-8.041463357297927],[178.38569409084488,-8.04010652071585],[178.38560012667963,-8.039835548231668],[178.3854952772585,-8.039810958696977],[178.3852066498515,-8.040650742935536],[178.38527598595763,-8.041193087909159],[178.38505996446364,-8.043364131167134],[178.38524753942536,-8.044177366618902],[178.38525436088733,-8.044719922257105],[178.38516889506732,-8.045262789177045],[178.38491012249625,-8.045806240638543],[178.3847834042773,-8.046620536050922],[178.3828068421214,-8.049666632663852],[178.38172215687112,-8.050869813259546]],[[178.32915533053216,-8.040651698187869],[178.32969920192127,-8.04049527959257],[178.33051540906627,-8.040383695299662]],[[178.32593887344757,-8.040846275159696],[178.3264352683305,-8.041219188445867],[178.32779627499147,-8.041234941546614]],[[178.38587352877582,-8.0463455687701],[178.3859451302997,-8.04580274864288],[178.38590289174866,-8.04498902348433]],[[178.38389848507958,-8.050515253511536],[178.38426657480494,-8.05014904079167],[178.38471162704565,-8.049504967517148],[178.38525446943856,-8.04905218562794]],[[178.38045758986482,-8.0536886370485],[178.38028261255675,-8.054503095064456],[178.3797885572292,-8.055589916388035],[178.37963705951663,-8.0564042954176],[178.37920487701228,-8.057762198260074],[178.37897532113155,-8.05939070937244],[178.3787581138504,-8.059754869500004],[178.37821532019626,-8.060228227728938]],[[178.38005578952598,-8.062099970545868],[178.37988242975163,-8.061015395468477]],[[178.37631512138665,-8.061763449844754],[178.37550091610382,-8.062471764630878],[178.37468546033682,-8.062810667139733]],[[178.36736452229462,-8.062685093044442],[178.3670627942026,-8.062499707679928],[178.36674258126655,-8.062687167788916],[178.3670640766272,-8.062881567823059],[178.36733577911858,-8.062733092938355]],[[178.37278778372124,-8.065101428507711],[178.3727951901699,-8.065379841212556],[178.37257875855275,-8.065923147336013]],[[178.38089613802074,-8.068065509940542],[178.3808359862122,-8.066166686054386],[178.38054014625456,-8.064811235305259]],[[178.37472996623637,-8.06835754542131],[178.37480323965036,-8.068628589616177],[178.3747710785379,-8.068899987764652],[178.37460480867122,-8.06917183613641]],[[178.37416412789963,-8.069641108190973],[178.3738044638746,-8.069988392913599],[178.37376200684588,-8.070259825640708],[178.37429917928532,-8.071071893497562],[178.37455067272947,-8.071884919659164]],[[178.37488864318058,-8.07242636487757],[178.37526418924108,-8.072964905759447],[178.37553725562663,-8.073218866652557]]]}},{"type":"Feature","properties":{"year":2002,"certainty":"insufficient data"},"geometry":{"type":"MultiLineString","coordinates":[[[178.37706678706874,-7.9297201015104335],[178.3772552668194,-7.929176895031676],[178.37695842551116,-7.928962578056052],[178.3766864714998,-7.929009880946984],[178.37652585992888,-7.929179306268995],[178.37652434228042,-7.929450602990713],[178.3766502788948,-7.929721478442357],[178.37696147921193,-7.92988069984036],[178.37706678706874,-7.9297201015104335]],[[178.3799530158571,-7.929373002817876],[178.3783198198372,-7.9292143722063],[178.37788179218597,-7.9294461144318875],[178.37774799830808,-7.929717848600629]],[[178.3835043528424,-7.93352941066733],[178.38392576865425,-7.932952856910006],[178.38388729496032,-7.932681693952273],[178.38359051226124,-7.932411389461986],[178.38268008840356,-7.931157862303205],[178.38158805297653,-7.930083241129879]],[[178.3779332718617,-7.9302598187541005],[178.37800070422895,-7.930530887165629],[178.37829719120802,-7.931072488979371],[178.37908296080107,-7.931883761612269],[178.37920688078705,-7.932154642533469],[178.37921164023896,-7.93269720951087]],[[178.3796924841009,-7.932846843289635],[178.3802363924775,-7.932751308848102],[178.38132493609342,-7.932778327213413],[178.38186946222706,-7.93286803491604]],[[178.38241438337562,-7.933075948661171],[178.38268715385053,-7.93327259875008],[178.38296044668948,-7.933625464682567]],[[178.38611667810153,-7.934844602275578],[178.38642012070554,-7.9345723010864635],[178.38636984876797,-7.934301177976726],[178.38615905021152,-7.934030589430363],[178.38540885333538,-7.9334416808369275],[178.38513643129272,-7.933349453494133],[178.38486471419475,-7.9334678293094685],[178.3846518020825,-7.934306896580571],[178.3846854403524,-7.934578075423425],[178.38481537042935,-7.934848933891367],[178.3851419898531,-7.935009801295813],[178.38541421306172,-7.935042309146267],[178.38568626406433,-7.935023401035685],[178.38611667810153,-7.934844602275578]],[[178.38710068211745,-7.935383905086739],[178.38704780228085,-7.935311827372808],[178.38700919791665,-7.935384209976376],[178.38704822880896,-7.93543903694188],[178.38710068211745,-7.935383905086739]],[[178.39686422616478,-7.941329428238376],[178.39686386188433,-7.941221628654594],[178.3965916037038,-7.941179887892975],[178.39654662999652,-7.941320682558874]],[[178.4066718055849,-7.944672711753175],[178.40655109869206,-7.94481371413362],[178.40647307292744,-7.945085266303951],[178.40641221914603,-7.945628048554583],[178.40667548831945,-7.9457543773964225],[178.40697850518632,-7.94535484403538],[178.4071658803804,-7.944811633579431]],[[178.41472820671908,-7.948855275035445],[178.4147543765791,-7.9480413243256205],[178.41462068000882,-7.947770492259396],[178.41430137050108,-7.947670820949746],[178.41420438806958,-7.94777190916277],[178.41415019156548,-7.948043380873484],[178.41418043466075,-7.94831456522163],[178.4143051122333,-7.948763465375064],[178.41457823665692,-7.949056651787615]],[[178.416758812836,-7.9501101882447935],[178.41705788860494,-7.949661197100429],[178.4171232245343,-7.949389687328342],[178.41702764061623,-7.949150615837606],[178.4167557001899,-7.949202988342112],[178.41635855981804,-7.949663581773717],[178.41627318821156,-7.94993515981868]],[[178.41980639146465,-7.9520933928424204],[178.42019114743158,-7.951278217769403],[178.420234071858,-7.951006784461142],[178.42002623447303,-7.950684375762534],[178.4197540351282,-7.950661528318844],[178.41963499486366,-7.950737545654434],[178.41948462714453,-7.951009346135885],[178.41929046153146,-7.951552582897404],[178.41928192252718,-7.951823898723255],[178.41948792841518,-7.952410580696339]],[[178.42291297522783,-7.953981765140519],[178.42303086656997,-7.953963823864871],[178.4233483611199,-7.953708986816265],[178.42341470226538,-7.953437473262416],[178.42329980030743,-7.953039147643777],[178.42302647826216,-7.952691059004477],[178.42275363508375,-7.952481761880395],[178.42220810632566,-7.952108680074356],[178.42193587291655,-7.952076183406138],[178.4216644059821,-7.952266234726904],[178.4213128940271,-7.952902099469915],[178.4212850140212,-7.953173481289643],[178.421396841006,-7.953589414748773],[178.42166979434649,-7.953830604445572],[178.42221409328948,-7.953846187972569],[178.42275887290307,-7.954001222837789],[178.42291297522783,-7.953981765140519]],[[178.42521458162398,-7.955913929250798],[178.42547093664473,-7.955600707336603],[178.42552467328937,-7.955329236934317],[178.42542451194254,-7.955058294925481],[178.42494699748372,-7.95451736212284],[178.42466477898256,-7.954304904389192],[178.4243926195638,-7.954294248140084],[178.42413538107684,-7.954520146654794],[178.4239727548899,-7.954791990488249],[178.4238266912399,-7.955063777493269],[178.42379586624114,-7.955335169294084],[178.4238563975082,-7.955606247785994],[178.42404660311757,-7.955876881459926],[178.42467111493247,-7.956139996149939]],[[178.4261510400118,-7.957768658059256],[178.4263864444755,-7.957225277583754],[178.42668957718075,-7.956952950039298],[178.42684980824154,-7.956632597131185],[178.42657728318707,-7.956516592728538],[178.42630613471357,-7.956798724995125],[178.4261601502703,-7.957226055166639],[178.42603583841978,-7.957327482877447],[178.42585950995604,-7.957769659681195],[178.42603785159403,-7.957909824224928],[178.4261510400118,-7.957768658059256]],[[178.42931573668193,-7.961484430873078],[178.42958751648666,-7.961384350851883],[178.43033090595247,-7.9607384128687215],[178.43040845795414,-7.9604668602362425],[178.4303482742565,-7.960195782433643],[178.43002247204976,-7.959654334775261],[178.4295797708285,-7.959150115775934],[178.42903476689762,-7.958932694171407],[178.42892909830417,-7.958301674040982],[178.42873236782913,-7.958031065847618],[178.42776640524193,-7.9572205331494725],[178.42739568288576,-7.957102796550098],[178.42712413310306,-7.957268830076389],[178.4269550390898,-7.957494608963241],[178.42676820028768,-7.957766536980552],[178.42669986859266,-7.95803805759841],[178.42675483093248,-7.9583091543784],[178.4268560357633,-7.9584329916919705],[178.4272270950443,-7.958578816232804],[178.42734433220767,-7.95884969867877],[178.427187073139,-7.959392810844216],[178.4271663268513,-7.959664167850555],[178.42725564309694,-7.959935146293414],[178.42767879568132,-7.960277354248664],[178.42795072514784,-7.9602205398516235],[178.42849175590837,-7.959290533336179],[178.4287631194481,-7.95907060067909],[178.42888937367144,-7.959115667215028],[178.42865183095654,-7.959659056041909],[178.4286325450201,-7.959930407925261],[178.4287198644801,-7.960472678214428],[178.42897022379037,-7.96101438691316],[178.42896263092157,-7.96128569849447]],[[178.43214937469932,-7.9623598502182364],[178.43121923030952,-7.961083009711849],[178.43094672210435,-7.960972982886554],[178.43067502411958,-7.961096430232868],[178.43008311796535,-7.9618244082233405],[178.42997719625646,-7.962638629252646],[178.4297876653468,-7.96291056790761],[178.4298654086412,-7.963046654313611],[178.4304103310235,-7.963238824180025],[178.43063728131767,-7.963450208815618],[178.43078880428587,-7.96372097133021],[178.43087215095332,-7.96426325414667]],[[178.43411994344535,-7.965608459820901],[178.43309269197982,-7.963713017020807]],[[178.43178109457796,-7.9661531549524405],[178.43212267883325,-7.9664292178074305],[178.43227784153478,-7.966971251788557]],[[178.43518125804908,-7.96723249569886],[178.43450228324244,-7.966122677092746]],[[178.43725792200678,-7.971023282702737],[178.43702381193617,-7.970481525867374],[178.43581799641024,-7.9683154291600635]],[[178.43226762932414,-7.971311846324957],[178.43203604654923,-7.97239778652615],[178.4316136750925,-7.973755671119783],[178.43056123071216,-7.976200872735886]],[[178.43480709488284,-7.9755030830991815],[178.43617317640974,-7.974553741691628],[178.43707267734976,-7.97346548445452],[178.4373817910011,-7.972650559047317],[178.43746714603634,-7.972107694267902],[178.43745249502174,-7.971565176448013]],[[178.43368216914203,-7.977003933804601],[178.43380899236564,-7.976189640618998],[178.43395106168796,-7.975917864026707],[178.43426362856022,-7.975733984344721]],[[178.43000679531113,-7.977287928137363],[178.42947001762587,-7.978374922282882],[178.4291301154667,-7.978918666142234],[178.42886705751962,-7.979190859404648]],[[178.43182494180678,-7.97876171022894],[178.43236782345474,-7.978361259180807],[178.43321390370002,-7.9775481243418405]],[[178.42884067857756,-7.981426373331549],[178.43036294452415,-7.980270833570955],[178.431028004947,-7.979454679872005]],[[178.42806887267037,-7.980278754917752],[178.4276660103656,-7.98082271535478]],[[178.42735420042436,-7.9813663615478285],[178.42693721105053,-7.981862647209367],[178.4263944161855,-7.982291159476086]],[[178.4268715504316,-7.983267023753875],[178.4271721652251,-7.9827234162245215],[178.4274831714065,-7.982346394955006],[178.42775433772923,-7.982065722701384],[178.4282972859986,-7.981681951140149]],[[178.4261411505213,-7.982726970965796],[178.4259049509134,-7.983270355997563],[178.42488542652566,-7.984359010716936],[178.42461569868726,-7.98517379653847],[178.4238109361444,-7.986532995853561],[178.42314631923622,-7.987373965843749],[178.42235685806114,-7.988165714172303],[178.42199783478094,-7.988980806610157],[178.42152144477242,-7.989684646908804],[178.420739749181,-7.990341561550443],[178.419927894097,-7.99142949522881],[178.4189522167023,-7.9922467042897924],[178.41853878397632,-7.992855668041552],[178.41772428413074,-7.993419559290084],[178.4169103664724,-7.9941528489380005],[178.4162122202547,-7.994968966893083],[178.4155555835816,-7.995883407831974],[178.41169699382854,-7.999596297041942]],[[178.42044005010266,-7.991764229503176],[178.42098368672535,-7.99157372349015],[178.4211480872468,-7.991425301840734],[178.4213968282505,-7.990610588782247],[178.42167461099888,-7.990067061756086],[178.4220653261954,-7.989565826440582],[178.42276026870385,-7.988435612170865],[178.42369144743063,-7.9876161135526385],[178.42434731021837,-7.986531149023835],[178.4247744370046,-7.986003899634126],[178.42504589666444,-7.9858066437067]],[[178.33959918104924,-7.988205840112573],[178.33905549644618,-7.988397453164155],[178.33878391244698,-7.988572607243587],[178.33859753948488,-7.988716634143293],[178.33846636252167,-7.988988353886278]],[[178.3491306437399,-7.990055528243085],[178.34831081836592,-7.989031344380651],[178.34736492607226,-7.988416864585909],[178.3469476997861,-7.988315161122157]],[[178.33987435585553,-7.989132063514936],[178.34014615420898,-7.98902270493899],[178.34041753311615,-7.988784825106723],[178.34058388057952,-7.988438904150486]],[[178.34687332623935,-7.990046231306698],[178.34718860634828,-7.99058779236304],[178.34749063781646,-7.990858102105699],[178.3480458116329,-7.991209485375617],[178.34831810499668,-7.991251469221028]],[[178.41499026487222,-7.997143446271915],[178.41564203165007,-7.996327353528231],[178.4166427181475,-7.995457458876288],[178.41745595809772,-7.99452707375416],[178.41821788459856,-7.9938769422925535],[178.41989739176915,-7.99223787976981]],[[178.41284618198026,-7.99940171954915],[178.41320747198083,-7.999048556962467],[178.41365936340023,-7.998449654626325],[178.41447307823614,-7.997653426171336]],[[178.41133890116149,-8.000140094997752],[178.4111159506161,-8.000954717907858],[178.4095899948994,-8.00221347945988],[178.40894366661786,-8.00286114707869],[178.40804369902705,-8.003949367138],[178.40704756402698,-8.005309201276235]],[[178.41157186885295,-8.000953159410608],[178.4121148486342,-8.000137442065293]],[[178.4092928888657,-8.004487677759437],[178.41123903275354,-8.001496871120022]],[[178.40734998747934,-8.00666460662813],[178.40797037019055,-8.006090709746768],[178.40887677000498,-8.005031672889334]],[[178.4060780293046,-8.006668943394976],[178.4052538808763,-8.007578583104069],[178.40460332412368,-8.00803040463996],[178.403898154657,-8.009060120752657],[178.40362682288026,-8.009302305308768]],[[178.40417208839293,-8.009577425352278],[178.40444371826248,-8.009422288708304],[178.40498558297293,-8.008705289324043],[178.40579948527065,-8.007953025354382]],[[178.40240491859348,-8.010479474898792],[178.40199957919117,-8.010975715642518],[178.4019053221327,-8.011295037194838],[178.40163754318033,-8.011567235401115]],[[178.40182530096547,-8.01156659712551],[178.40251270093339,-8.011021683986948],[178.4026592169197,-8.01074989784269]],[[178.39848251017807,-8.017140263081734],[178.39821272422458,-8.017837486853027],[178.3980851594126,-8.018632790199382]],[[178.39794387197264,-8.018808320315294],[178.39785994689478,-8.019176130875397],[178.39767353905052,-8.01934583823316],[178.39722954607703,-8.020263422658873]],[[178.3975055985265,-8.02026248616301],[178.3976754213957,-8.019897036884238],[178.39777761245776,-8.019447698485266],[178.39798138153304,-8.01917571880495]],[[178.39713267161673,-8.020362369960068],[178.39669337175033,-8.021350394451034],[178.3963212767641,-8.021861014258903],[178.39587563420932,-8.022709608902066],[178.39586740476727,-8.023252213615583],[178.3957828907593,-8.023606556882918],[178.39605458523104,-8.023466682599544],[178.39615086338594,-8.023251252581323]],[[178.39641996881997,-8.022707763335596],[178.39647805259642,-8.022436278014638],[178.39690326618228,-8.021620970901004],[178.3972280414368,-8.020806004336459]],[[178.39524183357995,-8.02457008198991],[178.39415718782953,-8.025756622753141],[178.3933369815339,-8.027058825376885],[178.3927139649606,-8.02787480021538],[178.39144745984103,-8.029285129128574],[178.3911296928679,-8.029779180832149],[178.3904680884299,-8.031137861909642],[178.38962834870867,-8.032497144473384],[178.38902401893338,-8.033313053003157],[178.38804323075604,-8.03440152105788],[178.38769353590206,-8.035216568852178],[178.38711541243785,-8.035993804151836],[178.38698403787814,-8.036304119804337],[178.38595438541083,-8.037935328366059],[178.38583174813292,-8.038478320547414],[178.38586777407212,-8.038749488397988],[178.3860368114452,-8.038976402988794],[178.3864981727782,-8.03793349438061],[178.38722097557863,-8.036574609561391],[178.3901008369641,-8.033476796714508],[178.3904658379082,-8.032765602912812]],[[178.31038670535824,-8.025703506397354],[178.31034047393018,-8.025432355932825],[178.31006707500913,-8.025161928433707],[178.30978019188404,-8.025197137487302],[178.30972182317197,-8.025434324691975],[178.30978118894367,-8.025508476622784],[178.31005389809732,-8.025672911689677],[178.31038670535824,-8.025703506397354]],[[178.3144073556495,-8.025218896342233],[178.31413529255693,-8.025255833679527],[178.31386356712594,-8.025397904725853],[178.31223415274118,-8.026544075850275],[178.31169000787088,-8.026612952665726],[178.3111451045668,-8.026445378117414],[178.3112996695222,-8.027057086737223],[178.31114787305995,-8.027308793264213],[178.31087496979868,-8.027084286024541],[178.3100576932016,-8.026857575239593],[178.30896635656768,-8.0260443266204],[178.30869396840114,-8.02598018212253],[178.3084221490151,-8.026093795047885],[178.30767878576538,-8.026797309248291],[178.3069020928241,-8.027884968062242],[178.30635531575209,-8.028971896139115],[178.30582433327106,-8.030601369850078]],[[178.3178868666485,-8.030834202014324],[178.31742360872764,-8.03002179533579],[178.31653177697956,-8.028939462366031],[178.31546148414887,-8.027315103008185],[178.31509631488785,-8.026502378680282],[178.31486054664458,-8.025689240458123]],[[178.3923712656693,-8.030588847072288],[178.39253905882825,-8.03013484425597],[178.39341390586682,-8.028686296675843],[178.39382139014478,-8.027871050891259],[178.39512387954824,-8.026238906693049]],[[178.31142025710892,-8.02737132760359],[178.31123754771457,-8.027328582172629],[178.3114199684651,-8.02728133160379],[178.31142025710892,-8.02737132760359]],[[178.31184202589986,-8.030582225033145],[178.3121960672167,-8.030581095937194],[178.31251979762,-8.03073719469962],[178.3127914667196,-8.030576384363464],[178.31333725987105,-8.031018971529653],[178.31388219556968,-8.031194493862895],[178.31415416170034,-8.031126183968818],[178.3144256080669,-8.030896299112932],[178.31496790320094,-8.030251070232751],[178.31523999384308,-8.030221734106028],[178.31531297539496,-8.030299845409813],[178.31544178251735,-8.030842027651108],[178.31587901204742,-8.03138322329956],[178.3159692618456,-8.031654231558873],[178.31591362642783,-8.03219700347624]],[[178.31117199411426,-8.034827415908973],[178.3119885282434,-8.034817682936207],[178.31280460591503,-8.03466600686762],[178.31307769381417,-8.034945901036266],[178.31335006019816,-8.035001268817942],[178.3136211221057,-8.03465096809682],[178.3137304507591,-8.034374359664064],[178.31400426799738,-8.033288296209028],[178.31399508217905,-8.032745731248625],[178.31360513956076,-8.031933085242999],[178.31252026158083,-8.030881667815885],[178.31197584126957,-8.030866469688627]],[[178.39091338266178,-8.032304319299017],[178.3913447269566,-8.031948764221726],[178.3917264378689,-8.031282738178751],[178.3919975361545,-8.030965919306189]],[[178.3062392704333,-8.03168524454732],[178.30680883393367,-8.032282369957366]],[[178.3155193812283,-8.032459233743957],[178.31518410821732,-8.031928039706774],[178.31497289532106,-8.031802630088588],[178.31470103487797,-8.031903855983307],[178.3143489200199,-8.034372383317265],[178.3143483970313,-8.034643682087854],[178.31443811555755,-8.034784353021566],[178.3147097282165,-8.034605546404832],[178.31507453184534,-8.034098766379776],[178.31546952362103,-8.033283612049631],[178.3158337626662,-8.032739852909858]],[[178.31606325166362,-8.032303229433605],[178.3166060484118,-8.031814137821135],[178.31687810876826,-8.031775176010235],[178.3174229459035,-8.0319195556948],[178.3178150863691,-8.031648322282942]],[[178.30762733838122,-8.032889460809855],[178.30817222081743,-8.033047918073072],[178.3098092193919,-8.034256087842035]],[[178.3174222278037,-8.035719032472445],[178.31768247007741,-8.034904308282284],[178.31840430047757,-8.033816807765602],[178.31846235789797,-8.03354532495624],[178.31824380313162,-8.033252310015136],[178.3179715417062,-8.033229152065935],[178.3176999397229,-8.033410465657914],[178.31747316542447,-8.034091088658704],[178.31730868291336,-8.034362912384047],[178.31649218648897,-8.035179417825665],[178.31599275743773,-8.035994907344339],[178.31607603754637,-8.036272151038462],[178.31634829154262,-8.036292336612458],[178.3171643243909,-8.036126804666461]],[[178.31960459188662,-8.03320758994823],[178.31933247481965,-8.033229108120974],[178.3190131237488,-8.033543558841428],[178.31866314446935,-8.034629867788844],[178.3185801811008,-8.035444023775836],[178.31840084333336,-8.035987192188983],[178.3183731849829,-8.03625857753755],[178.31843652040115,-8.03652967107251],[178.3188002595823,-8.036994927946575],[178.31907282961242,-8.03711285362649],[178.3201618692794,-8.037200431065902],[178.32043339955254,-8.036996662299197],[178.3212873179078,-8.03570662941172],[178.32129775237567,-8.035435299524941],[178.32117361204362,-8.03516440207564],[178.3209709578573,-8.03488806722479],[178.32042545958427,-8.034540581758284],[178.32006228043522,-8.034082785531435],[178.31998706321906,-8.033811730466065]],[[178.3313313114708,-8.040178885474125],[178.3316030079603,-8.040027614493338],[178.33181192126025,-8.039742100021277],[178.33184874588926,-8.039470685491143],[178.3316005646241,-8.039278524763434],[178.330784922509,-8.039562588053442],[178.33024047393297,-8.039541305802569],[178.32942298960862,-8.03926021887309],[178.3286049762682,-8.038816286718534],[178.32669714531337,-8.038045333978927]],[[178.38574670197815,-8.043090525636389],[178.3855784466452,-8.041463357337294],[178.38576745796232,-8.039810053587322],[178.38576538608842,-8.039199674332258],[178.38572840485583,-8.03956382634552],[178.38549519897325,-8.039787892006839],[178.38518495623458,-8.040650816069393],[178.38516863019495,-8.042549896680452],[178.38506543579945,-8.043364112717796],[178.38528675258416,-8.04444852368052],[178.3851771398062,-8.045262761367193],[178.3849093913263,-8.045806243104503],[178.38476270104604,-8.046620605875084],[178.38285159117228,-8.04961123180472],[178.38172220878613,-8.050885130372604]],[[178.32915535305924,-8.040658616492541],[178.33051549942576,-8.040411418165816]],[[178.32593887344757,-8.040846275159696],[178.3264352683305,-8.041219188445867],[178.32779627499147,-8.041234941546614]],[[178.38389852126477,-8.050525913341593],[178.38428446776376,-8.050148980441435],[178.3847116762358,-8.049519451834827],[178.38548861995318,-8.048788471053562],[178.38559363699628,-8.048516827348324],[178.38565414762616,-8.047702755397381],[178.38582991602203,-8.046888294433382],[178.38595537065999,-8.04580271408007],[178.38586972944358,-8.043632689114508]],[[178.38140054419085,-8.051243856095812],[178.38155692584294,-8.051514619286342],[178.38158127608924,-8.051785826943403],[178.3811826518345,-8.052309528179594],[178.38046228041165,-8.05368862126487],[178.38029180797594,-8.054503064122818],[178.37978631850135,-8.055589923919385],[178.37964320065237,-8.056404274758261],[178.3792074477109,-8.05776218961331],[178.37897603818652,-8.059390706960492],[178.3787581553581,-8.059767128644914],[178.37821522948116,-8.06020142632987]],[[178.38021127806252,-8.056944942753077],[178.38038382724562,-8.056130492833834],[178.38109975990088,-8.05395776532155],[178.381999295337,-8.052328930024146],[178.38316783929173,-8.051237903070069]],[[178.38039590050818,-8.063726562891018],[178.3799037820955,-8.06101532358404],[178.37991109878723,-8.059930140094144]],[[178.37712953430972,-8.061117379277206],[178.37550092071473,-8.06247312920398],[178.37468542651823,-8.062800653175156]],[[178.3671558961589,-8.062957080195],[178.36733632747425,-8.062896338512381],[178.36750683843977,-8.062684618156714],[178.36733467164908,-8.06240338866676],[178.3670290403526,-8.062414921199188],[178.3667043441541,-8.062687295314008],[178.36679172106076,-8.062835612850995],[178.36700646960233,-8.06295757869618],[178.3671558961589,-8.062957080195]],[[178.37414165850313,-8.062988088322077],[178.37332644921577,-8.06340079666458],[178.37251188925893,-8.064006604534242],[178.37223991338703,-8.06407349843385],[178.3716954201894,-8.064046738952571],[178.37162512606537,-8.064298598169659],[178.37178897982363,-8.064840630712112]],[[178.38089809832871,-8.068065503330576],[178.38082283639773,-8.066166730381925],[178.3806138258584,-8.065353566179006],[178.38047575824754,-8.064268873065924]],[[178.3722428530855,-8.064945331838473],[178.37251494258965,-8.06491196427969],[178.37279943685374,-8.065108536544379],[178.3728081764866,-8.065379797694899],[178.3725947338008,-8.065923093807202]],[[178.37474023460354,-8.068357510950742],[178.37480211847117,-8.068628593380245],[178.374763058794,-8.068900014689051],[178.37461015660827,-8.069171818183468]],[[178.3741641718615,-8.069654119416294],[178.3738133399159,-8.069988363131252],[178.37377044039104,-8.070259797343041],[178.37430409482755,-8.071071876996054],[178.3745551665985,-8.071884904568977],[178.37470354290497,-8.072155696445042],[178.37526419058403,-8.072965302746763],[178.3755372804714,-8.07322620921738]],[[178.3800854684591,-8.072137586263132],[178.38020051790576,-8.071594619268012],[178.3801800613639,-8.07132339869151],[178.38036634381822,-8.070508902000205]]]}},{"type":"Feature","properties":{"year":2003,"certainty":"insufficient data"},"geometry":{"type":"MultiLineString","coordinates":[[[178.3770819341678,-7.929720051427879],[178.37727128906718,-7.9291768420517865],[178.37695835766615,-7.9289421786087315],[178.37668641109386,-7.9289917147823505],[178.3765096932702,-7.929179359697474],[178.3765128551189,-7.9294506409554115],[178.37663588246292,-7.929721526027993],[178.37668915620216,-7.929817220603603],[178.37696159989636,-7.929916982415216],[178.3770819341678,-7.929720051427879]],[[178.38330720915206,-7.933768785381198],[178.38350456059223,-7.933591544026476],[178.38391958864912,-7.932952877453464],[178.3838945240884,-7.932681669922689],[178.38359905804194,-7.932411361062885],[178.38282935157423,-7.9313287543127755],[178.38158791773103,-7.93004271797555],[178.38077012245395,-7.929604785092197],[178.37995299259526,-7.929366024083344],[178.37831984376393,-7.929221559069279],[178.37786983033132,-7.929446154004406],[178.37772280183916,-7.9297179319505275],[178.37799592819684,-7.93053090296933],[178.37832616665418,-7.931120528680997],[178.3790595736383,-7.931883839072626],[178.3791973380179,-7.932154674144023],[178.3792025655391,-7.932697239573046],[178.37942062398673,-7.9329228730655394],[178.38023653559827,-7.932794218790953],[178.3813249986424,-7.932797065603378],[178.38186953462792,-7.932889715922078],[178.38241439188627,-7.933078496170429],[178.3826872280236,-7.933294796168773],[178.38296060854768,-7.933673891369307],[178.38323316092524,-7.9338051106138465],[178.38330720915206,-7.933768785381198]],[[178.3862216671305,-7.93484425262506],[178.3864721778702,-7.934572127688874],[178.38640589359042,-7.934301057923801],[178.38618095394241,-7.934030516490454],[178.38540883817925,-7.933437154138592],[178.38513635076856,-7.933325398200612],[178.38486445992612,-7.933391856664903],[178.38464814607454,-7.934306908742216],[178.3846721737419,-7.934578119556954],[178.38479859077546,-7.934848989718627],[178.38514202822867,-7.935021262868218],[178.38541425448776,-7.935054679321952],[178.38568633222988,-7.935043751898735],[178.3862216671305,-7.93484425262506]],[[178.38715982420453,-7.935383707973052],[178.3870474969631,-7.935220766806114],[178.38695208301618,-7.935384400313159],[178.38704842580754,-7.935497789929245],[178.38715982420453,-7.935383707973052]],[[178.3968820246589,-7.941319556180877],[178.3968632637606,-7.941044625788602],[178.39659148871579,-7.941145852971245],[178.39653668389133,-7.941320715957404],[178.39659290513038,-7.94156508237517],[178.3968820246589,-7.941319556180877]],[[178.40681715039742,-7.945626678280392],[178.4071273597915,-7.9450830520737625],[178.4071649942431,-7.944811636578967],[178.40694377601034,-7.944629285039617],[178.40667178167834,-7.944665689597601],[178.40654805922648,-7.944813724417571],[178.4064195874648,-7.945356735445297],[178.40642676979047,-7.945627999322501],[178.4066756389512,-7.945798616603396],[178.40681715039742,-7.945626678280392]],[[178.4147608756151,-7.948855163801748],[178.41471094288946,-7.9485840466124955],[178.4147572044629,-7.948041314697895],[178.41461119577525,-7.947770524544849],[178.41430142621078,-7.947687090194622],[178.41420310206925,-7.9477719135391895],[178.41414557380182,-7.948043396588222],[178.41430513092953,-7.948768924582055],[178.41457839300338,-7.949102293507453],[178.4147608756151,-7.948855163801748]],[[178.4167588501715,-7.950121069251932],[178.4170669798682,-7.94966116609196],[178.41713705815786,-7.949389640143954],[178.41702756273585,-7.949127919963569],[178.41675564695055,-7.94918747047222],[178.41634649988043,-7.94966362288713],[178.41625577209186,-7.9499352191900785]],[[178.41962612053183,-7.952365295648591],[178.41975950345642,-7.952251572947377],[178.4202031955441,-7.951278176576624],[178.4202418391352,-7.951006757904752],[178.4200262196763,-7.950680073652752],[178.41975402018528,-7.950657182873449],[178.419628102719,-7.950737569207893],[178.4192904306985,-7.951552583002753],[178.41928173988524,-7.95182389934735],[178.41943099316217,-7.952365962568307],[178.41948804455834,-7.952444354255375],[178.41962612053183,-7.952365295648591]],[[178.4229990307059,-7.953981470245384],[178.4233566653935,-7.953708958352174],[178.4234244113235,-7.953437439982766],[178.4232287224733,-7.952895538336716],[178.4229777302468,-7.952625112197086],[178.42220819275403,-7.95213376568673],[178.42193586435724,-7.952073698600481],[178.42166423140893,-7.95221554668059],[178.4212991973044,-7.9529021463452345],[178.42131173783528,-7.953444676226206],[178.4214592481646,-7.953715457706712],[178.42166988755895,-7.953857663436899],[178.42221417559594,-7.953870071828801],[178.42275890977268,-7.954011917436978],[178.4229990307059,-7.953981470245384]],[[178.42468773006948,-7.956145967735218],[178.42527109517602,-7.9558726793700005],[178.42547932920468,-7.955600678520309],[178.42552579240012,-7.955329233091784],[178.42542145926353,-7.9550583054059345],[178.42493755467,-7.954494041317604],[178.4246646808063,-7.954276465991615],[178.42439250197802,-7.954260180892099],[178.42411453656013,-7.954520218148254],[178.42382713408824,-7.955063775974586],[178.42378938368907,-7.955335191525264],[178.4238429252101,-7.955606293991093],[178.42402557806707,-7.9558769535800735],[178.4243988083571,-7.956087068671793],[178.42468773006948,-7.956145967735218]],[[178.4261647590946,-7.957768610918985],[178.4264055978406,-7.957225211764082],[178.42690280262826,-7.956680931400555],[178.4268495320474,-7.9565527388664465],[178.42657700037992,-7.956434805544286],[178.42630578978725,-7.956698957580618],[178.4261374728053,-7.957226133083217],[178.42582562589735,-7.957769776084787],[178.426037932424,-7.957933204604953],[178.4261647590946,-7.957768610918985]],[[178.429318222427,-7.961555758945586],[178.4297486004822,-7.961282990594616],[178.43036187906668,-7.960738306090229],[178.4304183555684,-7.960466826114171],[178.43035362219848,-7.960195763998003],[178.43012621889696,-7.959783841969398],[178.42979658950023,-7.959383827800464],[178.4295798294821,-7.95916703683292],[178.42903447635004,-7.958848838816834],[178.42893017041862,-7.958301670349677],[178.4287257765569,-7.958031088537525],[178.4276680733131,-7.957179740502072],[178.42739566064628,-7.957096369153648],[178.4271240595022,-7.957247555156558],[178.42693441630158,-7.95749467986213],[178.42674360557618,-7.957766621526098],[178.42667958618298,-7.958038127319285],[178.42672412084033,-7.958309259951666],[178.42685619490175,-7.958478993560551],[178.42716002585507,-7.958579046880163],[178.42730983846428,-7.958849817315946],[178.42716398798697,-7.959392890239727],[178.4271468581118,-7.9596642348096704],[178.42723918232517,-7.959935202912661],[178.42767884395516,-7.960291297391589],[178.42795078119337,-7.960236724757026],[178.42836089230005,-7.959660057617552],[178.42849194388742,-7.959344803913139],[178.42880196470745,-7.95911596817767],[178.42877624396087,-7.9593873422088155],[178.42860803037834,-7.959659206841352],[178.42861074993272,-7.959930482964836],[178.42871220859737,-7.960472704576807],[178.42895067627794,-7.9610144542393275],[178.42883788568182,-7.961557413582726],[178.4290443929032,-7.961710353824971],[178.429318222427,-7.961555758945586]],[[178.43724349697473,-7.971023332735442],[178.43674585236698,-7.969939920798026],[178.4353818121527,-7.967503085977333],[178.43395519835374,-7.965310502777837],[178.43324974818108,-7.963983759214728],[178.4316069485796,-7.961547867232874],[178.43121917163745,-7.961066106840748],[178.43094667015046,-7.9609580123992245],[178.43067490172652,-7.9610611565409295],[178.43009504022598,-7.96182436712379],[178.42991596974576,-7.9626388403184745],[178.4297483474599,-7.9629107034355275],[178.42986576501252,-7.963149392322897],[178.4304104083398,-7.963261104712316],[178.43062638322274,-7.9634502464063015],[178.4307725513965,-7.963721027398819],[178.43087265725882,-7.964534537571121],[178.43070688182382,-7.965077679888258],[178.43072356409334,-7.9653489075098864],[178.43107916875275,-7.965890250675933]],[[178.4315091477177,-7.9662057697945245],[178.4317811553908,-7.9661706563490995],[178.43205392546747,-7.9663549340175654],[178.432329519448,-7.967242358222534],[178.43241087383703,-7.967784647050284],[178.43236874528017,-7.968327362530027],[178.43254751060564,-7.969411884459946],[178.4324715316258,-7.970226001834396]],[[178.43230378289326,-7.971040436432131],[178.4322012862788,-7.97185464550046],[178.43139589674809,-7.97429899369327],[178.42975201571218,-7.977831378246745],[178.42912325498,-7.978918689825848],[178.4288537672022,-7.97919090527814]],[[178.43369399957766,-7.977003892843017],[178.4338235394577,-7.976189590251785],[178.4339704441851,-7.975917796913067],[178.43480724025918,-7.975544783195585],[178.43537638764633,-7.975099072731185],[178.4358942936288,-7.974825993053442],[178.43643588028652,-7.974349235242002],[178.43690744566888,-7.9737373419879765],[178.43735247629783,-7.972921945077907],[178.43747503735503,-7.9721076668893245],[178.43744827715574,-7.971565191080525]],[[178.43182497927182,-7.978772474748877],[178.43236785457287,-7.978370197157709],[178.43326135726568,-7.9775479600797965]],[[178.4032676930093,-8.009662676785847],[178.40308429527727,-8.009826665993934],[178.402808422794,-8.009935526946878],[178.40214878300552,-8.010751633704542],[178.40189673660123,-8.011295066383601],[178.40165746798527,-8.011567167671537],[178.40172977971307,-8.011666464882111],[178.40254395416267,-8.010990192867988],[178.4030859196418,-8.010301059309237],[178.4032117101441,-8.009934155007592],[178.40335625545092,-8.009767780191016],[178.40390031856563,-8.009691775471325],[178.4044437632696,-8.009435421309972],[178.4049856310921,-8.008719325839118],[178.40552809736536,-8.008178271317956],[178.40705157325274,-8.006936911784132],[178.40820550847903,-8.005847825812214],[178.4091243393554,-8.004759540447463],[178.41194039791387,-8.000409325516122],[178.41230381171098,-7.999964589998602],[178.41322573477288,-7.999048494465109],[178.41365943249056,-7.998469710803252],[178.41503409449385,-7.997143296126127],[178.41565999925402,-7.996327291955478],[178.4166427493662,-7.995466505669636],[178.4174560264748,-7.994546879536063],[178.41825446052653,-7.993876816759863],[178.4201968367382,-7.991971143382349],[178.42044016540652,-7.991797569336755],[178.4209837917909,-7.991604092044691],[178.4211689600842,-7.991425230076567],[178.42141331613328,-7.990610532090051],[178.4216942192717,-7.990066994325911],[178.42278117883617,-7.988435540223105],[178.4239518676234,-7.987346367725594],[178.42418968968713,-7.986802977472755],[178.42477456325548,-7.986040320275647],[178.4253305047726,-7.985713905292065],[178.42557080291533,-7.985441791671346],[178.42562734235784,-7.985170311299654],[178.42555638026832,-7.984899270327628],[178.42579962752865,-7.98462714650944],[178.4262737846782,-7.984354226587334],[178.42671068195958,-7.983810149311772],[178.42721218782148,-7.9826798213715575],[178.42775442531183,-7.982090948250416],[178.42884084329415,-7.981473782716919],[178.42965520291796,-7.980881021061241],[178.4303763977859,-7.980270787079839],[178.43073977471326,-7.979734984937109],[178.43105951577294,-7.979454570937955]],[[178.42804756920802,-7.980278828418258],[178.4276361369705,-7.980822818400428],[178.42720834651558,-7.981573033011533],[178.42647806437037,-7.982183238728946],[178.42624859867502,-7.982455315148048],[178.42606322391256,-7.982998525032215],[178.42589214092723,-7.983270400143395],[178.42487901117389,-7.984359032812718],[178.42383789368492,-7.986532903050635],[178.4231823362235,-7.987349016667075],[178.42235396759162,-7.988165724114621],[178.422146263901,-7.988709010243373],[178.4216487678102,-7.989524578800822],[178.4207677259704,-7.990341465401868],[178.41989474365946,-7.991471898836029],[178.41894040431197,-7.992246744843495],[178.41853880009165,-7.992860333367842],[178.41772424353533,-7.993407801163649],[178.4168942695501,-7.994152769310295],[178.4155556148474,-7.995892474751649],[178.41175795058922,-7.9995133689784454],[178.4113355068888,-8.000140106599428],[178.4110783048667,-8.000954846572462],[178.40919492491685,-8.002589002207156],[178.40722132900996,-8.005037321386082],[178.40611606315082,-8.006668813774683],[178.40525387889005,-8.007578003736246],[178.40456974202164,-8.008030518984528],[178.4040673456561,-8.008846092290641],[178.40362682527785,-8.00930300531822]],[[178.33961185089848,-7.989255939257553],[178.3401462502567,-7.989052151761557],[178.34051348419393,-7.98871042725929],[178.34057513241476,-7.988438932511711],[178.34041537409476,-7.9881229852332485],[178.34014296291778,-7.988044237965392],[178.33987089855918,-7.988071831929755],[178.33897742213995,-7.988444109126886],[178.33860842068734,-7.988716598917671],[178.33857077596102,-7.988988015879702],[178.33886257854155,-7.989258366179991],[178.33905854655663,-7.989333353772415],[178.33961185089848,-7.989255939257553]],[[178.34913041275414,-7.989985191925412],[178.34885737538139,-7.989716338355768],[178.3485518095007,-7.9892268776490765],[178.34776540867884,-7.988695559995518],[178.3474845440567,-7.988416474808937],[178.34721980296018,-7.988299735397076],[178.34667566915354,-7.988352736270329]],[[178.3466091662735,-7.988419326440543],[178.34656882615246,-7.989233340520747],[178.34667998537626,-7.989669610844713],[178.34717752324,-7.990587828480587],[178.34777323932798,-7.991082480698192],[178.34804589074375,-7.991233590744333],[178.34831813362365,-7.991260190159303],[178.34913295943167,-7.990760632626663],[178.3493513897587,-7.990580738615583],[178.34934771645905,-7.990309456687409],[178.34920160831604,-7.990038639609779]],[[178.40038994395525,-8.013199202599669],[178.40068627418708,-8.012926907902225],[178.40064523991788,-8.012869524825263],[178.40052517188374,-8.01292745521397],[178.40038994395525,-8.013199202599669]],[[178.39930388168537,-8.015101907329154],[178.39928342179078,-8.015101976790623],[178.39929213892103,-8.015129172939943],[178.39930388168537,-8.015101907329154]],[[178.39595421380423,-8.02352320771397],[178.39605471755326,-8.023505455957942],[178.3963252266855,-8.023018359471846],[178.39650278121348,-8.022436194154452],[178.39767563946864,-8.019960891671282],[178.3978318970163,-8.019447514287869],[178.39821639397547,-8.018911837479433],[178.39848656178876,-8.018326273455491],[178.39865247535604,-8.017274423809171],[178.39848240274003,-8.017108810746013],[178.3982128106582,-8.017862792737686],[178.39805846242305,-8.018632880795488],[178.39794378485792,-8.018782813160891],[178.3978400833021,-8.019176198276147],[178.39740299375364,-8.019821338321439],[178.39667765122675,-8.02135044776322],[178.3959704028645,-8.022437999238567],[178.39586755604068,-8.02270963628567],[178.39578350457495,-8.023786448753462],[178.39595421380423,-8.02352320771397]],[[178.38140474064537,-8.05124384196932],[178.38154849598942,-8.051514647667696],[178.3815615669949,-8.051785893302405],[178.38118267556655,-8.052316531599073],[178.38046595682607,-8.053688608893742],[178.380290775358,-8.054503067597484],[178.37979051864372,-8.055589909789589],[178.37964281465204,-8.056404276056805],[178.37921151608626,-8.05776217592895],[178.37904654579688,-8.059119179964231],[178.37885510552118,-8.059662403564579],[178.3755009204017,-8.062473036560537],[178.37365368511658,-8.06320664063211],[178.37251191570942,-8.064014447973312],[178.37223992805113,-8.064077847635266],[178.37169541787387,-8.064046051914316],[178.37162634180783,-8.064298594099682],[178.37180591222133,-8.064840574016188],[178.37197092185562,-8.065025667499656],[178.37251491928302,-8.064905053903221],[178.37280625454292,-8.065108513698755],[178.37281262020952,-8.065379782803708],[178.37266964932147,-8.065651552331973],[178.3726234119653,-8.065922997712724],[178.37279123458097,-8.066124307567897],[178.3730633508627,-8.066098677411427],[178.3736067861264,-8.065811294225856],[178.37392887753947,-8.06591862124754],[178.37445592746414,-8.066459433665202],[178.3747005622906,-8.067272483341387],[178.37480522169471,-8.068628582961962],[178.37476816208033,-8.06889999755599],[178.37443549839145,-8.06939417384289],[178.37381528552416,-8.069988356603004],[178.37377218810755,-8.070259791478785],[178.37430996546476,-8.071071857288212],[178.37469676573184,-8.072155719205623],[178.3755085868226,-8.07323815216006],[178.3760831216645,-8.07364769487225],[178.37717379421008,-8.074191655023041],[178.37744624675483,-8.074263908326417],[178.37826292691855,-8.074280753161789],[178.3788066359103,-8.07407255131676],[178.379349634294,-8.073655127098274],[178.37975244218464,-8.073223867269864],[178.37998707242983,-8.072680497115584],[178.3803372698785,-8.070780289565569],[178.38036398862144,-8.069966330855214],[178.38083112949704,-8.068879597677439],[178.3809346731344,-8.068336669507488],[178.38082283639773,-8.066166730381925],[178.3806138258584,-8.065353566179006],[178.38045063442505,-8.063997668106255],[178.3799539112777,-8.061286444516814],[178.37990559037422,-8.059658868913058],[178.3800837868788,-8.0574879513025],[178.38038898280251,-8.056130475481254],[178.38110768832934,-8.05395773862918],[178.38183685349563,-8.052598835162232],[178.38226661643554,-8.052054808427005],[178.3841699064105,-8.050288526781012],[178.38471169520025,-8.049525036014897],[178.38548757705084,-8.04878847457362],[178.38559920077742,-8.048516808568332],[178.3856590131566,-8.047702738975168],[178.38597699588462,-8.045802641090727],[178.38588812111385,-8.04363262705924],[178.38567792919784,-8.0425481790471],[178.38561293810122,-8.041463241014142],[178.3858497236178,-8.03929212791335],[178.38603710532337,-8.039062968623472],[178.3865176781761,-8.03793342858305],[178.38724971288534,-8.036574512586913],[178.38881903612426,-8.034941479620656],[178.38928715253036,-8.034315720293272],[178.3900699181279,-8.033580808038991],[178.3902722241316,-8.033308835254704],[178.39047845494903,-8.032765560256722],[178.39064195989135,-8.032526287394429],[178.39137580166667,-8.031948659106643],[178.39172676547042,-8.031378936051683],[178.39239366189537,-8.030588771270347],[178.3925393921765,-8.03023268663188],[178.39317489095882,-8.029229683255364],[178.39382708839779,-8.027871031591417],[178.39464445079471,-8.0267831084229],[178.39515327210765,-8.026238807066989],[178.39538337611333,-8.025695450205767],[178.39542790960556,-8.024881433953322],[178.3955879577454,-8.024338314576704],[178.3955126501762,-8.024172654187687],[178.39400765176828,-8.025971400015845],[178.3933513264403,-8.02705877681257],[178.39280321364836,-8.027780446810365],[178.39129120866764,-8.029507345845971],[178.39047439638156,-8.031137840587741],[178.3896634919844,-8.03249702573438],[178.38927801245543,-8.033040906036984],[178.3880474890395,-8.034401506683624],[178.387699471702,-8.035216548818363],[178.38711543804803,-8.036001344964234],[178.38593717541514,-8.037935386397004],[178.38568023923614,-8.039563988760467],[178.38549508091862,-8.039753107167325],[178.38517885412116,-8.040650836640728],[178.38516373929343,-8.042549913172174],[178.38506669876276,-8.043364108459079],[178.38529595359952,-8.044448492645511],[178.38517418543833,-8.04526277133242],[178.38489903526008,-8.045806278031465],[178.3847507190131,-8.046620646285472],[178.38280690876636,-8.049686283276118],[178.38194032136582,-8.050699459479672],[178.38145084666482,-8.051129911905134]],[[178.3106112829296,-8.025702791435684],[178.3101243338428,-8.02516174621346],[178.3097619506035,-8.025162899325958],[178.30969517562147,-8.02543440947275],[178.30996931599205,-8.025704834866241],[178.31032661565595,-8.025839907128505],[178.31059877788715,-8.025833554221048],[178.3106112829296,-8.025702791435684]],[[178.31606343206062,-8.032359241347462],[178.31660633353079,-8.031902633888002],[178.31687836965054,-8.031856133117467],[178.3174229807271,-8.031930357543624],[178.31769477882818,-8.031810090834863],[178.31805721748296,-8.031376249757008],[178.31806465977667,-8.03110492916212],[178.31745974215653,-8.030021679631759],[178.31655798482333,-8.028939378513186],[178.31534602536064,-8.027044174943937],[178.31489310608566,-8.02568913645617],[178.31467978722932,-8.025296618620102],[178.31440719454403,-8.025168766118822],[178.31413522876636,-8.02523598037853],[178.31223413160933,-8.026537490603188],[178.3119621250256,-8.026592441333529],[178.3116898273862,-8.026556685822753],[178.31114435628584,-8.02621199385598],[178.31105141963607,-8.026243984970833],[178.31124560366104,-8.027057258990387],[178.31114765797142,-8.027241716640415],[178.310860397806,-8.027058486045966],[178.31005765007063,-8.026844112662959],[178.3089663333809,-8.026037082511113],[178.30869395759012,-8.02597680376198],[178.30842211233357,-8.026082330144417],[178.30769232343346,-8.026797266236832],[178.30679540686288,-8.028082670892594],[178.30636226931793,-8.028971874063064],[178.30588884720822,-8.030329867035164],[178.30577133197642,-8.030872836123024],[178.3058262289058,-8.03114395990724],[178.30598956700618,-8.031435958184966],[178.3070820520919,-8.032604654081604],[178.30735485432646,-8.032796806554988],[178.30817222457978,-8.033049093196897],[178.3089909607299,-8.033727466504223],[178.30980933530415,-8.034292240771402],[178.3106271805363,-8.034691362505681]],[[178.31117211913713,-8.03486636705903],[178.31226065360917,-8.03479806094403],[178.31280470229626,-8.034695997934895],[178.31307776317558,-8.034967479066673],[178.31335009120093,-8.035010911592472],[178.31363546832574,-8.034645960276226],[178.31401486128806,-8.033288262362912],[178.31402625715822,-8.0327456316494],[178.31361229537038,-8.031905554952608],[178.31283444409,-8.031121653885723],[178.31306475529988,-8.030919737721378],[178.31360991517727,-8.03116506842715],[178.3138822700453,-8.031217659679193],[178.31415424177615,-8.031151086780305],[178.3149679690907,-8.030271550908196],[178.31524007216873,-8.030246075294038],[178.31542487189358,-8.030842081723968],[178.31584340079442,-8.03138333721347],[178.3159474895413,-8.031654301211942],[178.31584016583716,-8.03219723848926]],[[178.31279298939364,-8.031050432440937],[178.31254560782847,-8.030851278231465],[178.3127916596347,-8.030636445463305],[178.31295275690184,-8.030849979000944],[178.31279298939364,-8.031050432440937]],[[178.31551914197587,-8.032384917782336],[178.31524553177252,-8.031942563899033],[178.31497282619168,-8.031781146664944],[178.31467504181234,-8.031929667071688],[178.3143332339391,-8.034372433454351],[178.31433120330834,-8.034643737045537],[178.31443817273413,-8.034802122360407],[178.31470986516382,-8.034648098977781],[178.31511477989787,-8.034098637666267],[178.31550469077482,-8.03328349956241],[178.31586544485094,-8.032739751548553]],[[178.31650194809384,-8.036264573999846],[178.31716432148377,-8.03612590321331],[178.31733138928192,-8.035990620304307],[178.31770958823597,-8.03490422137817],[178.31842005943733,-8.033816757242903],[178.318477003626,-8.033545278002022],[178.31824373127327,-8.03323003800907],[178.317971476033,-8.03320879284157],[178.31769988763688,-8.033394315612142],[178.31746569771025,-8.034091112583614],[178.31730380676964,-8.034362928004718],[178.31649553390645,-8.035179407107805],[178.31599275743773,-8.035994907344339],[178.3160760978287,-8.03629085873818],[178.31650194809384,-8.036264573999846]],[[178.31960459811822,-8.033209519407702],[178.31933243517017,-8.03321682915127],[178.31898643823965,-8.033543644429589],[178.31864702331265,-8.034629919487353],[178.31855565227485,-8.035444102439232],[178.3183358628267,-8.036258697221301],[178.31838440093847,-8.036529838220472],[178.31880021432747,-8.036980914064452],[178.32016197687432,-8.037233714209849],[178.32043340990626,-8.03699986451668],[178.32119063773723,-8.03597823646242],[178.32132311982633,-8.035706514353667],[178.32134633879244,-8.035435143383985],[178.32125850456748,-8.035164129289496],[178.32102900205567,-8.034893570323687],[178.3205471238093,-8.034623821753486],[178.32015206616074,-8.034167361346354],[178.32000004179343,-8.03381168880729]],[[178.32614603548316,-8.038403944483267],[178.32658625039372,-8.038945115372305],[178.3266725770748,-8.039216132453928],[178.32651372869068,-8.039759236717916],[178.32596869098435,-8.040574883141746],[178.32596687729662,-8.040846184789707],[178.3261625639084,-8.041061217165257],[178.32643527245017,-8.041220456140861],[178.32779628727857,-8.041238718632338],[178.32806822715133,-8.041161534174709],[178.32861129631576,-8.040758251872798],[178.32915506936106,-8.04057148935263],[178.330515529453,-8.040420630702096],[178.33133134815256,-8.040190133077887],[178.33160311304687,-8.04005983082305],[178.33185607455255,-8.039741956923054],[178.3318902128676,-8.03947055109994],[178.33160053009053,-8.039267936775767],[178.33078497256906,-8.039577945290082],[178.33024055389907,-8.039565847595332],[178.32942317288052,-8.039316501965756],[178.3286049781028,-8.0388168505095],[178.32751500374377,-8.038442588191922],[178.32669700588772,-8.038002421298144],[178.32642448427572,-8.037900026006003],[178.32615230767115,-8.037903829227181]],[[178.36721387589137,-8.062956886754431],[178.36760791366692,-8.06271328379246],[178.36760686476038,-8.062401076011076],[178.36733440373814,-8.062323626924632],[178.36706227466883,-8.062345003802925],[178.3667905040263,-8.06247314967472],[178.3666763852829,-8.062687388557743],[178.36679181282173,-8.062862940864036],[178.36706438519838,-8.062973446480255],[178.36721387589137,-8.062956886754431]]]}},{"type":"Feature","properties":{"year":2004,"certainty":"insufficient data"},"geometry":{"type":"MultiLineString","coordinates":[[[178.37707996176331,-7.929720057949493],[178.37722812927987,-7.929448276393036],[178.37726092365898,-7.929176876326583],[178.3769583945439,-7.928953266911654],[178.3766864499152,-7.929003389710503],[178.3765182153987,-7.929179331533143],[178.37650998125474,-7.9294506504533935],[178.37663224829004,-7.929721538040228],[178.37668917859432,-7.929823953973723],[178.37696158601594,-7.9299128094148275],[178.37707996176331,-7.929720057949493]],[[178.38349701711138,-7.933496863716358],[178.38395822524916,-7.932952749016894],[178.3839219270078,-7.9326815788344005],[178.38314332580697,-7.931599002468714],[178.38226202150219,-7.930788055865686],[178.38158786613212,-7.930027257509849],[178.38077008953073,-7.929594913983293],[178.37995296167696,-7.929356748313521],[178.37831986002547,-7.92922644354197],[178.3778816893737,-7.9294461147720146],[178.37771499632186,-7.929717957770867],[178.37804846892726,-7.930802020632599],[178.37840026770658,-7.931343439269863],[178.37901393533386,-7.931883990226967],[178.37913192521054,-7.9321548908189365],[178.37919947424535,-7.932697249813672],[178.37942069119637,-7.932943035128433],[178.38023653796793,-7.932794929252691],[178.38078099596214,-7.932864207636736],[178.38159722139616,-7.932829845597265],[178.38241434567354,-7.933064663206314],[178.38264250854274,-7.9332284117156995],[178.38296055945722,-7.933659203924928],[178.38323291572138,-7.933731763145304],[178.38349701711138,-7.933496863716358]],[[178.38625891899275,-7.934844128556851],[178.38650663906273,-7.934572012898252],[178.3864081214384,-7.9343010505035085],[178.38618414223143,-7.934030505873291],[178.38540891616353,-7.93346044576353],[178.3851365849281,-7.933395349348995],[178.38493549448924,-7.933492080623815],[178.38466522119512,-7.934306851941865],[178.38467787184814,-7.934578100601328],[178.3848075090851,-7.934848960046777],[178.385141983157,-7.935007801381535],[178.38541421594906,-7.935043171333476],[178.38568630255926,-7.935034893724344],[178.38625891899275,-7.934844128556851]],[[178.38723182110456,-7.935383468004426],[178.38710510833172,-7.935112599871791],[178.3870470827336,-7.935097221750861],[178.3869203360177,-7.935384506107408],[178.38704853148008,-7.935529305597975],[178.38723182110456,-7.935383468004426]],[[178.3968766398944,-7.941319574267024],[178.39686315990278,-7.941013890712998],[178.3965914974204,-7.941148429420133],[178.39659274455258,-7.941517555812875],[178.3968766398944,-7.941319574267024]],[[178.40679513770607,-7.945626752780755],[178.40709410075905,-7.945083164653441],[178.40711087767855,-7.944811819757497],[178.4069439167992,-7.9446706315416415],[178.40667208350885,-7.944754346837019],[178.40656781040698,-7.945084945758198],[178.4065003768898,-7.945627750265225],[178.40667556131254,-7.945775814847692],[178.40679513770607,-7.945626752780755]],[[178.4149466353177,-7.948854531263318],[178.41502579153396,-7.948311687361389],[178.41521826573373,-7.948039744726062],[178.41497297835474,-7.94776929284074],[178.41457302737447,-7.947535768075511],[178.41430073187715,-7.947484317272044],[178.41412267848824,-7.947772187222926],[178.41416745612932,-7.948314609391225],[178.41430524021936,-7.948800836565511],[178.41457842477536,-7.949111568558369],[178.41485046210798,-7.949087344309121],[178.4149466353177,-7.948854531263318]],[[178.41675885315982,-7.950121940160999],[178.41702995395337,-7.949824737460599],[178.41723830049938,-7.9493892948077125],[178.417234029507,-7.949118022465758],[178.41702699146109,-7.948961437161351],[178.41675482356203,-7.948947470449551],[178.41626799843385,-7.94993517751066]],[[178.41962618556082,-7.952365295426315],[178.4197594534149,-7.9522370236935025],[178.42021917685122,-7.951278121935609],[178.42026993324566,-7.951006661849544],[178.42002620955142,-7.950677129880783],[178.41975399608611,-7.950650174737362],[178.41960874768105,-7.950737635351871],[178.41944642006078,-7.95100947669519],[178.41928430680179,-7.951552603927793],[178.41927982742249,-7.951823905882324],[178.41941577751527,-7.952366014569539],[178.41948813545386,-7.9524707858978365],[178.41962618556082,-7.952365295426315]],[[178.423010232454,-7.953981431857895],[178.42335703306438,-7.953708957091927],[178.4234322543538,-7.953437413099113],[178.42337524257061,-7.953166322352489],[178.42321751965028,-7.9528955767286815],[178.42295956351194,-7.952625174441113],[178.42220817203736,-7.95212775273634],[178.42193589738915,-7.952083287907921],[178.42166433484573,-7.952245580022542],[178.4213142658776,-7.952902094774899],[178.42131874022408,-7.953444652259663],[178.4214495310648,-7.953715490969054],[178.42166986820084,-7.9538520439077205],[178.42221417971328,-7.953871266600883],[178.42275891096568,-7.954012263485798],[178.423010232454,-7.953981431857895]],[[178.42524508282602,-7.955872768674137],[178.42548536606424,-7.955526311698653],[178.425521589153,-7.955329247523866],[178.42542527836122,-7.9550582922942095],[178.42493746099743,-7.9544669133428405],[178.42466464121898,-7.954264998828067],[178.4243925031917,-7.954260532530712],[178.42412133211835,-7.954536271119595],[178.42385122927072,-7.955063693342933],[178.42383202268647,-7.955335045297804],[178.42392663827545,-7.955606006878526],[178.42412597822823,-7.95588244846098],[178.4246710959269,-7.956134492186717],[178.42524508282602,-7.955872768674137]],[[178.4262251723077,-7.95776840332719],[178.4265417726725,-7.957224743779971],[178.4268134309097,-7.9569525243296555],[178.4269081440423,-7.956680913039693],[178.42684965368386,-7.956587908706615],[178.4265773247285,-7.956528606344179],[178.426349550714,-7.956682832806127],[178.42618545372991,-7.956954682429552],[178.42595015099067,-7.957498062467247],[178.42592824217417,-7.9577694235535],[178.42603771858492,-7.9578713506701755],[178.4262251723077,-7.95776840332719]],[[178.42938260794548,-7.961555537111695],[178.43037210688885,-7.960738270829737],[178.4304177843534,-7.960466828083443],[178.43034387658193,-7.960195797593429],[178.43001866260764,-7.959654347903419],[178.42957971457955,-7.959133888399717],[178.42912444557666,-7.958843572296972],[178.4291448767721,-7.958572216498673],[178.42903521589804,-7.9583013086631125],[178.4287593923462,-7.957994661514892],[178.4277847146715,-7.9572204701691085],[178.4273956316054,-7.957087976074205],[178.42712416960597,-7.957279381522434],[178.42678491789184,-7.95776647951212],[178.42668528552298,-7.95803810772788],[178.42673518757618,-7.958309221907385],[178.42685611629835,-7.958456271854344],[178.42723461954446,-7.958578790355777],[178.42735374895628,-7.958849666290471],[178.4271692432649,-7.959664157820014],[178.42726739670886,-7.959935105864734],[178.42767878935868,-7.960275528052252],[178.42795079385866,-7.96024038224397],[178.4284918377797,-7.959314170074223],[178.42876309828736,-7.959064492434247],[178.42891480725294,-7.9591155796398],[178.42864680275744,-7.959659073353554],[178.42862168592637,-7.959930445312812],[178.428722768443,-7.960472668214842],[178.4289809805704,-7.961014349863925],[178.42885721052286,-7.96155734702433],[178.42904446912695,-7.961732344789246],[178.42938260794548,-7.961555537111695]],[[178.4372381749488,-7.971023351194572],[178.43702859684353,-7.970481509274791],[178.43602702650406,-7.968585989587233],[178.4346176366526,-7.9661493076404595],[178.43395517738526,-7.965304476727815],[178.4332536729915,-7.963983745651227],[178.4321616981065,-7.96235980767162],[178.43121917582786,-7.961067314059509],[178.43094667650868,-7.960959844521839],[178.43067487115627,-7.961052346167601],[178.43010489611595,-7.961824333147372],[178.4299488932083,-7.962638726822719],[178.4297572814911,-7.962910672640438],[178.4298657547475,-7.963146433043942],[178.43041040055914,-7.96325886253],[178.43063180006152,-7.963450227722094],[178.43078588238265,-7.963720981410134],[178.43087083614128,-7.964534543854571],[178.43070630144453,-7.965077681890654],[178.43072143973055,-7.965348914839601],[178.43107089422287,-7.96589027923455]],[[178.4315091884097,-7.966217482752463],[178.43178124138691,-7.9661954052045125],[178.43205398577118,-7.966372285137894],[178.4323291506352,-7.967245364298625],[178.43241045435514,-7.967784648499767],[178.43231357758185,-7.968327553160488],[178.43247803777442,-7.968869554723214],[178.43254751060564,-7.969411884459946],[178.43249046118942,-7.970225936402245]],[[178.43228743837943,-7.971040492927074],[178.43221278621206,-7.971854605749353],[178.43153614729943,-7.973973533665538],[178.42975030886885,-7.977831384140866],[178.42915495904066,-7.9789185803768765],[178.42891302117403,-7.979190700751011]],[[178.43371622103635,-7.9770038159027346],[178.43399251981967,-7.976028714313901],[178.4341088354236,-7.975917317694563],[178.43453583655807,-7.975754734397373],[178.43616471654488,-7.974627473134513],[178.43690118653947,-7.973737363699503],[178.4373401226085,-7.972921987939025],[178.43741407149872,-7.97265044704984],[178.43747850707152,-7.972107654851253],[178.43743400295963,-7.971565240599905]],[[178.43182502885918,-7.978786722257752],[178.4323678907478,-7.978380587569657],[178.4332473570078,-7.977548008542705]],[[178.4282982247098,-7.981952224855394],[178.43037776324857,-7.980270782361114],[178.43073978911866,-7.979739126546215],[178.43105552649737,-7.979454584729155]],[[178.42805782258688,-7.980278793042524],[178.42720830814716,-7.98156197719193],[178.42639438425553,-7.982281954479158],[178.42585752158877,-7.9832705194467435],[178.42486250016302,-7.9843590896795655],[178.42384376930391,-7.986532882823235],[178.42344244507268,-7.987076835719987],[178.42260368324213,-7.987851570650585],[178.42235663626838,-7.9881657149352],[178.4221566960944,-7.98870897436263],[178.42164903571242,-7.989524577879628],[178.42076989397071,-7.990341457950966],[178.4198947526513,-7.991474499900181],[178.41903797740875,-7.992246409850336],[178.41853882379885,-7.992867196504084],[178.41772431464017,-7.993428396088879],[178.4168906224359,-7.9941527818161555],[178.41555542484602,-7.995837375186597],[178.41430864934034,-7.997145780662873],[178.4118665623144,-7.999324430407699],[178.41130325960438,-8.000140216819748],[178.41108983471833,-8.00095480716642],[178.409997365509,-8.001772400782581],[178.40910406058262,-8.002589312393635],[178.4072382061952,-8.00503726383328],[178.40617519333912,-8.00666861225056],[178.4052538879709,-8.007580652520272],[178.4045980218417,-8.008030422694015],[178.40389826212083,-8.009091491137623],[178.40362677339667,-8.009287857870104]],[[178.40324055164243,-8.00966276913081],[178.4027933734784,-8.009935578135368],[178.40214247826617,-8.010751655141476],[178.40191051443034,-8.011295019542176],[178.40145822888474,-8.011845488933991],[178.4025440720259,-8.011024623830243],[178.40308600859953,-8.010327038438886],[178.40335636463064,-8.009799660936446],[178.40390034256552,-8.009698780869474],[178.4044439880644,-8.009501013711784],[178.40552821102892,-8.00821141671024],[178.4068852617213,-8.007118445839108],[178.40797040710345,-8.006101458085567],[178.40905477199945,-8.004858932435551],[178.40951784774487,-8.00421562238614],[178.4101589653233,-8.003128284106403],[178.4109502655657,-8.002065437571257],[178.41203283969045,-8.000308107883557],[178.4124164707676,-7.999865123604595],[178.41311798349017,-7.999299423852137],[178.4136594785105,-7.998483069876316],[178.41439158097106,-7.9976880699835124],[178.41501566381808,-7.99715474088799],[178.41562566039764,-7.996327409629799],[178.41664274077743,-7.995464016760342],[178.41745598043283,-7.994533543240713],[178.41825495388858,-7.993876815066567],[178.41854119810682,-7.9935545173435525],[178.41908414933974,-7.9931646561666145],[178.42030489961738,-7.991970772057556],[178.42098388375152,-7.991630672616827],[178.42121232083895,-7.99142508099198],[178.4213524184215,-7.991153313344194],[178.42142166120692,-7.990610503395968],[178.42168955620664,-7.9900670103616385],[178.4227783054311,-7.9884355501100055],[178.4231486649792,-7.988051290383991],[178.42396296152253,-7.987434112396976],[178.42421382400477,-7.986802894364173],[178.42459411657472,-7.986259013373785],[178.4253358419238,-7.985713886900967],[178.42557378058757,-7.985441781409312],[178.4258738690772,-7.984898176119714],[178.42695135893806,-7.983538033908895],[178.4271629502517,-7.982723448007359],[178.42775489320806,-7.982225710349125]],[[178.3397151848819,-7.989255604448219],[178.34014579187183,-7.988911616654513],[178.3404163553258,-7.98842378493268],[178.34055984276534,-7.98789639229651],[178.340413589907,-7.987576006448626],[178.34014144068732,-7.987577470346809],[178.33960407768924,-7.987899489497212],[178.33932490223555,-7.988171688786955],[178.33897780006154,-7.988715402959225],[178.33890187075306,-7.988986943887215],[178.33896910421132,-7.989258021221969],[178.33933070352668,-7.989333873729685],[178.3397151848819,-7.989255604448219]],[[178.3486422614353,-7.991125640606263],[178.34932412186765,-7.990580827618076],[178.3493109251933,-7.990309576769511],[178.34919863328778,-7.990038649318651],[178.34858360206638,-7.989223167419554],[178.34781113081732,-7.988686704552111],[178.34749216700197,-7.988363874115509],[178.34721968083952,-7.988262488062843],[178.3469475140895,-7.988258511434383],[178.346703420236,-7.98841901948775],[178.34661325904514,-7.989233195810729],[178.34663331184626,-7.989504424724726],[178.34684761042666,-7.990046315083583],[178.3472274765485,-7.990639853373794],[178.34777320536273,-7.991072129073414],[178.34804582166666,-7.991212542711098],[178.34831812272893,-7.991256871181514],[178.3486422614353,-7.991125640606263]],[[178.4005242481771,-8.013198746362233],[178.4007173287948,-8.012926802393386],[178.40064517988725,-8.012851968622615],[178.40037350716963,-8.012995717559793],[178.40025069218413,-8.013199675597953],[178.40037459433407,-8.013313712927468],[178.4005242481771,-8.013198746362233]],[[178.3958133773476,-8.02379497358304],[178.3963754802621,-8.022979202554577],[178.39652097165302,-8.022436132465721],[178.39701106272153,-8.021349316953826],[178.3974474772168,-8.020533971616382],[178.39788008383752,-8.019447350775211],[178.39848660537825,-8.018339032230205],[178.39869130905765,-8.01727429199236],[178.39848253683013,-8.017148065415848],[178.39821279167498,-8.017857234867629],[178.39807884925298,-8.018632811613038],[178.39782226989433,-8.019176258719439],[178.3976733937872,-8.019303299798649],[178.39740295708117,-8.019810597854706],[178.39670182092286,-8.021350365797552],[178.39598522309655,-8.022437948998343],[178.3958814533249,-8.022709589176152],[178.3957838059879,-8.023874782774726],[178.3958133773476,-8.02379497358304]],[[178.39498510718786,-8.026510665498575],[178.39517593190453,-8.026238730260193],[178.39539347629224,-8.025695415967343],[178.3954358247033,-8.024881407123882],[178.39553810267253,-8.024609771999764],[178.3955129675076,-8.024265666873577],[178.39469925807825,-8.02508904371895],[178.3939798517266,-8.02597149416366],[178.3931665066878,-8.027330691134527],[178.39131697829137,-8.02950725870549],[178.39049868984932,-8.031137758470965],[178.38967031115547,-8.032497002694019],[178.38926786436073,-8.033040940317527],[178.38804390300126,-8.034401518788652],[178.3876904601418,-8.03521657923309],[178.38657393458703,-8.036843373853074],[178.38603272463615,-8.037772480415027],[178.38587623218706,-8.03820688122065],[178.3858851846528,-8.03902071900972],[178.38576510707173,-8.039117471660601],[178.38568045564057,-8.03956398803076],[178.38549517814718,-8.039781755610479],[178.38519348376528,-8.040650787321383],[178.3852196097752,-8.041464567350356],[178.3850739155762,-8.04336408412386],[178.38530546743505,-8.044448460555147],[178.38518538553325,-8.04526273355384],[178.3848920539928,-8.045806301576402],[178.38481547485773,-8.046349138540812],[178.38420401518175,-8.047436357938125],[178.3825358639551,-8.05002421320711],[178.38220753577926,-8.050427269996186],[178.3814506133418,-8.05106106014453]],[[178.31606346606281,-8.032369798722755],[178.3166065197038,-8.03196041827901],[178.31687852890283,-8.031905551948967],[178.3174232358085,-8.032009480235981],[178.31769518871494,-8.031937207275817],[178.31810087695334,-8.031376109862968],[178.3180783205317,-8.031104885391901],[178.31747046499194,-8.030021645295207],[178.3161875700045,-8.028397969555886],[178.31550277610233,-8.02729970577324],[178.315120868867,-8.026502300227955],[178.31489310608566,-8.02568913645617],[178.31467978722932,-8.025296618620102],[178.31440719454403,-8.025168766118822],[178.3141352047912,-8.025228518655114],[178.31359188420956,-8.025553277642226],[178.31250583766396,-8.026388936533035],[178.31196207345698,-8.026576367936327],[178.31168981845337,-8.026553900971],[178.31117605359861,-8.026243587975861],[178.31016699151033,-8.025161610454719],[178.30977993385022,-8.025116562498633],[178.30967158473828,-8.025434484527118],[178.30978139294606,-8.025572176314894],[178.31005423726947,-8.025778793567673],[178.31087158073314,-8.026027068540849],[178.31104972305627,-8.026243990374667],[178.31113650610664,-8.026786309021558],[178.31087485194865,-8.027047525170389],[178.31033022068516,-8.026964983947723],[178.3100576785003,-8.02685298648332],[178.30896626093718,-8.026014449273834],[178.30869396465175,-8.025979010462912],[178.3084222083722,-8.026112347236447],[178.30760817142095,-8.026897970095344],[178.3064490737882,-8.028700300470565],[178.30579117018084,-8.030330177066213],[178.30575035280285,-8.031144200755445],[178.30577705162662,-8.031415414045947],[178.30596712879426,-8.03168610865262],[178.30680897147568,-8.032325378398472],[178.30710405467508,-8.032767689032552],[178.3073553929596,-8.032965150800054],[178.30789979247362,-8.03297272388274],[178.30817231279235,-8.033076645276],[178.30980930667224,-8.034283310515105],[178.31062694015415,-8.034616437925639]],[[178.31114711946586,-8.027073777964477],[178.31106497897323,-8.027057834406929],[178.31114678131775,-8.026968321033424],[178.31115704282251,-8.027057541128787],[178.31114711946586,-8.027073777964477]],[[178.3814102777426,-8.051243823329775],[178.38154941188859,-8.051514644584087],[178.3815505956722,-8.051785930241602],[178.38118264317603,-8.052306973027287],[178.38046449432676,-8.053688613815055],[178.38028870716985,-8.054503074556735],[178.37979464738387,-8.055589895899967],[178.379636721449,-8.056404296554891],[178.37919070378913,-8.057762245932624],[178.3790916805794,-8.058305158659964],[178.3790620274446,-8.059119127887595],[178.3788524309773,-8.059662412560398],[178.37550082635795,-8.062445204731096],[178.3736334665905,-8.063206708408984],[178.3725118884215,-8.064006356216114],[178.37223987161883,-8.064061110428232],[178.37169530732191,-8.064013250228474],[178.371629217091,-8.06429858447399],[178.37183559389408,-8.06484047462929],[178.37197076548907,-8.064979287223323],[178.37251489144754,-8.064896800724881],[178.37280949903072,-8.065108502826657],[178.3728519213966,-8.065379651100935],[178.37268197816468,-8.065922801463513],[178.37279099196894,-8.06605239863504],[178.37306312632384,-8.066032138269527],[178.3733345971608,-8.06581530511349],[178.37360662131886,-8.065762473290992],[178.37399683953564,-8.065918393296668],[178.37449490591092,-8.066459302870529],[178.3748077106974,-8.067543413879788],[178.3747506914415,-8.068900056209218],[178.37439178739243,-8.069443841400753],[178.3737940975981,-8.069988427695991],[178.3737592700687,-8.070259834823569],[178.3743256137387,-8.071071804756235],[178.37456341208645,-8.071884876880912],[178.37485936305154,-8.072426463228165],[178.3755202246509,-8.07323811304709],[178.37581033507342,-8.073476586826382],[178.37717372333123,-8.074170735064383],[178.37771854459194,-8.074290497975262],[178.37826289449336,-8.074271190511533],[178.37853481764282,-8.074187310216189],[178.37907813156914,-8.073862754969896],[178.37974633476895,-8.073223887859147],[178.37999431709517,-8.07268047268974],[178.38025555820153,-8.071594433688587],[178.38035972305377,-8.070780213860997],[178.38036146908217,-8.06996633934951],[178.38090358736585,-8.068608063836031],[178.38081983471105,-8.06616674050044],[178.3805668735171,-8.065082434827723],[178.37995370373116,-8.061015155514372],[178.37990861655697,-8.059387569000297],[178.38006969981492,-8.057487998713883],[178.3803827382234,-8.056130496499257],[178.38111016198988,-8.053957730301159],[178.3819993347022,-8.052340539950487],[178.38389882398383,-8.050615091141612],[178.38444119485627,-8.05002275776044],[178.38491159837113,-8.049332996847106],[178.38551209572034,-8.048788391816313],[178.38564586442533,-8.048516651056804],[178.38570034610083,-8.047702599465223],[178.38584283784562,-8.047159540043706],[178.38602093253544,-8.045802492792468],[178.3858946106066,-8.043632605162873],[178.3855642922647,-8.041463405072399],[178.38585150224873,-8.039292121915356],[178.38603718320994,-8.03908591096315],[178.38654381324847,-8.037933340420153],[178.38725276855354,-8.036574502275396],[178.38884161868796,-8.034941403342893],[178.38928706664112,-8.034290464692823],[178.390036278812,-8.033580921744797],[178.39064194443466,-8.032521745784043],[178.39135144271233,-8.031948741504822],[178.3922691425905,-8.030798388430131],[178.3932375329976,-8.02922947114751],[178.3938369404738,-8.027870998222497],[178.3946861424127,-8.026782967147826],[178.39497630894897,-8.026519077049711]],[[178.31251849496732,-8.030331546303003],[178.31251715806616,-8.030308774320334],[178.31251839623525,-8.030300800098834],[178.31253538975392,-8.030308716155922],[178.31251849496732,-8.030331546303003]],[[178.3111720691547,-8.034850794950287],[178.31280480986337,-8.034729469586763],[178.31307783822535,-8.034990826659335],[178.31335009971218,-8.035013558840662],[178.31362121309456,-8.03467926366529],[178.31375310966885,-8.034374287272898],[178.3140680070299,-8.033016795410038],[178.31405475644993,-8.032745540596512],[178.31367948514313,-8.031932847810383],[178.31279285803436,-8.031009538017651],[178.3125507522463,-8.030851261817917],[178.31254001893146,-8.030579998726912],[178.31279069327834,-8.030335580889071],[178.31314877697577,-8.030849353348627],[178.31388232658807,-8.03123524738518],[178.3141543130607,-8.031173255528596],[178.3144257136857,-8.03092913970976],[178.31491920857997,-8.030301104119372],[178.31524004197152,-8.030236690949593],[178.31551486376344,-8.03105591071658],[178.31585348102132,-8.031383304968978],[178.31596109581815,-8.031654257683426],[178.31575759974746,-8.032197502616679]],[[178.31551880996298,-8.032281787624505],[178.31524552029038,-8.031938996383655],[178.314972848652,-8.031788126682494],[178.31468132969468,-8.031929646974659],[178.3143190327809,-8.034372478844693],[178.31431054601094,-8.034643803073166],[178.31443836697827,-8.034862489243247],[178.31470994148646,-8.034671814014214],[178.31498107220082,-8.034343350137377],[178.31536265563466,-8.033555250869775],[178.31589750014956,-8.032739648991058]],[[178.3171704098447,-8.03626243286196],[178.31739580169412,-8.035990413910222],[178.31771167649404,-8.034904214685964],[178.31838419418295,-8.033816872224838],[178.31847832429577,-8.033545273767928],[178.31824368056434,-8.033214321079267],[178.31797139060038,-8.033182307958143],[178.31769975866052,-8.033354324439268],[178.3175889872507,-8.033548124040617],[178.31746689649972,-8.034091108742967],[178.31730631039977,-8.034362919984373],[178.31655866144345,-8.035179204979144],[178.3163030849449,-8.035722617015399],[178.31607514607737,-8.035995491933097],[178.31599604509552,-8.036266193726243],[178.31634846070372,-8.03634482207454],[178.316620412696,-8.036271314042283],[178.3171704098447,-8.03626243286196]],[[178.31960451775194,-8.033184635993146],[178.3193322191091,-8.033149917293532],[178.31893849269375,-8.033543798200496],[178.3188627988292,-8.03408663421908],[178.31865174303206,-8.034629904351874],[178.31854390398667,-8.035444140115212],[178.31828650094312,-8.03625885550854],[178.31831439731857,-8.036530062712822],[178.31846169701203,-8.036800886967445],[178.3187438059771,-8.03707127868374],[178.3198901062131,-8.03733226238993],[178.32016219981386,-8.037302677316239],[178.32043354263897,-8.037040916291765],[178.32124640574222,-8.035896032358815],[178.32136726748803,-8.035435076124191],[178.32124384337533,-8.03510387480163],[178.32097081343002,-8.034843404581224],[178.32056008590735,-8.034623780125843],[178.32010033742674,-8.034082663363534],[178.32000823551613,-8.033811662506773]],[[178.32614627288316,-8.038403943717277],[178.32642723560954,-8.038746977819525],[178.32664150655026,-8.039216232753718],[178.32662358443972,-8.039487586350118],[178.32605933035416,-8.040574590639554],[178.32602726009472,-8.04084598992455],[178.32626157588373,-8.04111652942579],[178.32670776721847,-8.04131386791694],[178.32806855963332,-8.04126371930278],[178.3291557664394,-8.040785568793192],[178.33133135493844,-8.04019221380877],[178.3316030893665,-8.040052571156496],[178.3318364073944,-8.039742020663745],[178.3318765811027,-8.039470595279878],[178.33160052216917,-8.039265508088155],[178.33078485317026,-8.039541316525467],[178.32996790602124,-8.039425189887703],[178.32942292715353,-8.039241038731358],[178.32860493262808,-8.038802875707924],[178.3277874079749,-8.038508721015235],[178.32669696310114,-8.037989252311295],[178.32611723042493,-8.037861445801045]],[[178.36721985985452,-8.062956866789378],[178.36760804268627,-8.062751685638561],[178.36760676076327,-8.062370120510618],[178.36706226986402,-8.062343573034784],[178.36679041132655,-8.062445540685328],[178.366662649311,-8.062687434366955],[178.366791830437,-8.062868186984431],[178.36706437844276,-8.062971434981142],[178.36721985985452,-8.062956866789378]]]}},{"type":"Feature","properties":{"year":2005,"certainty":"good"},"geometry":{"type":"MultiLineString","coordinates":[[[178.34052867794782,-7.988032140771107],[178.3405582658608,-7.987896397408363],[178.340413589907,-7.987576006448626],[178.34003642117617,-7.9876267937890715],[178.33946420184634,-7.988035590091824]],[[178.34869913480117,-7.989362044113096],[178.348063452802,-7.988821529055996]],[[178.34790150873445,-7.988702600199286],[178.34769538527362,-7.988551434755705]],[[178.34672998827565,-7.988554580073103],[178.3466501601858,-7.989097428514323]],[[178.32947392442102,-8.040699204557418],[178.33048541027762,-8.040424635261262]],[[178.32643508455166,-8.039895138451694],[178.3261623126187,-8.040438610392842]],[[178.3855481398499,-8.048652625536107],[178.38562966459747,-8.048381061123578]],[[178.38375561018586,-8.048116093139605],[178.38358472948659,-8.048387958560939]]]}},{"type":"Feature","properties":{"year":2005,"certainty":"insufficient data"},"geometry":{"type":"MultiLineString","coordinates":[[[178.37704311637503,-7.929720179774401],[178.37724947868656,-7.929176914170828],[178.37695811299565,-7.928868611342012],[178.3766863284838,-7.928966871007706],[178.3765475605567,-7.929179234550561],[178.3765456461104,-7.929450532581395],[178.37668904558893,-7.929783958831261],[178.37696144819188,-7.929871373942798],[178.37704311637503,-7.929720179774401]],[[178.3832568434937,-7.933768952745015],[178.38395822524916,-7.932952749016894],[178.3839219270078,-7.9326815788344005],[178.3831335222223,-7.93159903503372],[178.38158787605772,-7.930030231498795],[178.38077009643774,-7.929596984866701],[178.37995297387275,-7.9293604071615755],[178.37831974624268,-7.929192266590659],[178.3780479847579,-7.9292973617316],[178.3778890323556,-7.929446090479601],[178.37773604499614,-7.929717888142364],[178.3780505145473,-7.930802013863241],[178.37840026770658,-7.931343439269863],[178.37901120712397,-7.93188399926265],[178.37912301068033,-7.932154920346838],[178.37919987632648,-7.932697248481684],[178.3794206904754,-7.932942818837104],[178.37996457877594,-7.932841190548821],[178.38078106818335,-7.93288585189972],[178.38132505156835,-7.932812921097883],[178.38186950373927,-7.932880466076563],[178.38241437313533,-7.933072883410797],[178.38264563617543,-7.933228401328137],[178.38296069162962,-7.9336987487084825],[178.3832568434937,-7.933768952745015]],[[178.3863331487624,-7.934843881322901],[178.38646633102846,-7.9345721471644834],[178.38637549945813,-7.934301159156422],[178.38618156324995,-7.934030514461429],[178.3854089380128,-7.933466971493657],[178.38513662617743,-7.933407671819816],[178.38496163301207,-7.933491993664435],[178.3847013671195,-7.9343067317002065],[178.38472523968585,-7.934577943021954],[178.38486942939838,-7.934876543797411],[178.3854139802835,-7.934972799197605],[178.3863331487624,-7.934843881322901]],[[178.38736063256295,-7.935383038639481],[178.38731937661456,-7.93515080476725],[178.3870470000514,-7.935072561323706],[178.3868329168238,-7.93538479741214],[178.3870488459274,-7.935623085264661],[178.38736063256295,-7.935383038639481]],[[178.39688039696986,-7.941319561647904],[178.39686318291498,-7.941020700818114],[178.39659168826958,-7.94120491814514],[178.39659276220488,-7.94152278041663],[178.39688039696986,-7.941319561647904]],[[178.40676515672524,-7.945626854247357],[178.40708202685187,-7.945083205522182],[178.40709162957887,-7.9448118849084635],[178.40694400773586,-7.9446973374583],[178.4066724317391,-7.9448566318864575],[178.40660209696114,-7.945084829743778],[178.40651371449627,-7.945627705134654],[178.40667542804835,-7.9457366762355],[178.40676515672524,-7.945626854247357]],[[178.4149466353177,-7.948854531263318],[178.41502579153396,-7.948311687361389],[178.41521826573373,-7.948039744726062],[178.41497297835474,-7.94776929284074],[178.41457302737447,-7.947535768075511],[178.414300636362,-7.9474564226392035],[178.41409177525125,-7.947501005096861],[178.4140673103832,-7.947772375633123],[178.41418722114307,-7.948585829390929],[178.41430524021936,-7.948800836565511],[178.41457842477536,-7.949111568558369],[178.41485046210798,-7.949087344309121],[178.4149466353177,-7.948854531263318]],[[178.41672156552104,-7.950204918011926],[178.41702995202743,-7.949824176260371],[178.41723814131,-7.949389295350729],[178.41723394290543,-7.949118022761156],[178.41702699185538,-7.948961552072361],[178.41675482457444,-7.948947765551891],[178.41624431311493,-7.949935258253229]],[[178.4196175229229,-7.95236532503602],[178.4197594511137,-7.952236354622979],[178.42021161253214,-7.9512781477985355],[178.4202669112967,-7.9510066721818315],[178.42002620955142,-7.950677129880783],[178.41975399608611,-7.950650174737362],[178.41960874768105,-7.950737635351871],[178.41944499569274,-7.951009481562401],[178.41928292990335,-7.9515526086325705],[178.4192755347985,-7.95182392055038],[178.41943628780618,-7.952365944473119],[178.4194880296382,-7.952440015603449],[178.4196175229229,-7.95236532503602]],[[178.422767251725,-7.953982264465534],[178.42303069232986,-7.953913292064799],[178.42329316565986,-7.9537091760024],[178.42343803521442,-7.953437393283896],[178.42339319743064,-7.953166260812349],[178.4232031049608,-7.9528956261272405],[178.42275376197793,-7.952518576681952],[178.42220829734327,-7.952164122340005],[178.42193611619777,-7.9521468087691485],[178.4216648725607,-7.952401706100112],[178.42136502514964,-7.952901921053535],[178.42130934631533,-7.953173398013166],[178.4213532363984,-7.953444534190485],[178.4214942601721,-7.953715337856157],[178.4216698984581,-7.953860827382605],[178.4222141845672,-7.9538726751213],[178.422767251725,-7.953982264465534]],[[178.4252390235549,-7.955872789476249],[178.4254853840073,-7.955531505388313],[178.42553154135717,-7.955329213352355],[178.42544822379577,-7.955058213517213],[178.42493740823136,-7.954451632022465],[178.42466473482278,-7.95429211278027],[178.42439273854706,-7.954328720123835],[178.42412163979475,-7.954625425449275],[178.42388189689157,-7.9550635881698435],[178.423840178904,-7.9553350173261315],[178.42392792848037,-7.955606002453355],[178.42412707611726,-7.955876605411564],[178.42467109200027,-7.956133355044352],[178.4252390235549,-7.955872789476249]],[[178.4262251723077,-7.95776840332719],[178.4265417726725,-7.957224743779971],[178.4267952848199,-7.956952586703649],[178.42689047269747,-7.956680973783856],[178.42684975519566,-7.9566172596073725],[178.42657742748935,-7.956558324287747],[178.42630600299023,-7.95676062513074],[178.42619055626625,-7.956954664898049],[178.42595015099067,-7.957498062467247],[178.42592824217417,-7.9577694235535],[178.42603790045325,-7.957923956950416],[178.4262251723077,-7.95776840332719]],[[178.42933816115774,-7.961555690249745],[178.4302160977549,-7.960738808644943],[178.43034360609067,-7.960195798525873],[178.43024884116173,-7.959924839895008],[178.42957959561247,-7.959099567221045],[178.4291643710444,-7.958843434803213],[178.42915596141816,-7.958572178326911],[178.4290366921637,-7.958301303579932],[178.42875943039957,-7.958005647513453],[178.42777699712718,-7.957220496715848],[178.42739564920825,-7.957093063458265],[178.4271242188389,-7.957293612638939],[178.42672748046536,-7.958037962680881],[178.42674660950098,-7.958309182641753],[178.4268561147196,-7.9584558154889695],[178.42712827729815,-7.958466648259025],[178.42741605783837,-7.958578166341575],[178.42745942787354,-7.958849302800023],[178.42723286700593,-7.959392653344057],[178.42721649281242,-7.959663995309845],[178.42767868071542,-7.960244148037251],[178.42795080054495,-7.960242313125704],[178.42837900224563,-7.959659995278811],[178.42844521865274,-7.959388481830832],[178.4286680495113,-7.959116429232784],[178.42876303158036,-7.959045236766156],[178.42899169346742,-7.959115314888687],[178.42867876039426,-7.959658963325224],[178.42861938427208,-7.9599304532373],[178.4287598461673,-7.960472540538614],[178.4290849862154,-7.961013991626172],[178.42893514970223,-7.96155707857797],[178.42904420345008,-7.961655695291652],[178.42933816115774,-7.961555690249745]],[[178.43724903896782,-7.9710233135133],[178.43646603725537,-7.96939832183233],[178.4348186115433,-7.966419896905381],[178.43395503670732,-7.965264047751879],[178.43326636655982,-7.963983701784104],[178.43156762927254,-7.961548002915604],[178.43121934386528,-7.961115723958358],[178.43094689688635,-7.961023346023269],[178.43067515924767,-7.961135373968875],[178.4305273888356,-7.961280305967763],[178.4301370787381,-7.961824222201903],[178.43006007351968,-7.962638343535896],[178.42988422982287,-7.962910235036105],[178.43013787349554,-7.963143809479535],[178.43041032746058,-7.963237797439293],[178.43064505342468,-7.9634501820071915],[178.43080238693847,-7.963720924472788],[178.43091928217208,-7.964263091531273],[178.4307091474063,-7.965077672071633],[178.43072222022775,-7.965348912146642],[178.43093010580074,-7.965619479976614],[178.43117962350038,-7.966161189070696],[178.4315092412734,-7.966232699223482],[178.43178123599972,-7.9661938548287266],[178.43205388925162,-7.966344513650479],[178.43220770191422,-7.966700209108684],[178.43241045435514,-7.967784648499767],[178.432282999582,-7.96832765881876],[178.4324850208866,-7.9688695305892985],[178.43256583068487,-7.969411821137498],[178.43250265959423,-7.970225894236637],[178.43234037446325,-7.970473126350264]],[[178.432322792035,-7.971040370726064],[178.43220869220664,-7.971854619900885],[178.43153617766762,-7.973982266184713],[178.43045582786965,-7.9763387157702486],[178.4300192386319,-7.977016600049878],[178.42949883953054,-7.9781035376072085],[178.4293231480093,-7.978646714540705],[178.42891302117403,-7.979190700751011]],[[178.43369712633017,-7.977003882016918],[178.4339926362484,-7.976062127778071],[178.43414103773506,-7.975917206178395],[178.43453583655807,-7.975754734397373],[178.4361646099119,-7.974596911673006],[178.43687079092052,-7.973737469133794],[178.4373907490832,-7.972650527967424],[178.4374617256778,-7.972107713073512],[178.43741628067414,-7.971565302080549]],[[178.42784539513625,-7.982178523077722],[178.42884104054434,-7.981530555653049],[178.4303874350981,-7.980270748937313],[178.43080808733237,-7.979726725060936],[178.4315535408703,-7.978973518117096],[178.43236798367562,-7.978407278894544],[178.43327760871225,-7.977547903823645]],[[178.4281117675929,-7.980278606919767],[178.427208352287,-7.98157469604773],[178.42630880000613,-7.98245510764723],[178.42585033143635,-7.983270544224703],[178.42487015579815,-7.984359063312288],[178.42466845307413,-7.984902329227001],[178.42379815521693,-7.986533039852045],[178.42339802858254,-7.987076988593092],[178.4223756711799,-7.988165649460505],[178.42215945668207,-7.98870896486775],[178.4216434601655,-7.9895245970513935],[178.4207728688438,-7.990341447727009],[178.41989477437977,-7.991480785295164],[178.4190417336981,-7.992246396953581],[178.41834898062268,-7.993062633614647],[178.41772440428963,-7.9934543622259335],[178.41693751051153,-7.994152621035697],[178.41663963892663,-7.994565086408695],[178.4159283128358,-7.995241226432472],[178.41489325275737,-7.996601205402869],[178.4128587388334,-7.998507176614927],[178.4118665623144,-7.999324430407699],[178.41130325960438,-8.000140216819748],[178.41108983471833,-8.00095480716642],[178.40986099730043,-8.001877839605418],[178.40859010030496,-8.00313364099981],[178.40613676193686,-8.006668743231227],[178.4052538945762,-8.007582579216828],[178.4045980218417,-8.008030422694015],[178.40389829176078,-8.009100143491583],[178.40362677149727,-8.009287303311098]],[[178.41394054872578,-7.998232187621829],[178.41478490978977,-7.997415436287806],[178.4152863754503,-7.996736998476093],[178.4159091704145,-7.996055151510919],[178.41670595921397,-7.995509847038395],[178.41701423139162,-7.994966217086842],[178.41726053560942,-7.994694085937368],[178.41892619812702,-7.9933319383553005],[178.4203022073826,-7.991970781308939],[178.42098386387102,-7.99162492630723],[178.42120103752973,-7.99142511978712],[178.42133775725065,-7.991153363756594],[178.42143221642218,-7.990610467102195],[178.42171559671465,-7.990066920810734],[178.42233653709346,-7.989295657210403],[178.42278105726913,-7.988435540641397],[178.42314874352834,-7.988073970131687],[178.4238122791293,-7.987618134029069],[178.42402271242105,-7.9873461237860885],[178.42422642934355,-7.986802850956052],[178.42495941949718,-7.985986469416811],[178.4253178735022,-7.985758611191835],[178.42558897722674,-7.985458861574853],[178.4258738690772,-7.984898176119714],[178.42697110000555,-7.983537965824185],[178.42715620901575,-7.982723471258044],[178.42775492673488,-7.982235366555353]],[[178.3397151848819,-7.989255604448219],[178.34014579187183,-7.988911616654513],[178.34041632230333,-7.988413661970475],[178.34052867794782,-7.988032140771107]],[[178.33946420184634,-7.988035590091824],[178.3390560516548,-7.988567822671833],[178.33890187075306,-7.988986943887215],[178.33896910421132,-7.989258021221969],[178.3390584862216,-7.989314841573923],[178.3397151848819,-7.989255604448219]],[[178.3486422614353,-7.991125640606263],[178.34932412186765,-7.990580827618076],[178.34930980391263,-7.99030958042918],[178.34919369413024,-7.9900386654373206],[178.34869913480117,-7.989362044113096]],[[178.348063452802,-7.988821529055996],[178.34790150873445,-7.988702600199286]],[[178.34769538527362,-7.988551434755705],[178.34721985992678,-7.988317110399402],[178.3469476957539,-7.988313931039398],[178.34672998827565,-7.988554580073103]],[[178.3466501601858,-7.989097428514323],[178.34664484026283,-7.989504387176142],[178.34672400000392,-7.989775423551399],[178.34722747984998,-7.990640860024733],[178.34804583633382,-7.99121701185281],[178.3483181232777,-7.991257038365511],[178.3486422614353,-7.991125640606263]],[[178.40322402508934,-8.009662825359383],[178.40280644120074,-8.00993553368707],[178.4025720266532,-8.010207618774997],[178.40215949647842,-8.010751597277112],[178.40191120573976,-8.01129501719187],[178.40169044520007,-8.011567055571314],[178.4017296296998,-8.011622620109339],[178.40250401528692,-8.011021713527903],[178.40308613063928,-8.01036267868756],[178.40335668634734,-8.009893602236643],[178.40444406908335,-8.009524653918415],[178.40463133775415,-8.009386747270216],[178.40552819774132,-8.008207541926907],[178.40688526070466,-8.00711814962997],[178.40797038625223,-8.006095386609964],[178.409149143845,-8.004759455749992],[178.41016839932226,-8.003128251875959],[178.41095096901967,-8.002269938845654],[178.4116202657741,-8.000952993942473],[178.41218678041983,-8.000137196059642],[178.4124164707676,-7.999865123604595],[178.41309916122847,-7.999320214364063],[178.41365169021668,-7.99850446314993],[178.41393079254718,-7.998239541185354]],[[178.4005242481771,-8.013198746362233],[178.40071491774256,-8.012926810585082],[178.4006451703211,-8.012849170961456],[178.40037350716963,-8.012995717559793],[178.40025069218413,-8.013199675597953],[178.4003745896373,-8.013312339150874],[178.4005242481771,-8.013198746362233]],[[178.3957905251848,-8.023795051054304],[178.39591979980514,-8.023523324388536],[178.3960547051605,-8.023501824620748],[178.39637599681407,-8.022979200802865],[178.39649867390364,-8.022436208083347],[178.3969508675132,-8.021349521133837],[178.3974120495271,-8.020534091812577],[178.3978024339366,-8.019447614262353],[178.39823025722123,-8.018903585977068],[178.39848683997874,-8.018407700144008],[178.3987254108749,-8.017274176234393],[178.3984825163513,-8.017142070279363],[178.39821298400358,-8.017913544243179],[178.39809756118993,-8.018632748113427],[178.39788476855026,-8.019176046649697],[178.3976735745833,-8.019356243505566],[178.39753697881525,-8.019719803176992],[178.39740303224673,-8.019832611973577],[178.3968625640144,-8.02096643103683],[178.39674914771132,-8.02135020529612],[178.39632132232506,-8.021874364822308],[178.39590249374206,-8.02270951785169],[178.3957905251848,-8.023795051054304]],[[178.31252321342788,-8.022169833190935],[178.31221915560337,-8.021869165589633],[178.31213827469637,-8.02189976237713],[178.3121113506232,-8.022171145648263],[178.31222045200403,-8.02227339094603],[178.31249268882692,-8.022291099553602],[178.31252321342788,-8.022169833190935]],[[178.3114051535134,-8.022660790710683],[178.3113588493511,-8.022716137659417],[178.31140530038815,-8.022987287285737],[178.31167893031616,-8.023158723967844],[178.3119510346164,-8.023134912176143],[178.3120888955414,-8.022985109647287],[178.31195011498016,-8.022848138657814]],[[178.3861476151943,-8.038748544657407],[178.3864935188747,-8.03793351007949],[178.38723788136124,-8.036574552512816],[178.38883543664252,-8.034941424224286],[178.38928700317544,-8.034271802661465],[178.3900396187848,-8.033580910455322],[178.39064193679744,-8.032519501759369],[178.39133239390637,-8.031948805939555],[178.39172674536914,-8.031373033486965],[178.3924245566008,-8.030588666702583],[178.39381689181715,-8.027871066126927],[178.39517751070667,-8.026238724908694],[178.39539058583406,-8.025695425765683],[178.39539875548257,-8.0248815327744],[178.3955182027749,-8.024609839455966],[178.39556579476405,-8.024338389704406],[178.39551293924285,-8.024257382255277],[178.39469930080833,-8.025101574203571],[178.3940116428146,-8.025971386499581],[178.39296830649675,-8.027602650701416],[178.39144758566226,-8.029322092514477],[178.3904780408644,-8.03113782826875],[178.3896553593588,-8.032497053212444],[178.38926567349722,-8.03304094771829],[178.38805589375875,-8.03440147831254],[178.38769704319498,-8.035216557014785],[178.38657402469929,-8.036869914538263],[178.38596204812606,-8.037935302527668],[178.38583361851613,-8.038478314240706],[178.38587028731152,-8.038749479923148],[178.3860369355841,-8.039012969834179],[178.3861476151943,-8.038748544657407]],[[178.31117202689427,-8.034837628605844],[178.31144430384572,-8.034865180631234],[178.3128046578855,-8.034682178596858],[178.31307731166044,-8.034827013592261],[178.31334945514132,-8.034813076093243],[178.31381211279833,-8.034102801603906],[178.31406035743422,-8.032745522701594],[178.31368560614735,-8.031932828261532],[178.31291155446493,-8.031121407791847],[178.31276631065822,-8.030850574009078],[178.3127918635209,-8.030699921729472],[178.3138823837678,-8.031253033184589],[178.3141543407665,-8.031181871730986],[178.3149679571007,-8.030267824019873],[178.31524000083053,-8.030223905590471],[178.31530842389344,-8.030299859961234],[178.31548591120884,-8.031113183566733],[178.31586634327542,-8.031654560801606],[178.31584953365552,-8.031925911549136],[178.31579079182706,-8.032218286784982],[178.31551886329083,-8.032298352463355],[178.315245309145,-8.03187339303282],[178.31497280105685,-8.031773335469618],[178.31466299225528,-8.031929705583645],[178.31463059682017,-8.032472403318039],[178.31453437242013,-8.032744007966826],[178.31453499048445,-8.033557897280224],[178.31441098792135,-8.034100887829325],[178.31456096760022,-8.034371705495426],[178.31470921234526,-8.034445251631492],[178.3152348385988,-8.034098253694454],[178.31551992406696,-8.033554747824947],[178.3159162578993,-8.03301088593093],[178.31586791724325,-8.032468446675585],[178.3166065197038,-8.03196041827901],[178.31687852978962,-8.031905827137344],[178.3174232358085,-8.032009480235981],[178.31769518871494,-8.031937207275817],[178.31810087695334,-8.031376109862968],[178.3180783205317,-8.031104885391901],[178.31746550596674,-8.030021661174978],[178.31656508825512,-8.028939355785239],[178.3153530260654,-8.02704415257044],[178.3151098840758,-8.026502335325599],[178.3147928314841,-8.025418159583031],[178.31467970635538,-8.025271459057077],[178.3144071303478,-8.025148790470794],[178.31413515220984,-8.025212153890712],[178.31359180335178,-8.025528103095203],[178.31250580398896,-8.026378444464914],[178.31196205329147,-8.02657008255376],[178.31168982169095,-8.026554910298543],[178.31141720360594,-8.0264192258634],[178.31088716886757,-8.02597321053214],[178.310324775102,-8.025265434367704],[178.31005202735773,-8.025088883128726],[178.30977987550327,-8.025098342670903],[178.30969935121027,-8.025163098486479],[178.30967221913198,-8.025434482508807],[178.30978137669283,-8.025567101268157],[178.31005422029568,-8.025773494776514],[178.31059924848628,-8.025980400167404],[178.31087153457784,-8.026012669417645],[178.31109665065253,-8.026243840901415],[178.31119067376605,-8.027057433989082],[178.31114722070896,-8.027105351969576],[178.31060263106264,-8.02703581903866],[178.31005775230122,-8.026876022089208],[178.30896622318474,-8.026002654436743],[178.30869390817622,-8.025961362297904],[178.30842208185862,-8.026072805101142],[178.307443307112,-8.027069355249742],[178.30689677816795,-8.027884984939872],[178.30593699425242,-8.02978711813457],[178.30573285381502,-8.030872958254168],[178.3057756057363,-8.031415418635648],[178.30594098953557,-8.031686191640631],[178.30663065556033,-8.032226597383033],[178.30705628651427,-8.03276784083962],[178.3073553929596,-8.032965150800054],[178.30789985022932,-8.032990767089656],[178.30817237108778,-8.03309485304857],[178.30960511620452,-8.034116220967713],[178.3106268140536,-8.034577133416546]],[[178.31664614236828,-8.036264112225671],[178.3171645595733,-8.036199730713674],[178.31729333991265,-8.035990742219617],[178.31766084993018,-8.03490437756594],[178.3180744037897,-8.034360458688818],[178.31849612188597,-8.033545216708076],[178.31824370407327,-8.033221607536218],[178.3179713739134,-8.033177134827499],[178.31769957977988,-8.033298859317489],[178.31752232175236,-8.03354833762213],[178.31740063767558,-8.034091321015902],[178.3160751462442,-8.035995543707793],[178.3160019160193,-8.036266174933148],[178.3163484570548,-8.03634368993233],[178.31664614236828,-8.036264112225671]],[[178.31960455644125,-8.03319661517748],[178.31933222839746,-8.033152793809268],[178.31906048341784,-8.03328956882368],[178.31884776311352,-8.03354408917303],[178.31881927158608,-8.034086773815938],[178.31863515220792,-8.034629957556076],[178.31859257565344,-8.035443984026225],[178.31833512651195,-8.03625869958246],[178.31834390146267,-8.036529968098387],[178.31850974895193,-8.036800732850237],[178.3188004438512,-8.037051989475673],[178.319889881848,-8.037262844254572],[178.3201618776311,-8.0372030145713],[178.3204332976026,-8.036965130904939],[178.32129148970034,-8.035706616004829],[178.3213356888585,-8.035435177609903],[178.32124384645894,-8.035104828158046],[178.3209707490044,-8.034823481548464],[178.32059620354522,-8.034623664132262],[178.32014612917115,-8.034082516361398],[178.3200424577108,-8.033811552657337]],[[178.32487819605268,-8.036780257606695],[178.32478710738255,-8.036592183775609],[178.32451459828863,-8.036493255021957],[178.3243648650544,-8.036781911676279],[178.3245158625492,-8.03688307834317],[178.32478800340502,-8.036868405935207],[178.32487819605268,-8.036780257606695]],[[178.328481130355,-8.041109358902716],[178.32947392442102,-8.040699204557418]],[[178.33048541027762,-8.040424635261262],[178.33133137799797,-8.04019928445781],[178.33160302477285,-8.040032768710029],[178.3318089050677,-8.039742109796407],[178.3318498663419,-8.039470681859902],[178.33160060319304,-8.03929034997398],[178.3307848213198,-8.039531545520598],[178.32996788869855,-8.039419872332811],[178.3266972507411,-8.038077782554302],[178.32615256748278,-8.037983828193685],[178.32602007746104,-8.038133055056585],[178.32654598238983,-8.038945245349604],[178.32664254635097,-8.039216229397143],[178.32662554101898,-8.039487580033969],[178.32643508455166,-8.039895138451694]],[[178.3261623126187,-8.040438610392842],[178.32605933035416,-8.040574590639554],[178.32602726009472,-8.04084598992455],[178.32626157588373,-8.04111652942579],[178.32670776721847,-8.04131386791694],[178.32806855963332,-8.04126371930278],[178.328481130355,-8.041109358902716]],[[178.3788043943089,-8.074040931249597],[178.37962082804492,-8.07335654350525],[178.380001728904,-8.072680447700234],[178.38025762689958,-8.071594426713412],[178.38035937959413,-8.06996634639393],[178.3809016767202,-8.068608070278987],[178.38079481510238,-8.066166824839277],[178.3800421882943,-8.06210001634671],[178.37996396357602,-8.061286410672194],[178.3799081187827,-8.059116280945931],[178.38004058016816,-8.058301965913694],[178.3800691562367,-8.057488000543335],[178.38029813653426,-8.056402070966145],[178.38109485805742,-8.053957781824348],[178.38200630800657,-8.052326974838593],[178.3822545066489,-8.052054849221395],[178.38308520125443,-8.051484872008196],[178.38444121110263,-8.050027542211959],[178.38491768835044,-8.049332976299068],[178.38525448057553,-8.04905546386938],[178.3855481398499,-8.048652625536107]],[[178.38562966459747,-8.048381061123578],[178.3856581626203,-8.047702741845915],[178.38580726420463,-8.047159660119148],[178.38599177492867,-8.045802591207918],[178.38590146309147,-8.04363258204161],[178.3856620950147,-8.042548232458088],[178.38556524887494,-8.041463401846283],[178.38578852530898,-8.039834912933346],[178.38581849698397,-8.039292233216273],[178.38576523520788,-8.039155222683188],[178.38568618879904,-8.03956396869879],[178.3854951614243,-8.039776828206664],[178.3852014198286,-8.040650760567177],[178.38524967916098,-8.04119317660516],[178.38506821734674,-8.043364103338396],[178.38529754633296,-8.044448487273204],[178.38518879647015,-8.045262722048493],[178.3849088259466,-8.045806245011313],[178.3847344923396,-8.046620701010694],[178.38375561018586,-8.048116093139605]],[[178.38358472948659,-8.048387958560939],[178.3822647204125,-8.050333150110564],[178.38145047209397,-8.05101937874437],[178.3813590312568,-8.051243995838119],[178.38146851127968,-8.051786206601072],[178.3804807007124,-8.053688559280275],[178.38027916236265,-8.054503106673952],[178.37979732290626,-8.055589886899128],[178.37939999501785,-8.057218962302722],[178.37919242098317,-8.057762240156755],[178.37909409737264,-8.058305150531007],[178.37907748274756,-8.059119075899],[178.3788662965778,-8.059662365923307],[178.37550074226814,-8.062420318643602],[178.3736333341285,-8.06320670885302],[178.3725119634479,-8.064028603961786],[178.3719105964802,-8.064026351844019],[178.37169593674932,-8.064200004765855],[178.37168043036016,-8.064298413022092],[178.37197061525424,-8.06493472543231],[178.37251484115265,-8.06488188833472],[178.37281845746486,-8.065108472807308],[178.3728560132169,-8.06537963738856],[178.37268197816468,-8.065922801463513],[178.37279099196894,-8.06605239863504],[178.37306312632384,-8.066032138269527],[178.3733345971608,-8.06581530511349],[178.37360662131886,-8.065762473290992],[178.3739959356419,-8.065918396328486],[178.37449423540087,-8.066459305120503],[178.37482531979114,-8.067543354768945],[178.37487936461284,-8.06862833403911],[178.37479215400484,-8.068899917007988],[178.374435516918,-8.069399656168818],[178.37384879370458,-8.069988244168966],[178.37380380886253,-8.070259685377788],[178.37390973489158,-8.070530620184769],[178.37417682968132,-8.07080101399167],[178.3743244501105,-8.071071808662612],[178.37455737854978,-8.071884897141336],[178.37486668194293,-8.072426438644547],[178.3755375001415,-8.073291129748736],[178.37608308292258,-8.07363625031356],[178.37717367613843,-8.074156806031935],[178.37799079443786,-8.074302929885132],[178.37853482444996,-8.074189317355273],[178.3788043943089,-8.074040931249597]],[[178.36729608080051,-8.062685321405887],[178.36706320213088,-8.062621176150724],[178.36683636459702,-8.06268685499581],[178.3670638350886,-8.062809647696687],[178.36729608080051,-8.062685321405887]]]}},{"type":"Feature","properties":{"year":2006,"certainty":"good"},"geometry":{"type":"MultiLineString","coordinates":[[[178.34052833125352,-7.988032141894985],[178.34055800870965,-7.987896398241968],[178.340413589907,-7.987576006448626],[178.34003642117617,-7.9876267937890715],[178.33946045581843,-7.988035602225583]],[[178.34869701962302,-7.989362051012743],[178.348063452802,-7.988821529055996]],[[178.34790150873445,-7.988702600199286],[178.34769538527362,-7.988551434755705]],[[178.34672998827565,-7.988554580073103],[178.3466487927931,-7.989097432967798]],[[178.30639983155856,-8.032056705437414],[178.3067404547959,-8.032361897531587]],[[178.3100374932851,-8.029095838398806],[178.3099553250088,-8.028689153550852],[178.31001754451316,-8.028553306662214]],[[178.3109134100133,-8.028550453686272],[178.31082054150517,-8.029364642141484]],[[178.31106556110723,-8.030177753997805],[178.31115770684482,-8.03037489879961],[178.31129407787438,-8.030461632880588]],[[178.32947392442102,-8.040699204557418],[178.33048541027762,-8.040424635261262]],[[178.32643508455166,-8.039895138451694],[178.32616232219698,-8.040438610361932]],[[178.3855481398499,-8.048652625536107],[178.38562966459747,-8.048381061123578]],[[178.38375561018586,-8.048116093139605],[178.38358472948659,-8.048387958560939]]]}},{"type":"Feature","properties":{"year":2006,"certainty":"insufficient data"},"geometry":{"type":"MultiLineString","coordinates":[[[178.37704311637503,-7.929720179774401],[178.37724947868656,-7.929176914170828],[178.37695811299565,-7.928868611342012],[178.3766863284838,-7.928966871007706],[178.3765475605567,-7.929179234550561],[178.3765456461104,-7.929450532581395],[178.37668904558893,-7.929783958831261],[178.37696144819188,-7.929871373942798],[178.37704311637503,-7.929720179774401]],[[178.38347699427186,-7.933496930259395],[178.38395822524916,-7.932952749016894],[178.3839219270078,-7.9326815788344005],[178.3831335222223,-7.93159903503372],[178.38158787605772,-7.930030231498795],[178.38077009643774,-7.929596984866701],[178.37995297387275,-7.9293604071615755],[178.37831974624268,-7.929192266590659],[178.3780479847579,-7.9292973617316],[178.3778890323556,-7.929446090479601],[178.37773604499614,-7.929717888142364],[178.3780505145473,-7.930802013863241],[178.37840941997015,-7.931343408973419],[178.37902797119824,-7.931883943740635],[178.37919987632648,-7.932697248481684],[178.3794206904754,-7.932942818837104],[178.37996457877594,-7.932841190548821],[178.38050897304927,-7.932891345364292],[178.38159721902855,-7.93282913644979],[178.38241437313533,-7.933072883410797],[178.38264563617543,-7.933228401328137],[178.38296061000273,-7.933674326707793],[178.38323299449948,-7.933755327994709],[178.38347699427186,-7.933496930259395]],[[178.3863331487624,-7.934843881322901],[178.3864645204137,-7.934572153195558],[178.38617045526672,-7.934030551451421],[178.3854089380128,-7.933466971493657],[178.38513662617743,-7.933407671819816],[178.38496163301207,-7.933491993664435],[178.3847013671195,-7.9343067317002065],[178.38472523968585,-7.934577943021954],[178.3848694328978,-7.934877589186654],[178.3854140211538,-7.934985003533767],[178.3863331487624,-7.934843881322901]],[[178.38711956816562,-7.935383842142651],[178.38704749977623,-7.9352216058251015],[178.38697197652388,-7.935384334018455],[178.38704829356422,-7.935458349644566],[178.38711956816562,-7.935383842142651]],[[178.40676515672524,-7.945626854247357],[178.40708202685187,-7.945083205522182],[178.40709162957887,-7.9448118849084635],[178.40694400773586,-7.9446973374583],[178.4066724317391,-7.9448566318864575],[178.40660209696114,-7.945084829743778],[178.40651371449627,-7.945627705134654],[178.40667542804835,-7.9457366762355],[178.40676515672524,-7.945626854247357]],[[178.4149466353177,-7.948854531263318],[178.41495674717754,-7.94858320965323],[178.4152362243154,-7.948039683564477],[178.41497297835474,-7.94776929284074],[178.41457302902205,-7.947536249140697],[178.4143006382624,-7.947456977647239],[178.4140937246712,-7.947500998463483],[178.41407883239984,-7.948314910991877],[178.41415567894822,-7.948585936741274],[178.41457842477536,-7.949111568558369],[178.41485046210798,-7.949087344309121],[178.4149466353177,-7.948854531263318]],[[178.4168681673362,-7.95020441804388],[178.41703056633298,-7.950003179028399],[178.41733460302393,-7.949117679398888],[178.41702691349536,-7.948938715857006],[178.41675487816727,-7.948963386936417],[178.41624567846307,-7.949935253598839],[178.41631482693526,-7.9502063048746505],[178.41648734204418,-7.950299651671564],[178.4168681673362,-7.95020441804388]],[[178.4196175229229,-7.95236532503602],[178.4197594511137,-7.952236354622979],[178.42020803450563,-7.951278160032],[178.42027189000183,-7.951006655159225],[178.42018649588564,-7.950735660564852],[178.420025917577,-7.950592238686463],[178.4197535022061,-7.9505065511710065],[178.41948179301866,-7.950626242512722],[178.4194130008952,-7.9507383042469675],[178.41928292990335,-7.9515526086325705],[178.4192755347985,-7.95182392055038],[178.41943628780618,-7.952365944473119],[178.4194880296382,-7.952440015603449],[178.4196175229229,-7.95236532503602]],[[178.422767251725,-7.953982264465534],[178.42303069232986,-7.953913292064799],[178.42329316565986,-7.9537091760024],[178.42343803521442,-7.953437393283896],[178.42339319743064,-7.953166260812349],[178.4232031049608,-7.9528956261272405],[178.42275376197793,-7.952518576681952],[178.42220829734327,-7.952164122340005],[178.42193611619777,-7.9521468087691485],[178.4216648725607,-7.952401706100112],[178.42136502514964,-7.952901921053535],[178.42130934631533,-7.953173398013166],[178.4213532363984,-7.953444534190485],[178.4214942601721,-7.953715337856157],[178.4216698984581,-7.953860827382605],[178.4222141845672,-7.9538726751213],[178.422767251725,-7.953982264465534]],[[178.4252390235549,-7.955872789476249],[178.4254853840073,-7.955531505388313],[178.42553154135717,-7.955329213352355],[178.42544822379577,-7.955058213517213],[178.42493740823136,-7.954451632022465],[178.42466473482278,-7.95429211278027],[178.42439273854706,-7.954328720123835],[178.42412163979475,-7.954625425449275],[178.42388189689157,-7.9550635881698435],[178.423840178904,-7.9553350173261315],[178.42392792848037,-7.955606002453355],[178.42412707611726,-7.955876605411564],[178.42467109200027,-7.956133355044352],[178.4252390235549,-7.955872789476249]],[[178.4260861848906,-7.958040166700269],[178.42635766972145,-7.9577679480089865],[178.42653439618024,-7.957224769131478],[178.4268504096788,-7.956806492727705],[178.42684977934874,-7.956624243158448],[178.4265774548498,-7.956566236781101],[178.42642038556275,-7.95668258940343],[178.42603575283607,-7.957302725506993],[178.42589081489362,-7.957769552135329],[178.42599346277402,-7.958040485287798],[178.4260861848906,-7.958040166700269]],[[178.4293326702654,-7.961555709167868],[178.42997933648482,-7.961010910044158],[178.43020171867397,-7.960738858211451],[178.43032395896137,-7.960467151537301],[178.43034360609067,-7.960195798525873],[178.43024884116173,-7.959924839895008],[178.42957959561247,-7.959099567221045],[178.4291643710444,-7.958843434803213],[178.42915596141816,-7.958572178326911],[178.4290366921637,-7.958301303579932],[178.42875943039957,-7.958005647513453],[178.4277724548957,-7.957220512340103],[178.42739574495968,-7.957120736445417],[178.42712431214346,-7.957320582898608],[178.42668395552366,-7.958038112299741],[178.42674016352476,-7.958309204801396],[178.42685606541045,-7.958441561758355],[178.42712818195457,-7.958439092712993],[178.42743242484318,-7.9585781100472275],[178.42745942787354,-7.958849302800023],[178.42726337644226,-7.95939254840928],[178.4272800351889,-7.95966377675362],[178.42740538592525,-7.9599065497430885],[178.42767841789615,-7.960168236020979],[178.42795061129507,-7.960187661183296],[178.42836928183297,-7.959660028738884],[178.42844521865274,-7.959388481830832],[178.4286680495113,-7.959116429232784],[178.42876303158036,-7.959045236766156],[178.42899169346742,-7.959115314888687],[178.42873345084251,-7.959658775023402],[178.42868850589016,-7.959930215249066],[178.42911035037585,-7.9610139042577295],[178.42895308415277,-7.96155701680417],[178.42904417111328,-7.961646365861969],[178.4293326702654,-7.961555709167868]],[[178.4336960131823,-7.977003885871094],[178.4339926362484,-7.976062127778071],[178.43414103773506,-7.975917206178395],[178.43453583655807,-7.975754734397373],[178.4361646099119,-7.974596911673006],[178.43687079092052,-7.973737469133794],[178.4373907490832,-7.972650527967424],[178.4374617256778,-7.972107713073512],[178.43741489568822,-7.971565306885194],[178.4372813988378,-7.971023201273125],[178.43702266162398,-7.970481529856299],[178.4348186115433,-7.966419896905381],[178.43395503670732,-7.965264047751879],[178.43326636655982,-7.963983701784104],[178.43210548411145,-7.962360001747719],[178.43161774087025,-7.961547829990282],[178.43121934386528,-7.961115723958358],[178.43094689688635,-7.961023346023269],[178.43053625519556,-7.961280275395371],[178.43013327621819,-7.961818610288923],[178.43006007351968,-7.962638343535896],[178.42988422982287,-7.962910235036105],[178.43013787349554,-7.963143809479535],[178.43041032746058,-7.963237797439293],[178.43064505342468,-7.9634501820071915],[178.43080238693847,-7.963720924472788],[178.43091928217208,-7.964263091531273],[178.4307091474063,-7.965077672071633],[178.43072222022775,-7.965348912146642],[178.43093010580074,-7.965619479976614],[178.43117962350038,-7.966161189070696],[178.4315092412734,-7.966232699223482],[178.43178123599972,-7.9661938548287266],[178.43211494852568,-7.966429244508952],[178.4324171417569,-7.967784625391997],[178.43229325243266,-7.968327623391632],[178.4325520144101,-7.969140583973591],[178.43251223482534,-7.970497146048705],[178.43213415136674,-7.972126162489097],[178.43153617766762,-7.973982266184713],[178.43045583850213,-7.976341774580016],[178.4300321898939,-7.977016555322084],[178.42949883953054,-7.9781035376072085],[178.4293231480093,-7.978646714540705],[178.42891302117403,-7.979190700751011]],[[178.42784539513625,-7.982178523077722],[178.42884104054434,-7.981530555653049],[178.4303874350981,-7.980270748937313],[178.4307399929794,-7.979797737144672],[178.4315535782989,-7.9789842739085515],[178.43241922144608,-7.978364728836462],[178.43328269212853,-7.977547886226711]],[[178.42856405710924,-7.980136168969788],[178.42829195389817,-7.980146553506996],[178.42802065666484,-7.980389098692578],[178.427208352287,-7.98157469604773],[178.4263116281847,-7.982455097898906],[178.42585033143635,-7.983270544224703],[178.42542881236963,-7.983814567719558],[178.4248833717841,-7.9843590177938975],[178.42466845307413,-7.984902329227001],[178.42379815521693,-7.986533039852045],[178.42341785405304,-7.987076920358189],[178.4223756711799,-7.988165649460505],[178.42215945668207,-7.98870896486775],[178.4216434601655,-7.9895245970513935],[178.4207728688438,-7.990341447727009],[178.41989477437977,-7.991480785295164],[178.4190417336981,-7.992246396953581],[178.41834898062268,-7.993062633614647],[178.41772440428963,-7.9934543622259335],[178.41693751051153,-7.994152621035697],[178.41663963892663,-7.994565086408695],[178.4159283128358,-7.995241226432472],[178.41489325275737,-7.996601205402869],[178.41189875589194,-7.999324320337944],[178.41133288213456,-8.00014011557086],[178.41114906679135,-8.00095460472147],[178.4104043141169,-8.001588533144933],[178.40986102080566,-8.001884678354761],[178.4088897864098,-8.002861330986969],[178.40823410407495,-8.003637618496718],[178.40613094202345,-8.006668763066154],[178.4052538200522,-8.007560841331566],[178.40443957470455,-8.0082131473098],[178.40389822282123,-8.009080018979173],[178.40362666934755,-8.009257479159475]],[[178.42911009468395,-7.980642460823838],[178.42892999882451,-7.980547068168209],[178.429108905391,-7.980300175717628],[178.42923331297774,-7.98054602089916],[178.42911009468395,-7.980642460823838]],[[178.41394054872578,-7.998232187621829],[178.41478490978977,-7.997415436287806],[178.4152863754503,-7.996736998476093],[178.4158287025839,-7.996164016941576],[178.41664314908385,-7.995582338020035],[178.4170133144791,-7.994966220231491],[178.41726053560942,-7.994694085937368],[178.41892619812702,-7.9933319383553005],[178.4203022073826,-7.991970781308939],[178.42098386387102,-7.99162492630723],[178.42120103752973,-7.99142511978712],[178.42133775725065,-7.991153363756594],[178.42143221642218,-7.990610467102195],[178.42171559671465,-7.990066920810734],[178.42233653709346,-7.989295657210403],[178.42278105726913,-7.988435540641397],[178.42369157435076,-7.9876527476281955],[178.42445179240949,-7.986530789192448],[178.42495941949718,-7.985986469416811],[178.4253178735022,-7.985758611191835],[178.42558897722674,-7.985458861574853],[178.42604382029413,-7.984626304818262],[178.42634807752427,-7.984353970451042],[178.42697110000555,-7.983537965824185],[178.42715002930152,-7.982723492571928],[178.42775492673488,-7.982235366555353]],[[178.3397151848819,-7.989255604448219],[178.34014579187183,-7.988911616654513],[178.34041631677636,-7.988411967681249],[178.34052833125352,-7.988032141894985]],[[178.33946045581843,-7.988035602225583],[178.33905602986215,-7.988561135520489],[178.33890187075306,-7.988986943887215],[178.33896910421132,-7.989258021221969],[178.3390584862216,-7.989314841573923],[178.3397151848819,-7.989255604448219]],[[178.34864209972494,-7.991125641133848],[178.34920484936382,-7.990852510832832],[178.34936065204846,-7.990580708383031],[178.34919369413024,-7.9900386654373206],[178.34869701962302,-7.989362051012743]],[[178.348063452802,-7.988821529055996],[178.34790150873445,-7.988702600199286]],[[178.34769538527362,-7.988551434755705],[178.34721985992678,-7.988317110399402],[178.3469476957539,-7.988313931039398],[178.34672998827565,-7.988554580073103]],[[178.3466487927931,-7.989097432967798],[178.34664387429075,-7.98950439032237],[178.34672400000392,-7.989775423551399],[178.34722747984998,-7.990640860024733],[178.34804583633382,-7.99121701185281],[178.3483181232777,-7.991257038365511],[178.34864209972494,-7.991125641133848]],[[178.4033217721661,-8.00966249278324],[178.40308452008065,-8.009892321240143],[178.40281260009962,-8.009962991278725],[178.4025720266532,-8.010207618774997],[178.40215949647842,-8.010751597277112],[178.40191120573976,-8.01129501719187],[178.40169044520007,-8.011567055571314],[178.4017296296998,-8.011622620109339],[178.4022726333049,-8.011236161918736],[178.4029887697891,-8.010477489013521],[178.40318030663846,-8.010205549602503],[178.40321478353746,-8.009934144550733],[178.40335628071983,-8.009775158791394],[178.4036284974026,-8.00979119000321],[178.40390039144623,-8.009713048758044],[178.40444406908335,-8.009524653918415],[178.40463133775415,-8.009386747270216],[178.40552819774132,-8.008207541926907],[178.40688526070466,-8.00711814962997],[178.40797038625223,-8.006095386609964],[178.409149143845,-8.004759455749992],[178.41016839932226,-8.003128251875959],[178.41095096840465,-8.002269760054094],[178.4116168886991,-8.000953005488809],[178.41218386508896,-8.000137206030276],[178.4124164707676,-7.999865123604595],[178.41309916122847,-7.999320214364063],[178.41365169021668,-7.99850446314993],[178.41393079254718,-7.998239541185354]],[[178.4005242481771,-8.013198746362233],[178.40071491774256,-8.012926810585082],[178.4006451703211,-8.012849170961456],[178.40037350716963,-8.012995717559793],[178.40025069218413,-8.013199675597953],[178.4003745896373,-8.013312339150874],[178.4005242481771,-8.013198746362233]],[[178.3957905251848,-8.023795051054304],[178.39591979980514,-8.023523324388536],[178.3960547051605,-8.023501824620748],[178.39637599681407,-8.022979200802865],[178.39649867390364,-8.022436208083347],[178.3969508675132,-8.021349521133837],[178.3974120495271,-8.020534091812577],[178.3978024339366,-8.019447614262353],[178.39823025722123,-8.018903585977068],[178.39848683997874,-8.018407700144008],[178.3987254108749,-8.017274176234393],[178.3984825163513,-8.017142070279363],[178.39821298400358,-8.017913544243179],[178.39809756118993,-8.018632748113427],[178.39788476855026,-8.019176046649697],[178.3976735745833,-8.019356243505566],[178.39753697881525,-8.019719803176992],[178.39740303224673,-8.019832611973577],[178.3968625640144,-8.02096643103683],[178.39674914771132,-8.02135020529612],[178.39632132232506,-8.021874364822308],[178.39590249374206,-8.02270951785169],[178.3957905251848,-8.023795051054304]],[[178.31251423801854,-8.022169861796696],[178.31221937350384,-8.021937109713255],[178.31213128930284,-8.022171082120412],[178.31222038903195,-8.022253756364544],[178.31249260974892,-8.022266448345736],[178.31251423801854,-8.022169861796696]],[[178.3120994680494,-8.022985075958934],[178.31188627101864,-8.022714457736923],[178.3116771115076,-8.022591432040745],[178.31137581620987,-8.022716083627767],[178.3114226973017,-8.022987231880768],[178.31167892798868,-8.023157998047076],[178.31195106785665,-8.023145277405696],[178.3120994680494,-8.022985075958934]],[[178.3861476151943,-8.038748544657407],[178.3864935188747,-8.03793351007949],[178.38723788136124,-8.036574552512816],[178.38883543664252,-8.034941424224286],[178.38928700317544,-8.034271802661465],[178.3900396187848,-8.033580910455322],[178.39064193679744,-8.032519501759369],[178.39133239390637,-8.031948805939555],[178.39172674536914,-8.031373033486965],[178.3924245566008,-8.030588666702583],[178.39381689181715,-8.027871066126927],[178.39517751070667,-8.026238724908694],[178.39539058583406,-8.025695425765683],[178.39539875548257,-8.0248815327744],[178.3955182027749,-8.024609839455966],[178.39556579476405,-8.024338389704406],[178.39551293924285,-8.024257382255277],[178.39469930080833,-8.025101574203571],[178.3940116428146,-8.025971386499581],[178.39296830649675,-8.027602650701416],[178.39144758566226,-8.029322092514477],[178.3904780408644,-8.03113782826875],[178.3896553593588,-8.032497053212444],[178.38926567349722,-8.03304094771829],[178.38805589375875,-8.03440147831254],[178.38769704319498,-8.035216557014785],[178.38657402469929,-8.036869914538263],[178.38596204812606,-8.037935302527668],[178.38583361851613,-8.038478314240706],[178.38587028731152,-8.038749479923148],[178.3860369355841,-8.039012969834179],[178.3861476151943,-8.038748544657407]],[[178.31069229945348,-8.025702533482663],[178.31018592487314,-8.025161550197554],[178.31005202735773,-8.025088883128726],[178.30977987550327,-8.025098342670903],[178.30969935121027,-8.025163098486479],[178.30967221913198,-8.025434482508807],[178.31005422029568,-8.025773494776514],[178.3105991687909,-8.025955532186659],[178.31069229945348,-8.025702533482663]],[[178.3127910101373,-8.030434232766536],[178.3130640074411,-8.030686957797373],[178.3133363658579,-8.030740759749511],[178.31360841494163,-8.030698303549011],[178.31388013069056,-8.030552181082522],[178.31442300302717,-8.030086256876789],[178.3149665911122,-8.029843219307162],[178.31523873574955,-8.029830747007356],[178.31561865839902,-8.030027570988391],[178.3156871073109,-8.030298649115796],[178.3154967846859,-8.030570554747555],[178.3154523524886,-8.030841993852562],[178.31551504929138,-8.03111354882789],[178.31578825970644,-8.031431868495877],[178.3163334364314,-8.031681872405466],[178.31742282598952,-8.031882359731915],[178.3176947460689,-8.031799931241968],[178.3180070580894,-8.031376410472443],[178.3179992518686,-8.031105138728313],[178.31745688752622,-8.03002168877278],[178.31656508825512,-8.028939355785239],[178.3156601870564,-8.02758576490128],[178.3151098840758,-8.026502335325599],[178.3147928314841,-8.025418159583031],[178.31467970635538,-8.025271459057077],[178.31440713036326,-8.025148795272386],[178.31386345582544,-8.025363258495732],[178.31250580398896,-8.026378444464914],[178.31223399230285,-8.026494078871004],[178.3116898879273,-8.02657555980852],[178.31114516084483,-8.02646293060335],[178.31123406345952,-8.027057295756409],[178.31114740172745,-8.02716180468848],[178.31005775230122,-8.026876022089208],[178.30896622318474,-8.026002654436743],[178.30869390817622,-8.025961362297904],[178.30842208185862,-8.026072805101142],[178.307443307112,-8.027069355249742],[178.30689677816795,-8.027884984939872],[178.30593699425242,-8.02978711813457],[178.30574096801388,-8.030601634452042],[178.3057756057363,-8.031415418635648],[178.30594098953557,-8.031686191640631],[178.30639983155856,-8.032056705437414]],[[178.3067404547959,-8.032361897531587],[178.3070826593793,-8.032794499470702],[178.3073553929596,-8.032965150800054],[178.30789985022932,-8.032990767089656],[178.30817237108778,-8.03309485304857],[178.30960511620452,-8.034116220967713],[178.31117205028136,-8.034844914911757],[178.312260609166,-8.034784225958612],[178.3128046578855,-8.034682178596858],[178.31307731166044,-8.034827013592261],[178.31334945514132,-8.034813076093243],[178.31388314429583,-8.033831277505541],[178.31406035743422,-8.032745522701594],[178.3136306941747,-8.031933003632416],[178.31312712573347,-8.03166331426252],[178.31247942179237,-8.031122786735073]],[[178.31089438420952,-8.031670435733837],[178.31061439673667,-8.031671327916683],[178.3103447801193,-8.031507113452406],[178.31029564160298,-8.031401045839832],[178.31031962202096,-8.029773184030855],[178.3100374932851,-8.029095838398806]],[[178.31001754451316,-8.028553306662214],[178.3103339689528,-8.028134590653604],[178.3108775336527,-8.027883983579683],[178.31100434610116,-8.02814321769175],[178.3109134100133,-8.028550453686272]],[[178.31082054150517,-8.029364642141484],[178.31080017168847,-8.029500355802053],[178.31106556110723,-8.030177753997805]],[[178.31129407787438,-8.030461632880588],[178.3114304489575,-8.030548366906658],[178.31179435449246,-8.030311079624072],[178.31192915418112,-8.030039352384373],[178.311910646381,-8.029768113988126],[178.31197212640967,-8.029709138773006],[178.31253637911752,-8.030037415656231],[178.31272385961336,-8.030308114834662]],[[178.31487777256498,-8.034099395560391],[178.31572981338422,-8.03328277940398],[178.31581521494832,-8.033011209213793],[178.315519945939,-8.032634639870148],[178.31524564999484,-8.031979295581053],[178.3149730928382,-8.031864012398195],[178.31470114040147,-8.031936655891483],[178.31453437242013,-8.032744007966826],[178.31456320051618,-8.033286510017808],[178.31448784171303,-8.033829345079955],[178.31454107321596,-8.03410047201147],[178.31470858861184,-8.034251436834658],[178.31487777256498,-8.034099395560391]],[[178.31664614236828,-8.036264112225671],[178.3171645595733,-8.036199730713674],[178.31729333991265,-8.035990742219617],[178.3173830229199,-8.035447861328398],[178.3175121537271,-8.035176150804558],[178.3180744037897,-8.034360458688818],[178.31849612188597,-8.033545216708076],[178.31824370407327,-8.033221607536218],[178.3179713739134,-8.033177134827499],[178.31769957977988,-8.033298859317489],[178.31752232175236,-8.03354833762213],[178.31740063767558,-8.034091321015902],[178.3160751462442,-8.035995543707793],[178.3160019160193,-8.036266174933148],[178.3163484570548,-8.03634368993233],[178.31664614236828,-8.036264112225671]],[[178.31960455644125,-8.03319661517748],[178.31933222839746,-8.033152793809268],[178.31906048341784,-8.03328956882368],[178.31884776311352,-8.03354408917303],[178.31881927158608,-8.034086773815938],[178.31863515220792,-8.034629957556076],[178.31863488207216,-8.035443848345773],[178.31833512651195,-8.03625869958246],[178.31834794979883,-8.036529955115942],[178.31880035033276,-8.03702303019608],[178.319889881848,-8.037262844254572],[178.3201618776311,-8.0372030145713],[178.3204332976026,-8.036965130904939],[178.3212460807826,-8.035795575331202],[178.3213356888585,-8.035435177609903],[178.32124384645894,-8.035104828158046],[178.3209707490044,-8.034823481548464],[178.32059620354522,-8.034623664132262],[178.32014612917115,-8.034082516361398],[178.3200424577108,-8.033811552657337]],[[178.32487819605268,-8.036780257606695],[178.32478712350715,-8.036597154687234],[178.32451461555917,-8.03649858036379],[178.3243648650544,-8.036781911676279],[178.3245158625492,-8.03688307834317],[178.32478800340502,-8.036868405935207],[178.32487819605268,-8.036780257606695]],[[178.32847930795998,-8.041109364795084],[178.32947392442102,-8.040699204557418]],[[178.33048541027762,-8.040424635261262],[178.33133137799797,-8.04019928445781],[178.33160302477285,-8.040032768710029],[178.3318089050677,-8.039742109796407],[178.3318498663419,-8.039470681859902],[178.33160060319304,-8.03929034997398],[178.3307848213198,-8.039531545520598],[178.32996788869855,-8.039419872332811],[178.3266972507411,-8.038077782554302],[178.32615256748278,-8.037983828193685],[178.32602007746104,-8.038133055056585],[178.32654598238983,-8.038945245349604],[178.32664254635097,-8.039216229397143],[178.32662554101898,-8.039487580033969],[178.32643508455166,-8.039895138451694]],[[178.32616232219698,-8.040438610361932],[178.32605933035416,-8.040574590639554],[178.32602726009472,-8.04084598992455],[178.32625914445708,-8.041116537274215],[178.32670771872918,-8.041298950091587],[178.3277964707172,-8.041295107894225],[178.32847930795998,-8.041109364795084]],[[178.3788043943089,-8.074040931249597],[178.37962082804492,-8.07335654350525],[178.380001728904,-8.072680447700234],[178.38025762689958,-8.071594426713412],[178.38035937959413,-8.06996634639393],[178.3809016767202,-8.068608070278987],[178.38079481510238,-8.066166824839277],[178.3800421882943,-8.06210001634671],[178.37996396357602,-8.061286410672194],[178.3799081187827,-8.059116280945931],[178.38004058016816,-8.058301965913694],[178.3800691562367,-8.057488000543335],[178.38029813653426,-8.056402070966145],[178.38109485805742,-8.053957781824348],[178.38200630800657,-8.052326974838593],[178.38225048860315,-8.052054862756957],[178.38308520125443,-8.051484872008196],[178.3845558653488,-8.049876775631851],[178.38491768835044,-8.049332976299068],[178.38525448057553,-8.04905546386938],[178.3855481398499,-8.048652625536107]],[[178.38562966459747,-8.048381061123578],[178.3856581626203,-8.047702741845915],[178.38580726420463,-8.047159660119148],[178.38599177492867,-8.045802591207918],[178.38590146309147,-8.04363258204161],[178.3856620950147,-8.042548232458088],[178.38556524887494,-8.041463401846283],[178.38578852530898,-8.039834912933346],[178.38581849698397,-8.039292233216273],[178.38576523520788,-8.039155222683188],[178.38568618879904,-8.03956396869879],[178.3854951614243,-8.039776828206664],[178.3852014198286,-8.040650760567177],[178.38524967916098,-8.04119317660516],[178.38506821734674,-8.043364103338396],[178.38529754633296,-8.044448487273204],[178.38518879647015,-8.045262722048493],[178.3849088259466,-8.045806245011313],[178.3847344923396,-8.046620701010694],[178.38375561018586,-8.048116093139605]],[[178.38358472948659,-8.048387958560939],[178.38240559282326,-8.05015531334251],[178.3819934241241,-8.050597146336488],[178.38147632911998,-8.0509723113171],[178.38134172891503,-8.051244054080636],[178.38146847779686,-8.051786206713796],[178.3804807007124,-8.053688559280275],[178.38027916236265,-8.054503106673952],[178.37979732290626,-8.055589886899128],[178.37939999501785,-8.057218962302722],[178.37919242098317,-8.057762240156755],[178.37909409737264,-8.058305150531007],[178.37907748274756,-8.059119075899],[178.3788662965778,-8.059662365923307],[178.37550074226814,-8.062420318643602],[178.3736333341285,-8.06320670885302],[178.3725119634479,-8.064028603961786],[178.3719105964802,-8.064026351844019],[178.37169593674932,-8.064200004765855],[178.37168043036016,-8.064298413022092],[178.37197061525424,-8.06493472543231],[178.37251484115265,-8.06488188833472],[178.37281845746486,-8.065108472807308],[178.3728560132169,-8.06537963738856],[178.37269265542668,-8.06592276568422],[178.37279093880514,-8.066036641077806],[178.37306301863197,-8.06600022499532],[178.37333455038106,-8.06580144484951],[178.37360662131886,-8.065762473290992],[178.3739959356419,-8.065918396328486],[178.37449423540087,-8.066459305120503],[178.37482531979114,-8.067543354768945],[178.37487936461284,-8.06862833403911],[178.37479215400484,-8.068899917007988],[178.374435516918,-8.069399656168818],[178.37384879370458,-8.069988244168966],[178.37380380886253,-8.070259685377788],[178.37390973489158,-8.070530620184769],[178.37417682968132,-8.07080101399167],[178.3743244501105,-8.071071808662612],[178.37455737854978,-8.071884897141336],[178.37486668194293,-8.072426438644547],[178.3755375001415,-8.073291129748736],[178.37608308292258,-8.07363625031356],[178.37717367613843,-8.074156806031935],[178.37799079443786,-8.074302929885132],[178.37853482444996,-8.074189317355273],[178.3788043943089,-8.074040931249597]],[[178.36729608080051,-8.062685321405887],[178.36706320213088,-8.062621176150724],[178.36683636459702,-8.06268685499581],[178.3670638350886,-8.062809647696687],[178.36729608080051,-8.062685321405887]]]}},{"type":"Feature","properties":{"year":2007,"certainty":"good"},"geometry":{"type":"MultiLineString","coordinates":[[[178.38339089411545,-7.933497216389929],[178.38387864942896,-7.932953013540544],[178.38387452445238,-7.932681736401064],[178.38361384440378,-7.932411311924842],[178.38310576116893,-7.931599127247594],[178.3827626905058,-7.931193330184959]],[[178.38254345181028,-7.930984059552129],[178.382470726648,-7.93092300857197]],[[178.38227054765696,-7.930746855030639],[178.38217760726877,-7.9306526905216455]],[[178.37843355754802,-7.931207683334817],[178.37912570608086,-7.931883620032713],[178.37924992873752,-7.932154499933841],[178.37925581905594,-7.932697063154841],[178.37942047292498,-7.9328775562236595],[178.3802364458162,-7.932767300685649],[178.38159714102457,-7.932805772755231],[178.38241427718333,-7.933044161824643],[178.38323260247117,-7.933638060036231],[178.38339089411545,-7.933497216389929]],[[178.38600182126498,-7.934844984759049],[178.38635558973135,-7.934572516024119],[178.38632993985394,-7.934301310895965],[178.38613837033662,-7.93403065829375],[178.38568155432145,-7.93361717438877],[178.38513657125685,-7.933391265327568],[178.38497541252204,-7.933491947821182],[178.38486575531394,-7.9337788963568405],[178.3847663483089,-7.9343065155283545],[178.3847882429928,-7.934577733419455],[178.38493645444484,-7.934848531015022],[178.38527789805417,-7.934965311364649]],[[178.38582193841458,-7.934909126125269],[178.38600182126498,-7.934844984759049]],[[178.40675239804708,-7.945626897426727],[178.40707092390295,-7.945083243104033],[178.4070779932532,-7.944811931064163],[178.4069440272476,-7.944703067566449],[178.40664473531496,-7.944813397305719],[178.40644020513238,-7.945627953863599],[178.40667537153058,-7.945720077369759],[178.40675239804708,-7.945626897426727]],[[178.41484214140084,-7.947905381916606],[178.41470980029845,-7.947744010990872]],[[178.41455760482927,-7.947635063354222],[178.41430090842755,-7.9475358774851586],[178.414165009194,-7.947582736656221]],[[178.42666301140832,-7.956681755600944],[178.42654087842533,-7.95668217533811],[178.42657845761178,-7.956856224409149],[178.42666301140832,-7.956681755600944]],[[178.4288961776353,-7.958203368401123],[178.42766792868684,-7.957137950524816],[178.42739573812477,-7.957118761091609],[178.42708536343335,-7.957358518053894]],[[178.42845124400628,-7.959524103844076],[178.42849215781357,-7.959406565087165],[178.42860040113123,-7.959523590362301]],[[178.42617305750338,-7.957662094848427],[178.42603654729305,-7.9575325403028145],[178.4259720665681,-7.957769272990022],[178.42603811144673,-7.957984987369872],[178.42617376182076,-7.957865806101872]],[[178.42868088069702,-7.959523313284613],[178.42852312219975,-7.959388213655765],[178.42876357407854,-7.959201833049843],[178.42882498760528,-7.959387174376602],[178.42878581112478,-7.959522952003257]],[[178.43365989616606,-7.97700401092143],[178.43379149947702,-7.9761897011849285],[178.4339584328362,-7.975917838503552],[178.43480726883672,-7.9755529804146725],[178.43548596076383,-7.97508083895475]],[[178.43667928137114,-7.9698045093609835],[178.43478151740112,-7.966420025273369],[178.43449555200493,-7.966014087673204]],[[178.43089551950533,-7.9654839567525615],[178.4312366443935,-7.966098207309662],[178.43178095215796,-7.966112167579376],[178.43205362827413,-7.96626942232598],[178.43235488187966,-7.966970985626512],[178.43246435901872,-7.967648819759336]],[[178.43140121443926,-7.974299806110913],[178.43039653749543,-7.9766083692536425]],[[178.43032126264427,-7.976771147743623],[178.43025151539487,-7.976880155265177]],[[178.4308298440688,-7.976878157293654],[178.43100130830578,-7.97668594204873],[178.43154515640737,-7.976563710681872],[178.4318174862923,-7.9766192808636465],[178.431962583056,-7.976738599194934],[178.43196363602624,-7.976874238000881]],[[178.4259955645757,-7.98313440096383],[178.42598917104976,-7.983146501583276]],[[178.4258143612558,-7.983406310938234],[178.4249398926435,-7.9843588231204725],[178.42473825131347,-7.984766446030995]],[[178.42008279872164,-7.991293320038328],[178.41989491797736,-7.991522323617068],[178.41908078606804,-7.992191354092525],[178.41873370366616,-7.992654383739732]],[[178.41867447601982,-7.992744983821475],[178.41852894957248,-7.992926372800135]],[[178.41813181935402,-7.9932201411794574],[178.41749770989986,-7.993743770186312]],[[178.4173177323828,-7.99390403220078],[178.41719036472435,-7.994016110717155]],[[178.41301840062346,-7.998370986985243],[178.41175806562103,-7.999546801938092],[178.4113640646337,-8.00014000898775],[178.41114375895,-8.000954622863096],[178.41094721935485,-8.001179810580858],[178.4096364134748,-8.002180564121966]],[[178.40594013798133,-8.006805057042918],[178.40593165954382,-8.006814246755289]],[[178.40568680429163,-8.007077207757083],[178.40525373657005,-8.007536490382128],[178.40462764148756,-8.008030321839428],[178.40433048685185,-8.008438265016013]],[[178.40430445383112,-8.008493168692917],[178.4041725219284,-8.00871009042974]],[[178.4194503510291,-7.992651923007501],[178.4201685554015,-7.991953136527926],[178.4204400852981,-7.991774406203228],[178.42100105150988,-7.991561450325953]],[[178.42545562703447,-7.985035260286388],[178.42546055939613,-7.9848996005211985],[178.42567225993378,-7.98462758546682],[178.42613540471416,-7.984354703638494],[178.4266299247744,-7.9838104277866],[178.42707654292693,-7.982802467027721]],[[178.33983204544901,-7.989255225780695],[178.34018282174398,-7.988982794028955],[178.34041655884027,-7.988486171513815],[178.34053711775792,-7.9878964659635745],[178.34041365898213,-7.987597183544551],[178.3401414548639,-7.987581817490795],[178.33962106801675,-7.987899434458562],[178.33912347989317,-7.988443636153006],[178.33898684056052,-7.988715373684202],[178.33888401070274,-7.989258296779244],[178.33905912263367,-7.9895101054305675],[178.33933130057886,-7.989517023639971],[178.33983204544901,-7.989255225780695]],[[178.34859501238407,-7.991125794755349],[178.3492160452416,-7.990852474291682],[178.3493090439136,-7.9905808768318005],[178.3492727370597,-7.990309701407353],[178.3491726027057,-7.990038734267367],[178.34880149073217,-7.989497357212803],[178.3480734405162,-7.988821496493723]],[[178.34790149566862,-7.988698617297649],[178.34768586284775,-7.988551465791304]],[[178.34670526542638,-7.988554660591938],[178.34661514928848,-7.988961895425165],[178.34663214378315,-7.989504428529136],[178.34685659013516,-7.990046285829703],[178.34718530587378,-7.990587803118626],[178.34804584201387,-7.991218742579506],[178.34831809738557,-7.991249150561593],[178.34859501238407,-7.991125794755349]],[[178.40499983576086,-8.008707273255862],[178.4053277891787,-8.008299224756371],[178.40606256471355,-8.007754145941362],[178.40746098870687,-8.006528584325642]],[[178.4110681748829,-8.001904385582565],[178.41156683309467,-8.000953176627446],[178.41203274219797,-8.000279780836442],[178.41352386710392,-7.99861811150229]],[[178.39835949990487,-8.018496215033709],[178.39848647526608,-8.018300947935407],[178.39860090466956,-8.017545887026612],[178.39855696584127,-8.01727474799037],[178.39848278391898,-8.017220399771002],[178.39834772632415,-8.017818034517083],[178.39821331807482,-8.018011351618583],[178.39816376615323,-8.018496879334462]],[[178.39578708985863,-8.02352377429118],[178.39605445937775,-8.023429804609972],[178.39633941922702,-8.022979324841897],[178.39644522471642,-8.022572033513883]],[[178.3959590973764,-8.022573681765637],[178.39589892861036,-8.023252106747215],[178.39578708985863,-8.02352377429118]],[[178.3123146326199,-8.022170497913766],[178.31222000833677,-8.022135055254983],[178.31219095605755,-8.022170892006734],[178.31222020236223,-8.022195552796434],[178.3123146326199,-8.022170497913766]],[[178.3119972159575,-8.022985401764663],[178.3116773137703,-8.022654520444926],[178.31154138710505,-8.022705525928743]],[[178.311814901135,-8.023121451723563],[178.31195085755104,-8.023079698054199],[178.3119972159575,-8.022985401764663]],[[178.39554511864299,-8.024338459790894],[178.39551303868737,-8.024286530139943],[178.39551372800784,-8.024488571763332],[178.39554511864299,-8.024338459790894]],[[178.39007978635493,-8.033445130220953],[178.39064192552854,-8.032516190641125],[178.39133415484713,-8.03194879998301],[178.39165202667834,-8.03140514708738],[178.39199482359695,-8.0309970541055]],[[178.39539109357847,-8.025288491398479],[178.3953799804496,-8.02517407109625]],[[178.39537314054098,-8.025017263817025],[178.3952419865909,-8.024614937472876],[178.39481597921719,-8.02501915197577]],[[178.39066849628162,-8.03073025111713],[178.39016779767252,-8.031681454707696],[178.38962481481056,-8.03249715641324],[178.38887580785294,-8.03341117820966]],[[178.31149338328302,-8.031125931502531],[178.3113968895918,-8.031397536571694],[178.3111619689526,-8.031703418659543],[178.31088997137974,-8.03176229591647],[178.31034520679148,-8.031640183023763],[178.31023893274715,-8.031401226470072],[178.3103122697567,-8.030587100175062],[178.31024847480958,-8.029773410608644],[178.30989294740976,-8.028960649757238],[178.30987763465802,-8.028689400864211],[178.31014403329945,-8.028281606347818]],[[178.31093611692052,-8.028550381348444],[178.31085460164257,-8.029500182396434],[178.31091641049886,-8.029771282993952],[178.31115712959888,-8.030194950954572],[178.31143008163588,-8.030433886663458],[178.31176033429344,-8.03031118809653],[178.31189999463828,-8.030039445365428],[178.31186253531243,-8.029768267391608],[178.31197194929024,-8.029653954509119],[178.31278998951527,-8.030116464572309],[178.31333595730268,-8.030613616383878],[178.31360830170394,-8.03066307102382],[178.31388000917835,-8.030514381159984],[178.3141512044614,-8.030206454866367],[178.314422815065,-8.030027806399493],[178.3149663031143,-8.029753694895854],[178.31523839615554,-8.029725205475053],[178.31571535466767,-8.030027261771139],[178.31577167469112,-8.030298378662833],[178.315569896473,-8.030570320957594],[178.31551204839135,-8.030841802963794],[178.31567339404853,-8.031112583991318],[178.31633332479544,-8.031647214484433],[178.31715046099623,-8.031826794418922],[178.3176941855193,-8.031626086768346],[178.31795099564889,-8.031376590094558],[178.31796576943321,-8.031105246001628],[178.31741698310037,-8.03006974542654],[178.3168727517765,-8.029345316626154]],[[178.30681234718514,-8.028020902041442],[178.30633911746918,-8.028971947564667],[178.30595634648841,-8.030058354744087],[178.30577151568198,-8.031144133581007],[178.3058181876675,-8.031415283465464],[178.3059903147078,-8.031669928197555],[178.3067939392999,-8.032361727607066]],[[178.31364154007045,-8.03315380638451],[178.3137701928018,-8.032746449665325],[178.3137671758011,-8.032475162118716],[178.31351057660922,-8.031933387223093],[178.31224873534907,-8.031087072956714],[178.3117039388394,-8.0309547606218]],[[178.31504217087394,-8.033420627279096],[178.31510238380596,-8.033284786219838],[178.31550168454677,-8.033012212183722],[178.31550270514293,-8.032740911921339],[178.31527046031454,-8.032199060629543],[178.3149733160245,-8.03193337131336],[178.3147414819012,-8.032200751802277],[178.3148068094382,-8.033014434206809],[178.31491415570122,-8.033421036602455]],[[178.31848454395276,-8.033680902164893],[178.31850868915407,-8.033545176416402],[178.31832628760097,-8.033274464478874],[178.31797129661916,-8.033153172834066],[178.31766627569414,-8.033276579648538],[178.31749879826307,-8.033684061372904]],[[178.3196045787028,-8.033203507921316],[178.3193323000174,-8.033174973812503],[178.31911284136535,-8.03327194239177],[178.31884672548844,-8.033544092500609],[178.318829873642,-8.03367979486192]],[[178.32030582042557,-8.03421765191345],[178.320088344049,-8.033811405362826]],[[178.32843760991952,-8.041109499615656],[178.32915572171112,-8.040771832474789],[178.33138171864994,-8.040150436878593]],[[178.32664935538924,-8.039351855287155],[178.32651058367773,-8.039759246869995],[178.3260510680333,-8.040574617303704],[178.3260285364286,-8.040845985805516],[178.32616238436037,-8.041005954220783],[178.32643521802746,-8.041203709243584],[178.32670753710366,-8.04124307237146],[178.32806849099063,-8.04124262273787],[178.32843760991952,-8.041109499615656]],[[178.38093476991662,-8.068472313932485],[178.38084205027005,-8.06779440279653],[178.3807903245132,-8.066166839976482],[178.38061699848276,-8.065489200274367]],[[178.37991699128125,-8.059251895947217],[178.38006093458978,-8.057488028213852],[178.38029365828586,-8.056266441176748]],[[178.38217616542218,-8.052190757905883],[178.38416973053927,-8.050236725149224],[178.38471160436706,-8.049498289674439],[178.3852544864965,-8.049057206751092],[178.38547228384292,-8.048788526191695],[178.3855853728724,-8.048109921385684]],[[178.38560406874154,-8.041870204904333],[178.38558495730646,-8.041192046055306],[178.38576769457538,-8.039879757345433],[178.38576544418245,-8.039216789628693],[178.38573422193474,-8.039563806729893],[178.38549515151485,-8.039773908384927],[178.38522559056852,-8.040546840952283],[178.38524500475162,-8.04119319236522],[178.38516698555307,-8.041871678825522]],[[178.38391474004413,-8.047844267294176],[178.38253584254286,-8.050017898737597],[178.38193036383706,-8.050699493010338],[178.38145068315552,-8.051081661681499],[178.3813659529783,-8.051243972538268],[178.3814269109265,-8.051786346653726],[178.38135441484934,-8.0519222355416]],[[178.37965447278378,-8.056268591940496],[178.3791300786415,-8.058033739676166],[178.3790729158637,-8.058983446348932]],[[178.37185110595976,-8.064162196310694],[178.37169286640534,-8.064298371387704],[178.3718777780538,-8.064840333375038],[178.3719706178275,-8.064935488695703],[178.37251477936658,-8.064863568774657],[178.3728233333145,-8.065108456468447],[178.37285046736855,-8.065379655973619],[178.37267011629237,-8.065922841212078],[178.37279103234968,-8.066064367323753],[178.37306305929133,-8.06601227396238],[178.3733345686984,-8.065806872054358],[178.37360666045512,-8.06577406665115],[178.3738791664767,-8.06586397608636],[178.37446121676987,-8.066459415916814],[178.37470831574075,-8.067136812215605]],[[178.37663446983242,-8.073912591487062],[178.37717365760753,-8.07415133659469],[178.37771845173,-8.074263100857806],[178.37826284212406,-8.074255746039727],[178.3785428615005,-8.074177457174137]]]}},{"type":"Feature","properties":{"year":2007,"certainty":"insufficient data"},"geometry":{"type":"MultiLineString","coordinates":[[[178.3769991478218,-7.929720325146946],[178.37716402724584,-7.92944848835245],[178.37721831643142,-7.929177017211157],[178.37695817569096,-7.928887462567414],[178.37668635384748,-7.928974498770407],[178.37656290526954,-7.929179183837119],[178.37657975949048,-7.9294504198341595],[178.37668866600316,-7.929669815030387],[178.37696113937122,-7.929778529184498],[178.3769991478218,-7.929720325146946]],[[178.3827626905058,-7.931193330184959],[178.38254345181028,-7.930984059552129]],[[178.382470726648,-7.93092300857197],[178.38227054765696,-7.930746855030639]],[[178.38217760726877,-7.9306526905216455],[178.3815879010797,-7.930037728778076],[178.38077011412423,-7.929602287664709],[178.3799529779068,-7.929361617412922],[178.37831973287726,-7.929188252012858],[178.37804800294484,-7.9293028255572935],[178.37774125630457,-7.92971787090332],[178.37800884388204,-7.930530860231705],[178.37843355754802,-7.931207683334817]],[[178.38527789805417,-7.934965311364649],[178.38582193841458,-7.934909126125269]],[[178.4150026591329,-7.948854340477893],[178.41496676505042,-7.948040601181048],[178.41484214140084,-7.947905381916606]],[[178.41470980029845,-7.947744010990872],[178.41455760482927,-7.947635063354222]],[[178.414165009194,-7.947582736656221],[178.4140291099227,-7.947629595788137],[178.41396464511115,-7.947772724969682],[178.4141379400125,-7.948585997112709],[178.41432336083332,-7.94885665327426],[178.41457823661946,-7.949056640852462],[178.41485049265577,-7.949096260300344],[178.4150026591329,-7.948854340477893]],[[178.4168754260244,-7.950204393287641],[178.4170971238441,-7.949932350195152],[178.41731027657346,-7.949389049283315],[178.4172250301068,-7.94911805316248],[178.41702728042165,-7.949045647462723],[178.41675561371244,-7.949177782425255],[178.41634648036003,-7.949663622953674],[178.41623477646363,-7.949935290763021],[178.41631452452253,-7.9502063059056445],[178.4164873675479,-7.950307085682485],[178.4168754260244,-7.950204393287641]],[[178.4197655482184,-7.952093532459938],[178.4203432971242,-7.951006411005714],[178.42026768841035,-7.950735382978284],[178.4200257704037,-7.950549447884097],[178.4197533964634,-7.950475800148876],[178.419481741145,-7.95061115449673],[178.41940639668746,-7.950738326812888],[178.41928818674,-7.951823877318089],[178.4194875921034,-7.952312782900452],[178.4197655482184,-7.952093532459938]],[[178.42327045308227,-7.953709253849152],[178.42343749594397,-7.953437395132371],[178.42340943274382,-7.953166205165274],[178.42302666445283,-7.952745065164625],[178.42220829736837,-7.952164129630803],[178.42193613830756,-7.95215322728243],[178.4217127367863,-7.952358158137584],[178.42137919172353,-7.952901872567951],[178.42130111808385,-7.953173426174179],[178.42139668907396,-7.953545299814894],[178.42166996751152,-7.9538808730831105],[178.4219422458692,-7.953926059533782],[178.4222142079661,-7.953879465049472],[178.42275876499224,-7.953969921554909],[178.423030636303,-7.953897043505964],[178.42327045308227,-7.953709253849152]],[[178.42524220741933,-7.95587277854572],[178.42548887668553,-7.955600645738328],[178.42555335536076,-7.955329138451786],[178.42547268720622,-7.955058129527256],[178.42493730907282,-7.954422915131566],[178.42466467850045,-7.954275798057296],[178.42439265417633,-7.954304276152785],[178.42412152715195,-7.9545927854580025],[178.42387777127806,-7.955063602318561],[178.42383873246334,-7.9553350222866985],[178.42392906917203,-7.955605998540977],[178.424128705372,-7.955876599822531],[178.4246709531152,-7.95609313417894],[178.424942889951,-7.956039003611402],[178.42524220741933,-7.95587277854572]],[[178.42933536654547,-7.961555699878211],[178.43013001245671,-7.960877668648439],[178.4303690011934,-7.9604669962612595],[178.43039319746936,-7.9601956275704175],[178.4301259704132,-7.959712189292853],[178.42985272207432,-7.959388361801299],[178.4295796963147,-7.959128619123],[178.42912063121844,-7.95884358543251],[178.42910126920438,-7.958572366665479],[178.4288961776353,-7.958203368401123]],[[178.42708536343335,-7.957358518053894],[178.4267610073331,-7.9577665617068405],[178.42667216953706,-7.958038152813793],[178.42675305112135,-7.958309160496989],[178.4268559504058,-7.9584083174295435],[178.42712828242463,-7.958468129886498],[178.4274010213869,-7.9586455156318054],[178.42744702227375,-7.958849345471393],[178.42729336181378,-7.959663730914992],[178.42740542612742,-7.959918164287088],[178.4276784198283,-7.9601687941058605],[178.4279507145369,-7.960217475604515],[178.42823214833035,-7.959931786291787],[178.42845124400628,-7.959524103844076]],[[178.42860040113123,-7.959523590362301],[178.4287254666463,-7.959658802513817],[178.42876374021043,-7.960201241667095],[178.42910517908953,-7.961013922070675],[178.4289379186754,-7.961557069040508],[178.42904419704806,-7.961653848257228],[178.42933536654547,-7.961555699878211]],[[178.42628485758726,-7.957768198228087],[178.42617305750338,-7.957662094848427]],[[178.42617376182076,-7.957865806101872],[178.42628485758726,-7.957768198228087]],[[178.4287649372075,-7.959595296682718],[178.42868088069702,-7.959523313284613]],[[178.42878581112478,-7.959522952003257],[178.4287649372075,-7.959595296682718]],[[178.43548596076383,-7.97508083895475],[178.43616455073368,-7.974579950879159],[178.43643562487426,-7.974276044025798],[178.43701005456398,-7.973465701692539],[178.43737108081166,-7.972650596205856],[178.43745560103986,-7.971836449999235],[178.43740233637726,-7.971294066118365],[178.43705838474676,-7.970481405978261],[178.43667928137114,-7.9698045093609835]],[[178.43449555200493,-7.966014087673204],[178.43365706391143,-7.964796205957927],[178.4331333089585,-7.963728019788823],[178.43285137184202,-7.963442565838239],[178.43207230718602,-7.962360116285878],[178.4316488983776,-7.9615477224687705],[178.43121919174567,-7.961071899836126],[178.43094688230093,-7.9610191432720825],[178.4305590967325,-7.961280196633837],[178.43016818428086,-7.961824114967157],[178.43013530250514,-7.962402730555768],[178.4299551462606,-7.962909990562729],[178.43068360737809,-7.963569723851301],[178.4308832037943,-7.963991930838441],[178.43090731770675,-7.964534417979759],[178.4307496544321,-7.965077532313825],[178.43079058449783,-7.965348676263179],[178.43089551950533,-7.9654839567525615]],[[178.43246435901872,-7.967648819759336],[178.4324311748427,-7.968327146797543],[178.43259718314567,-7.969411712767393],[178.4325218033874,-7.970768397878082],[178.43231226042437,-7.971311692052698],[178.4320749095943,-7.972390320318577],[178.43140121443926,-7.974299806110913]],[[178.43039653749543,-7.9766083692536425],[178.43032126264427,-7.976771147743623]],[[178.43025151539487,-7.976880155265177],[178.42915313610973,-7.978918586670077],[178.4289334023397,-7.979190630399313]],[[178.42910808478214,-7.980063991092604],[178.42938027517306,-7.980078742421954],[178.42957753097002,-7.980273547006553],[178.42965435242277,-7.980636346158051],[178.43028516242254,-7.980271102357935],[178.43069528967132,-7.979727114939798],[178.4304669106039,-7.979526400016593],[178.43035342072815,-7.979185726310422],[178.4304242888245,-7.9789141963938555],[178.4306122699843,-7.978642261792835],[178.4306201229251,-7.978370949628257],[178.4304917885871,-7.977828822980397],[178.43053105637512,-7.97755740226005],[178.4308298440688,-7.976878157293654]],[[178.43196363602624,-7.976874238000881],[178.43196468900518,-7.977009876805846],[178.43149483180503,-7.977825356235244],[178.43145214789013,-7.978639358616799],[178.43132052739278,-7.978911098641254],[178.43097559351125,-7.979183576078062],[178.43086074134973,-7.979455258068066],[178.43101101413941,-7.979476477726417],[178.4315752449835,-7.978910217883165],[178.4323680708876,-7.9784323283883944],[178.43327954702679,-7.977547897113915]],[[178.42856405209614,-7.980134725553218],[178.42829208395395,-7.980184007169504],[178.4282086694063,-7.9802782725684365],[178.42720436701407,-7.9816381636658775],[178.42637909721338,-7.982454865337058],[178.4259955645757,-7.98313440096383]],[[178.42598917104976,-7.983146501583276],[178.4258143612558,-7.983406310938234]],[[178.42473825131347,-7.984766446030995],[178.42461588963675,-7.985173795880859],[178.42432091210185,-7.9857173829731645],[178.42345618652553,-7.987076788423551],[178.42297712377956,-7.987621008613439],[178.42260384408877,-7.987898031315295],[178.4223329188312,-7.9882504408290345],[178.42216760005758,-7.988708936858987],[178.42168195247194,-7.98952446469236],[178.42078449406492,-7.990341407773603],[178.42008279872164,-7.991293320038328]],[[178.41873370366616,-7.992654383739732],[178.41867447601982,-7.992744983821475]],[[178.41852894957248,-7.992926372800135],[178.41813181935402,-7.9932201411794574]],[[178.41749770989986,-7.993743770186312],[178.4173177323828,-7.99390403220078]],[[178.41719036472435,-7.994016110717155],[178.41691062378453,-7.994227412769776],[178.41658787616254,-7.994696392673422],[178.41582547558255,-7.995228360273652],[178.41555522617915,-7.995779762239176],[178.4152625959512,-7.996057367066338],[178.41491834713588,-7.996601119449969],[178.4139594366815,-7.997418262900263],[178.41301840062346,-7.998370986985243]],[[178.4096364134748,-8.002180564121966],[178.40796313299546,-8.003983088213507],[178.40669330633426,-8.005852983880093],[178.40594013798133,-8.006805057042918]],[[178.40593165954382,-8.006814246755289],[178.40568680429163,-8.007077207757083]],[[178.40433048685185,-8.008438265016013],[178.40430445383112,-8.008493168692917]],[[178.4041725219284,-8.00871009042974],[178.40362698558033,-8.009349807713017]],[[178.414214919024,-7.997959961562739],[178.41475510604826,-7.997415538371469],[178.41528602646326,-7.996635785032367],[178.41589452633986,-7.99605520170158],[178.41637181127362,-7.995817991294341],[178.41664314051286,-7.9955798542913525],[178.4169492432526,-7.994966439965629],[178.4185096817746,-7.993604654501157],[178.4194503510291,-7.992651923007501]],[[178.42100105150988,-7.991561450325953],[178.42116286277036,-7.991425251040225],[178.42139280452295,-7.990610602617394],[178.4216686143438,-7.990067082377585],[178.42233645336668,-7.989271472444193],[178.42256456730024,-7.988707571314012],[178.42287730243783,-7.988277291456018],[178.42369098883555,-7.987483743799108],[178.42390300953946,-7.987075250263592],[178.42450341816573,-7.986328422495498],[178.42531585225228,-7.985713955782308],[178.42547767089147,-7.985442112624069],[178.42545562703447,-7.985035260286388]],[[178.42707654292693,-7.982802467027721],[178.42775388706173,-7.981935920124473],[178.42869425752664,-7.981090452410185],[178.42876834961928,-7.980818911424924],[178.42870207807562,-7.980276569752667]],[[178.3480734405162,-7.988821496493723],[178.34790149566862,-7.988698617297649]],[[178.34768586284775,-7.988551465791304],[178.3472199105051,-7.988332536910131],[178.3469477541459,-7.988331744345],[178.34670526542638,-7.988554660591938]],[[178.40362737854304,-8.009464537094477],[178.40389990866973,-8.009572128954215],[178.4044438801626,-8.009469529336224],[178.40499983576086,-8.008707273255862]],[[178.40746098870687,-8.006528584325642],[178.40797022646376,-8.006048859095994],[178.4091121848571,-8.004759581949697],[178.41017143102655,-8.003128241518356],[178.4108343421317,-8.00231211525877],[178.4110681748829,-8.001904385582565]],[[178.41352386710392,-7.99861811150229],[178.41420203647428,-7.9979757621204755]],[[178.40175562976947,-8.011566833980124],[178.40254366165706,-8.010904743601877],[178.40306850208052,-8.010205929992871],[178.40281289684404,-8.010049672517606],[178.40262384370706,-8.010207442545035],[178.40219720607172,-8.010751469056569],[178.40170889088282,-8.011566992867328],[178.40175562976947,-8.011566833980124]],[[178.39827366199083,-8.018632150467585],[178.39835949990487,-8.018496215033709]],[[178.39816376615323,-8.018496879334462],[178.39821586122696,-8.01875588006644],[178.39827366199083,-8.018632150467585]],[[178.39741165761114,-8.019991516602872],[178.39767492135863,-8.019750617098989],[178.39775512031844,-8.0194477748031],[178.3979453601682,-8.019244050435715],[178.39794479995712,-8.019080028596381],[178.39767373765704,-8.019403997136665],[178.3976409840744,-8.019719450311044],[178.39740354503508,-8.019982793187935],[178.39740424404067,-8.020187507492253],[178.39741165761114,-8.019991516602872]],[[178.39644522471642,-8.022572033513883],[178.39686408515342,-8.021412029800748],[178.39690311235867,-8.021078394796627],[178.39717815501498,-8.020806173565191],[178.39724256524667,-8.02053466678295],[178.39713276850853,-8.020390750645271],[178.3970382306304,-8.020806648195702],[178.39686279533228,-8.021034194385683],[178.3968272508958,-8.021349940409438],[178.3965922607964,-8.021513377824514],[178.3963213480164,-8.02188189304742],[178.3959590973764,-8.022573681765637]],[[178.31154138710505,-8.022705525928743],[178.3114440718538,-8.02298716380697],[178.31167894468456,-8.023163205352422],[178.311814901135,-8.023121451723563]],[[178.38612909677087,-8.038748607115114],[178.38646986990997,-8.037933589853033],[178.38719839846155,-8.03657468574681],[178.38878814501987,-8.034941583960405],[178.39007978635493,-8.033445130220953]],[[178.39199482359695,-8.0309970541055],[178.39239834054214,-8.030588755434914],[178.39262312526944,-8.03004541720269],[178.39379418622764,-8.027871143029163],[178.39470462617052,-8.026663065423605],[178.39515817842687,-8.026238790436818],[178.3953829573623,-8.025695451625282],[178.39539109357847,-8.025288491398479]],[[178.3953799804496,-8.02517407109625],[178.39537314054098,-8.025017263817025]],[[178.39481597921719,-8.02501915197577],[178.39415732192109,-8.02579595668211],[178.39296091698415,-8.027602675713252],[178.39144750275722,-8.029297736932975],[178.39066849628162,-8.03073025111713]],[[178.38887580785294,-8.03341117820966],[178.38805101725626,-8.034401494773753],[178.387708150984,-8.035216519524923],[178.38738629061245,-8.035610243491034],[178.3860327959932,-8.037793502895457],[178.38582250664362,-8.038478351708472],[178.38587038413698,-8.038749479596646],[178.38603674958136,-8.03895818006926],[178.38612909677087,-8.038748607115114]],[[178.310699829958,-8.025702509505066],[178.31052459430424,-8.025431769819068],[178.31005239782579,-8.025204543507241],[178.30978054291887,-8.025306752092934],[178.3097060174209,-8.025434374979126],[178.30996957947374,-8.02570483402776],[178.31032658318048,-8.0258297712759],[178.31059895765213,-8.02588964849364],[178.310699829958,-8.025702509505066]],[[178.31014403329945,-8.028281606347818],[178.31060556267178,-8.027950412843822],[178.31087741309784,-8.027846382875985],[178.3110014930073,-8.0278719292497],[178.31102486684586,-8.028143152317172],[178.31093611692052,-8.028550381348444]],[[178.3168727517765,-8.029345316626154],[178.31605034421435,-8.028294515667314],[178.31542327056178,-8.027315225147316],[178.31515484957546,-8.026773488766164],[178.31499836529804,-8.025960097356533],[178.31488059328672,-8.025689176425075],[178.31467992270797,-8.025338765298796],[178.31440732154923,-8.025208285587752],[178.31413532034716,-8.025264482725255],[178.3135918894834,-8.025554919617734],[178.3125058662783,-8.026397851834938],[178.31196215852614,-8.026602883088673],[178.31141784388615,-8.02661887898672],[178.31133983624,-8.02678566125259],[178.3113580947416,-8.027056900587205],[178.3111475977245,-8.02722292817668],[178.31005790912872,-8.026924972683721],[178.30951463075448,-8.026248876983827],[178.30923845723112,-8.026018648783024],[178.30896578705895,-8.025866396197896],[178.30869350415523,-8.02583510766003],[178.3084216988026,-8.02595307878469],[178.30787887680532,-8.02643579806619],[178.30681234718514,-8.028020902041442]],[[178.3067939392999,-8.032361727607066],[178.30735532857017,-8.032945026743302],[178.3079848579178,-8.033036186634595],[178.30980899987773,-8.03418762111264],[178.3111716394133,-8.034716906943338],[178.31171607556524,-8.03473538855603],[178.3123733632456,-8.034649990346157],[178.31253216222396,-8.034586501028956],[178.31307482704352,-8.034054008764102],[178.31317559510802,-8.034104834713691],[178.31334852978313,-8.034525250221845],[178.31361842206763,-8.03381126786656],[178.31364154007045,-8.03315380638451]],[[178.31498195790778,-8.033556468335128],[178.31504217087394,-8.033420627279096]],[[178.31491415570122,-8.033421036602455],[178.31498195790778,-8.033556468335128]],[[178.31722591726373,-8.035719661462823],[178.3175790075854,-8.034904639826593],[178.31814506071893,-8.034360232202129],[178.31848454395276,-8.033680902164893]],[[178.31749879826307,-8.033684061372904],[178.3174296523254,-8.033999529301836],[178.31712620782758,-8.034634793708271],[178.31674802894707,-8.035178598583398],[178.31664020768872,-8.035450240708935],[178.31663861919856,-8.03572154264036],[178.3168915180505,-8.03593525918617],[178.31716339880103,-8.035839788440049],[178.31722591726373,-8.035719661462823]],[[178.318829873642,-8.03367979486192],[178.31867082514466,-8.034358546513554],[178.31867000344351,-8.035443735705103],[178.3185241880319,-8.035792344142049]],[[178.3184385757211,-8.035987071187709],[178.31848148118974,-8.036529526877224],[178.3187999315977,-8.03689336171758],[178.31907237364865,-8.0369716873159],[178.32016136163506,-8.037043395729977],[178.32043284868348,-8.036826286307237],[178.32110534272866,-8.03597851055477],[178.3212737105071,-8.035435376785575],[178.321258651401,-8.03516412881766],[178.32108535940324,-8.034893389257684],[178.32030582042557,-8.03421765191345]],[[178.324633666316,-8.036781045617227],[178.3245151584677,-8.036665983583047],[178.32447548565486,-8.036781555285643],[178.324633666316,-8.036781045617227]],[[178.33138171864994,-8.040150436878593],[178.3316029528307,-8.040010713395233],[178.33179599610145,-8.039742151632616],[178.3318291398654,-8.039470749031265],[178.33160070888712,-8.039322755618027],[178.33078486266092,-8.039544228044456],[178.33024035686253,-8.03950537644754],[178.3294229393954,-8.03924479824677],[178.3266973738065,-8.038115659495423],[178.32615265844768,-8.038011837128378],[178.32606407621384,-8.038132913107233],[178.32656323787256,-8.038945189652738],[178.32664935538924,-8.039351855287155]],[[178.3787797361533,-8.07404101432749],[178.37948712682802,-8.073496051215976],[178.37971790531714,-8.073223983699124],[178.37984071002623,-8.072952280126604],[178.38001715743766,-8.072409106128847],[178.3803208461574,-8.07078034494006],[178.3803697265594,-8.069966311510449],[178.38084589306268,-8.068879547893383],[178.38093476991662,-8.068472313932485]],[[178.38061699848276,-8.065489200274367],[178.38002963006218,-8.062100058634954],[178.3799014998815,-8.060201462126203],[178.37991699128125,-8.059251895947217]],[[178.38029365828586,-8.056266441176748],[178.38108608476202,-8.053957811360828],[178.38167598949798,-8.05287066652046],[178.38217616542218,-8.052190757905883]],[[178.3855853728724,-8.048109921385684],[178.38593867054246,-8.045802770445437],[178.38587802743623,-8.04363266111638],[178.3856594278724,-8.042548241454684],[178.38560406874154,-8.041870204904333]],[[178.38516698555307,-8.041871678825522],[178.385080404676,-8.043364062242395],[178.385296942022,-8.044448489311552],[178.38518267637843,-8.04526274269201],[178.38491060784614,-8.045806239001642],[178.38473014344743,-8.046620715677436],[178.38391474004413,-8.047844267294176]],[[178.38135441484934,-8.0519222355416],[178.38082797682452,-8.053144811134311],[178.38050726882352,-8.053688469876718],[178.38027965173012,-8.05450310502729],[178.37979642868856,-8.055589889907402],[178.37965447278378,-8.056268591940496]],[[178.3790729158637,-8.058983446348932],[178.3790089587851,-8.059390596224663],[178.37875829696415,-8.059808951316315],[178.3761761556713,-8.061841726438633],[178.37550086307144,-8.06245606994363],[178.3736201169367,-8.063206753159363],[178.3731677111494,-8.063479559866508],[178.37251196906428,-8.064030269390052],[178.371967700537,-8.06407012842979],[178.37185110595976,-8.064162196310694]],[[178.37470831574075,-8.067136812215605],[178.37480499376196,-8.067543423000028],[178.37478935657148,-8.068086055864548],[178.37487396795206,-8.068628352157976],[178.37479023781103,-8.06889992344127],[178.37443562432256,-8.069431438920505],[178.3738837240186,-8.069988126960153],[178.37383572620723,-8.070259578279122],[178.37393263502486,-8.070530543335176],[178.374321665858,-8.07107181800951],[178.37468969551233,-8.072155742950265],[178.37526003719415,-8.072967697349231],[178.37553749484854,-8.073289565488308],[178.37581035785976,-8.073483319490872],[178.37663446983242,-8.073912591487062]],[[178.3785428615005,-8.074177457174137],[178.3787797361533,-8.07404101432749]]]}},{"type":"Feature","properties":{"year":2008,"certainty":"good"},"geometry":{"type":"MultiLineString","coordinates":[[[178.38362336863358,-7.933496443783003],[178.38407250012614,-7.9329523691210415],[178.38404479506093,-7.932681170394409],[178.38366929063508,-7.932411127661219],[178.38338522791554,-7.932005135235321]],[[178.3784453025502,-7.931207644455382],[178.37913435227915,-7.931883591394511],[178.37924004704212,-7.932154532668105],[178.37922804092116,-7.9326971551790715],[178.37942059667677,-7.9329146804010495],[178.3802364728144,-7.932775395192025],[178.381597162507,-7.932812207164902],[178.3824143063344,-7.933052887704276],[178.3826869003736,-7.933196741444065],[178.38296020926217,-7.933554427765676],[178.38323294504738,-7.933740535421276],[178.3835046729949,-7.933625160954496],[178.38362336863358,-7.933496443783003]],[[178.38636362880905,-7.934151733143833],[178.38560326217942,-7.933489858535164],[178.38513608865674,-7.933247096024626],[178.38486384185168,-7.933207179752193],[178.38470424682444,-7.933492849882513],[178.38469516284837,-7.934171106967886]],[[178.33970232163327,-7.989391293612079],[178.34031869069358,-7.988982353625677],[178.34051105658392,-7.98871043512938],[178.34051976386166,-7.988439112010241],[178.34041564988465,-7.988207530732731],[178.3401429825149,-7.988050246919179],[178.34000689325654,-7.988046538387509]],[[178.33919147138448,-7.988366036025274],[178.3389416227808,-7.988715520106827],[178.33884630094738,-7.989122771357385]],[[178.34866872396967,-7.991125554270414],[178.34913363885337,-7.990967497368314],[178.34926315834795,-7.9908523205204345],[178.34929139588277,-7.9905809344334395],[178.34894220124684,-7.989768192124209],[178.3484507918811,-7.9890915600968055]],[[178.3465649097043,-7.988826411922413],[178.3466802169721,-7.989740264142768],[178.3471753456036,-7.990587835577017],[178.3480458781303,-7.9912297473915475],[178.348318103071,-7.991250882578044],[178.34866872396967,-7.991125554270414]],[[178.31713657705976,-8.02961576904049],[178.31671915202915,-8.029074511275875]],[[178.38322305114792,-8.048931756409825],[178.38270075747477,-8.049747384729828]]]}},{"type":"Feature","properties":{"year":2008,"certainty":"insufficient data"},"geometry":{"type":"MultiLineString","coordinates":[[[178.37701686896182,-7.929720266556375],[178.3771905170592,-7.929448400762587],[178.37724360387892,-7.929176933596498],[178.37698335820048,-7.92890650238424],[178.37668628966458,-7.928955196659634],[178.37646839562416,-7.929179496177389],[178.3764973139455,-7.9294506923179915],[178.3766889429711,-7.929753101181961],[178.37696125057036,-7.929811960558422],[178.37701686896182,-7.929720266556375]],[[178.38338522791554,-7.932005135235321],[178.38289925004747,-7.93132852218164],[178.38158776616365,-7.929997304099501],[178.3810424225096,-7.929661374990644],[178.379952813651,-7.929312339086705],[178.3783195748965,-7.92914079902877],[178.3778013203574,-7.929446380644264],[178.37767141363722,-7.92971810193793],[178.37775720112438,-7.92998910972093],[178.37814653934817,-7.93080169608722],[178.3784453025502,-7.931207644455382]],[[178.3864269092223,-7.93484356901999],[178.3866142807353,-7.9345716543242615],[178.38650658759394,-7.934300722530143],[178.38636362880905,-7.934151733143833]],[[178.38469516284837,-7.934171106967886],[178.38486416989488,-7.934848771527759],[178.38514202299362,-7.935019699331852],[178.3856863070254,-7.935036227089888],[178.3864269092223,-7.93484356901999]],[[178.38707050290108,-7.935655296131021],[178.38727075636038,-7.9353833382264325],[178.3872525998398,-7.935112108298921],[178.38704690992714,-7.935045681173952],[178.38690949395684,-7.935113251752233],[178.38679953849277,-7.935384908633048],[178.38698021887717,-7.935655597024428],[178.38707050290108,-7.935655296131021]],[[178.40679993276305,-7.945626736552333],[178.40717166928604,-7.945082902084847],[178.4072241146605,-7.944811436454902],[178.4069437258115,-7.944614542725422],[178.40667186815776,-7.944691091465294],[178.40657647809385,-7.944813628262226],[178.40637582189962,-7.9456281717023565],[178.40640324852282,-7.945718905516584],[178.4066755093303,-7.945760548116354],[178.40679993276305,-7.945626736552333]],[[178.41502734647287,-7.948854256404379],[178.41504587731833,-7.948582906130756],[178.4149418266669,-7.948040686097384],[178.41472521695397,-7.9477701363889075],[178.41430086689144,-7.947523747212228],[178.41402896980497,-7.947588668112513],[178.41396992462958,-7.947772707005814],[178.41400494876348,-7.948043875125498],[178.41434061483352,-7.9488565945435745],[178.41457820989072,-7.949048837985687],[178.41485046700262,-7.949088772910406],[178.41502734647287,-7.948854256404379]],[[178.41650213777726,-7.950205666247491],[178.41675873661134,-7.950087973368236],[178.41708293780908,-7.949661111662168],[178.4171869222949,-7.949389470061151],[178.41714775240416,-7.949118316746656],[178.41702729400163,-7.949049604982979],[178.4167554915593,-7.949142177846432],[178.41632671811243,-7.949663690324197],[178.41625365691658,-7.949935226400639],[178.41650213777726,-7.950205666247491]],[[178.41962424838715,-7.952365302047772],[178.42027131586306,-7.951006657122252],[178.42019797597308,-7.950735621316906],[178.4200259348611,-7.950597264044557],[178.41975383818107,-7.950604255195963],[178.41962614898364,-7.950737575884637],[178.41930870617483,-7.951552520555879],[178.41932193212386,-7.952366335284677],[178.41948834421046,-7.952531490188148],[178.41962424838715,-7.952365302047772]],[[178.4231713467027,-7.953980879698886],[178.4233839812147,-7.953708864722107],[178.42346399090053,-7.953437304313857],[178.42342583103493,-7.953166148958945],[178.4232322703274,-7.952895526178191],[178.42291456120228,-7.952625328627474],[178.42220824275375,-7.952148277942056],[178.421936008478,-7.952115537438754],[178.42166471817671,-7.952356880879733],[178.4212565272959,-7.952902292375111],[178.42127416132305,-7.953444804834485],[178.42149859159406,-7.9537153230289475],[178.42194214395977,-7.953896481792061],[178.42275916827964,-7.954086900937183],[178.42303122663938,-7.954068247425089],[178.4231713467027,-7.953980879698886]],[[178.42528155850133,-7.955872643447444],[178.4255228644334,-7.955600529037101],[178.42558054125922,-7.955329045104668],[178.42551382217323,-7.9550579882957795],[178.42493713977117,-7.954373884138505],[178.4246643829737,-7.95419019316276],[178.4243921961191,-7.954171565948208],[178.42412083983888,-7.954393622861349],[178.42382414383962,-7.9550637862292],[178.4238273948102,-7.955335061168997],[178.4239495790869,-7.955605928194968],[178.42417417146788,-7.9558764438520715],[178.42439858525583,-7.95602244611534],[178.4246709248989,-7.956084962765908],[178.42494291022822,-7.956044874792464],[178.42528155850133,-7.955872643447444]],[[178.42620677397528,-7.957768466548443],[178.42618350530032,-7.957497260714158],[178.42636659256175,-7.957225345803026],[178.42680530381713,-7.956952552265205],[178.42684975838483,-7.95661818171613],[178.42657729929152,-7.95652125007794],[178.4263064278203,-7.956883502948527],[178.42624454302077,-7.957225765194144],[178.42603614465057,-7.9574160676366885],[178.4258881096023,-7.957769561429255],[178.42603805836052,-7.957969632088311],[178.42620677397528,-7.957768466548443]],[[178.42935016230643,-7.961555648901158],[178.43007780223803,-7.961010570651805],[178.43031728452345,-7.960738459827288],[178.43042409132664,-7.960466806340012],[178.43041941204507,-7.9601955371989925],[178.4302879650752,-7.959924705037759],[178.4298526025557,-7.959353889226883],[178.42916695306906,-7.958843425911206],[178.428979256517,-7.958301501342548],[178.42821350061416,-7.957520279098267],[178.42766773787653,-7.957082815251978],[178.42739534165298,-7.957004176662156],[178.42712333625659,-7.957038492073383],[178.4267027732138,-7.957766761886163],[178.42658833717024,-7.958038440975917],[178.42658636855435,-7.958309733480048],[178.42677789747876,-7.958580360792466],[178.42712915904977,-7.958721481483982],[178.4272688158163,-7.958849958404787],[178.42728637713722,-7.95966375493973],[178.42741858489077,-7.959934585795917],[178.427678275568,-7.960127126038869],[178.4279504748962,-7.9601482714062675],[178.42836867594053,-7.959660030824509],[178.4284920537134,-7.959376511089423],[178.42876385316342,-7.959282391810294],[178.42875582821463,-7.960201268911308],[178.42907884412986,-7.9610140127827345],[178.42896203930215,-7.961556985958568],[178.42904414041396,-7.961637508848938],[178.42935016230643,-7.961555648901158]],[[178.43367230929596,-7.9770039679429825],[178.43378450117157,-7.976189725415079],[178.43396978895385,-7.975917799181881],[178.43480732135137,-7.975568043776405],[178.43589307464896,-7.974768752435034],[178.4363958756787,-7.974281685038689],[178.43701137093257,-7.973465697126162],[178.43733538679066,-7.972922004369845],[178.43740109242339,-7.9726504920811605],[178.43745115787038,-7.971565181086829],[178.43707456797267,-7.970481349858239],[178.4347775309233,-7.966420039068776],[178.4336812374391,-7.9647838731693925],[178.43317464674033,-7.963712733831437],[178.4324904123124,-7.962901242664486],[178.43141653407727,-7.961277239133368],[178.43121908070685,-7.9610399105182275],[178.43094672535506,-7.960973919577284],[178.43067512086878,-7.9611243132403295],[178.4303142703638,-7.961552326043359],[178.43016806363315,-7.961824115383084],[178.43013866915996,-7.962366787286085],[178.430044218052,-7.962638398198404],[178.42979239927536,-7.962910551589607],[178.42986585641177,-7.963175741515692],[178.43041036592265,-7.963248881208479],[178.43064904984854,-7.963450168222225],[178.43082565372154,-7.963720844206033],[178.43093619658484,-7.96426303317069],[178.43076198511892,-7.965077489769562],[178.43082595219158,-7.965348554226374],[178.43105180327905,-7.965619059989964],[178.4312364809868,-7.966051161897081],[178.43150883671902,-7.966116250098385],[178.43178087901293,-7.966091116929267],[178.43205351385257,-7.966236499464851],[178.43218325075577,-7.9664290085788885],[178.43242020988822,-7.96724204487841],[178.43245033260337,-7.9683270805938236],[178.4326031911264,-7.969140407087082],[178.43259004424377,-7.969683022354866],[178.43216040035324,-7.972126071756629],[178.4315414946097,-7.974027205548334],[178.43032540300712,-7.976744257507168],[178.4291599390082,-7.978918563184776],[178.4287400165857,-7.97946258312024],[178.4287190336147,-7.979733940773383]],[[178.42780864708178,-7.982178649873506],[178.42802574343474,-7.981854092468889],[178.42856876634107,-7.9814919684693555],[178.42883991600544,-7.9812068830409535],[178.4293834718647,-7.980998584752168],[178.42980917421409,-7.980544031980659],[178.43050841372272,-7.979999045822168],[178.43063881767617,-7.9797273101205795],[178.43046728874495,-7.979635140062776],[178.43030589398973,-7.979185890524642],[178.43036708753485,-7.9789143940381315],[178.43055172969258,-7.978642470994478],[178.43059336086495,-7.97837104210516],[178.43045570663529,-7.977828947642548],[178.43059429165646,-7.977285898733814],[178.43092985219562,-7.976742169203901],[178.43127320521057,-7.976617005721845],[178.4315453113514,-7.976608250505709],[178.43189635772197,-7.976738828204109],[178.43195365388476,-7.977009914967675],[178.4315253716115,-7.977825250644628],[178.43155250169056,-7.978674884685908],[178.4318246569366,-7.978679860371937],[178.43263938625773,-7.978196183399894],[178.43329801719884,-7.977547833176538]],[[178.42856395134277,-7.980105715810813],[178.42829195811112,-7.980147766756344],[178.42802070023396,-7.9804016478138715],[178.427208320877,-7.981565645291318],[178.4262935708266,-7.9824551601397085],[178.42589066502913,-7.983270405229619],[178.42487980442237,-7.9843590300806175],[178.4247407511894,-7.984630794609812],[178.42461073636244,-7.985173813628206],[178.42422963081475,-7.985854127777232],[178.42312877858487,-7.9873492009741],[178.42233846243624,-7.988165777447214],[178.42217410106878,-7.988708914498943],[178.42161605377717,-7.989524691288373],[178.42077207274627,-7.990341450463014],[178.41989481103244,-7.991491387799022],[178.41896122734886,-7.992246673354665],[178.41853880387913,-7.992861429822572],[178.41718213735822,-7.994043049213145],[178.41691054031125,-7.994203223988671],[178.4165594659512,-7.994696490075823],[178.4160968150481,-7.994993173769943],[178.41555523843002,-7.995783314974939],[178.4150126922771,-7.996292771056135],[178.41447086267905,-7.99701055148522],[178.41391378240408,-7.997418419183022],[178.4117579356642,-7.999509031149639],[178.4113203573624,-8.000140158380399],[178.41113825009768,-8.000954641691688],[178.4093189710767,-8.002543008994662],[178.4080122483627,-8.003949474434405],[178.40633797516992,-8.00625350285746],[178.40525352957167,-8.00747611060217],[178.4044394862061,-8.008187320311476],[178.40407171367914,-8.008846077421847],[178.40362691170787,-8.009328239719375]],[[178.4291080705518,-7.980059895298923],[178.42938030516618,-7.980087373394033],[178.42954527636238,-7.980273658407459],[178.42948780308802,-7.980545142036037],[178.42911077834734,-7.980839216072243],[178.42883896591658,-7.980933411286714],[178.42871814005247,-7.9802765143108685]],[[178.4036274197232,-8.00947655994883],[178.40390020097547,-8.009657451691941],[178.40417233187722,-8.009648483562664],[178.40444407328926,-8.00952588113693],[178.40457036729197,-8.009386954906471],[178.40471449389233,-8.009017999116505],[178.40525664068414,-8.008383547874203],[178.4060709996902,-8.007764749661403],[178.4080813595844,-8.005848249488466],[178.40922848724037,-8.004487897677466],[178.40987456003785,-8.003400542731644],[178.41107164501628,-8.001768730239894],[178.41231898344984,-7.999865457049991],[178.4131174566273,-7.99914643736151],[178.4136595102293,-7.998492277464227],[178.41504022816926,-7.997143275113811],[178.41582848638006,-7.996101333007794],[178.41637175435974,-7.995801495914199],[178.4166431024416,-7.9955688218745475],[178.41696068890317,-7.9949664007131656],[178.41720650518002,-7.994694271263161],[178.4185412065616,-7.993556964750837],[178.42016839791722,-7.991907592477395],[178.42098367800162,-7.991571201943069],[178.42115478139476,-7.991425278825292],[178.42139375909508,-7.990610599335202],[178.42169730420161,-7.990066983717166],[178.4223979389521,-7.989250716227221],[178.4225078631179,-7.98870776639654],[178.4226813156879,-7.9884358838235325],[178.42314817666045,-7.987910295053738],[178.4238539472649,-7.98734670487424],[178.42411658443126,-7.986803229208336],[178.4244957030131,-7.986259352328492],[178.42526482016993,-7.985714131626666],[178.42541511742397,-7.985442328184827],[178.4253479086463,-7.985171274230961],[178.42544477491347,-7.9848996549115485],[178.42625329494624,-7.984354297226567],[178.42694267608448,-7.983437471059179],[178.42702778602026,-7.982995199555782],[178.42715773720727,-7.982723465987284],[178.42748365003146,-7.982484268825493]],[[178.33943879858882,-7.989527794897955],[178.33970232163327,-7.989391293612079]],[[178.34000689325654,-7.988046538387509],[178.33959881425176,-7.988093326736988],[178.33919147138448,-7.988366036025274]],[[178.33884630094738,-7.989122771357385],[178.33884708749346,-7.9892584163417775],[178.3390593634822,-7.989584001240786],[178.33943879858882,-7.989527794897955]],[[178.3484507918811,-7.9890915600968055],[178.3480378374166,-7.988779326876321],[178.347220015946,-7.988364696562282],[178.3469477477009,-7.988329778218507],[178.34667587085548,-7.988414280289731],[178.3465649097043,-7.988826411922413]],[[178.40283984197768,-8.01074928342939],[178.40307797139016,-8.010477185534413],[178.4030962067161,-8.010205835736777],[178.40281276259654,-8.010010457947942],[178.40218269613868,-8.010751518393802],[178.40190103765897,-8.011295051761055],[178.40170889088282,-8.011566992867328],[178.40145820195036,-8.011837615430252],[178.40145824310966,-8.011849647184741],[178.40281532970042,-8.010760291343788]],[[178.40037444647908,-8.013270466142748],[178.40064635796978,-8.013196496331798],[178.400863518418,-8.012926305678905],[178.40124763234496,-8.012382424443555],[178.4011874722867,-8.012256794496759],[178.40091627928712,-8.012540640258438],[178.40033860027629,-8.012928088973755],[178.40029928479856,-8.013199510548136]],[[178.39854652637894,-8.017546071600993],[178.39854985202416,-8.017274772135416],[178.39848272620839,-8.017203505274276],[178.3984294707562,-8.017546468894555],[178.39848427772532,-8.017657691777261],[178.39854652637894,-8.017546071600993]],[[178.39717777945333,-8.020806174839178],[178.39721613767773,-8.020534756431406],[178.39713292191146,-8.020435683865832],[178.39706827849474,-8.020806546275855],[178.3971345257234,-8.02090544044462],[178.39717777945333,-8.020806174839178]],[[178.39582078938676,-8.023794948455166],[178.39580900299427,-8.023523700005967],[178.3960546108464,-8.02347418848658],[178.39639209574653,-8.022979146208405],[178.39686425465072,-8.021461680334065],[178.396863394943,-8.02120984441149],[178.39683743418803,-8.021349905871743],[178.39659239728934,-8.021553367753784],[178.3960230739888,-8.022437820682319],[178.3959339281532,-8.022709411290846],[178.39595542238496,-8.023251915222732],[178.39578141982787,-8.023523793512313],[178.39578393003367,-8.023911136135514],[178.39582078938676,-8.023794948455166]],[[178.3125310634907,-8.022169808171634],[178.31221943671937,-8.02195682100272],[178.3120591554724,-8.022171311945868],[178.31222047528468,-8.022280649787538],[178.3124926383957,-8.022275378501295],[178.3125310634907,-8.022169808171634]],[[178.31205469884807,-8.022985218610117],[178.31167708043895,-8.022581741267754],[178.31137402488656,-8.022716089332347],[178.31140870430863,-8.02298727644513],[178.31167901308825,-8.023184539852297],[178.31195110425682,-8.023156627971577],[178.31205469884807,-8.022985218610117]],[[178.3861231155333,-8.038748627288058],[178.3863071795918,-8.038441851137573],[178.38646674131013,-8.037933600406435],[178.38718813986125,-8.03657472036356],[178.3891948502817,-8.034397632047218],[178.38982121327282,-8.033852937581884],[178.39026057950397,-8.033308874619996],[178.39064218697868,-8.032593011665007],[178.3911852411662,-8.03221042754736],[178.3914109978663,-8.031948540047132],[178.39172650732218,-8.031303132742995],[178.39242220625462,-8.030588674657766],[178.39291677109026,-8.02977313447034],[178.39302798375255,-8.029230180650234],[178.39377004042788,-8.027871224807914],[178.39455731119477,-8.02678340368813],[178.39530029245915,-8.025967020276854],[178.39538837684555,-8.025695433253901],[178.39542263967752,-8.024881451816473],[178.3955832771575,-8.024338330442982],[178.39551283128682,-8.02422573947295],[178.39404325084993,-8.025971279453003],[178.39280307889706,-8.027740890819635],[178.39144747230836,-8.02928879175225],[178.39018050723303,-8.031681411753665],[178.38928247651717,-8.032940626446141],[178.3880352650995,-8.034401547946612],[178.3877326830041,-8.035216436725909],[178.38711540265746,-8.035990924348871],[178.38698603257015,-8.036304113074655],[178.38599003262615,-8.037935208163756],[178.3858777469894,-8.038478165442363],[178.38592139656078,-8.038749307575422],[178.38603666185003,-8.038932337413998],[178.3861231155333,-8.038748627288058]],[[178.310904540893,-8.025973155208263],[178.31052459430424,-8.025431769819068],[178.3103247758814,-8.025265677649237],[178.31005217296496,-8.025134342006272],[178.30978019037605,-8.025196666583504],[178.3097060174209,-8.025434374979126],[178.30996957947374,-8.02570483402776],[178.310904540893,-8.025973155208263]],[[178.3114471448106,-8.031126078912642],[178.31116106835032,-8.031422715436664],[178.31088777498871,-8.031077561423185],[178.3103372580413,-8.031400913277293],[178.3103433526107,-8.03106188870029],[178.3105404937891,-8.030857670760302],[178.31032123415855,-8.030315774051061],[178.31018369411555,-8.029502319304028],[178.3099166203847,-8.02896057439674],[178.30990962165632,-8.028689299041085],[178.31005195368937,-8.028417548306232],[178.31033393362938,-8.028123569177612],[178.3108773025545,-8.02781190459035],[178.31111651831787,-8.02787156280401],[178.3108944192461,-8.02868616295201],[178.31086130443177,-8.029500161041867],[178.311157170375,-8.03020766244484],[178.31143029248182,-8.03049959955912],[178.31170224910156,-8.030428256187403],[178.31183955540575,-8.03031093549787],[178.3119371871776,-8.03003932676919],[178.31187978281025,-8.029768212398126],[178.31197194572476,-8.029652843623916],[178.31269432205715,-8.030036911754483],[178.31333596202128,-8.030615084834837],[178.31360823564802,-8.030642518471165],[178.31415105407794,-8.030159681285898],[178.314966575197,-8.029838272075082],[178.31523865506728,-8.029805672098385],[178.3156431127186,-8.030027492790026],[178.31568516008588,-8.030298655342966],[178.3155320101087,-8.030570442108651],[178.31549801591387,-8.030841847836035],[178.31568127964775,-8.031112558771072],[178.31657418739024,-8.031652295845063],[178.3171503998592,-8.031807826268611],[178.3174225468265,-8.03179576579838],[178.31769447946843,-8.031717250343615],[178.31796604973383,-8.031526412169198],[178.31808865546543,-8.031376149023632],[178.3181239986394,-8.03110473903208],[178.31769090461938,-8.030608496155997],[178.31713657705976,-8.02961576904049]],[[178.31671915202915,-8.029074511275875],[178.31572099172084,-8.027585570512985],[178.31529250810982,-8.026773048880942],[178.3150238371849,-8.025960015982788],[178.31474491956286,-8.025418312606547],[178.31440738545598,-8.025228171012909],[178.31359172806847,-8.025504664038378],[178.3122337741791,-8.026426105021013],[178.31196187201314,-8.026513579706739],[178.3114173086299,-8.026451974937801],[178.3113410482778,-8.026514359878366],[178.31132030641646,-8.027057020986454],[178.3111473843035,-8.027156370846866],[178.31033033825594,-8.02700167332206],[178.3100577370734,-8.0268712690143],[178.30923845723112,-8.026018648783024],[178.30896578705895,-8.025866396197896],[178.30869350415523,-8.02583510766003],[178.3084216988026,-8.02595307878469],[178.30787887276148,-8.026434533684776],[178.30679531438088,-8.02805373664874],[178.30628884457659,-8.028972107164634],[178.3058398291544,-8.030330022623454],[178.30574262048933,-8.030872927254714],[178.30581485304256,-8.03114399601774],[178.30598926505357,-8.031341469485099],[178.30735441415274,-8.03265923208367],[178.30817170003547,-8.03288525645997],[178.30843977338483,-8.033034739615035],[178.309014613761,-8.033575505759146],[178.31035415634958,-8.034430826389992],[178.31117178707586,-8.03476291218871],[178.31198831768165,-8.034752122251598],[178.3124250243542,-8.034649825461369],[178.31280344907898,-8.034306023779891],[178.31307521543764,-8.034174849578127],[178.31306491988852,-8.034647782593227],[178.31334912609879,-8.03471073105098],[178.31346374782544,-8.034375211638478],[178.3134315382257,-8.033832720118706],[178.31368676859637,-8.032746716135504],[178.31363432088122,-8.032204289254526],[178.3133398096287,-8.031812386841304],[178.31224865146606,-8.03106094803568],[178.31170378971058,-8.030908295090015]],[[178.31531748155598,-8.033012801329525],[178.31539284088893,-8.03274126330442],[178.31526412913468,-8.03219908087469],[178.31497337725608,-8.031952399954113],[178.31471996263818,-8.03220082058613],[178.3149775786962,-8.033257949964902],[178.3152493278671,-8.03312192422496],[178.31531748155598,-8.033012801329525]],[[178.3176323652427,-8.033276688294272],[178.31746676777777,-8.03354851559652],[178.31747742450654,-8.033819778236872],[178.31738858262773,-8.034091359635426],[178.3164839158164,-8.035450741171104],[178.31634741828935,-8.036021387452044],[178.31607534318263,-8.03605666256838],[178.31591670298297,-8.036266447695773],[178.3160764497575,-8.036400073595875],[178.31716491070125,-8.036308608205282],[178.3173746977443,-8.035990481533863],[178.3174581009567,-8.035718917522646],[178.317486510611,-8.035176232972116],[178.31761069008266,-8.034904538303175],[178.3179795226321,-8.03463205952273],[178.318452833778,-8.033816652167532],[178.31850327558234,-8.033545193772797],[178.31824372768475,-8.033228925772264],[178.31797129989764,-8.0331541891912],[178.3176994021116,-8.033243769706715]],[[178.3196045605083,-8.03319787444536],[178.31933221727857,-8.033149350397895],[178.31906046901398,-8.033285107236619],[178.31886218601332,-8.03354404291969],[178.31879299118594,-8.034086858097965],[178.3186018822646,-8.034630064245613],[178.31861158554858,-8.035172626420128],[178.31854215883544,-8.035444145711766],[178.31825158797116,-8.035664789899986]],[[178.3181809288508,-8.035716600669161],[178.31815876811788,-8.035987968400189],[178.3182911910701,-8.036530137129558],[178.31852806143874,-8.036992145849117],[178.31880112728172,-8.03726362000957],[178.31989116774088,-8.03766068865286],[178.320162970505,-8.037541074688736],[178.32070464331775,-8.036704384699492],[178.32109319787315,-8.036249845948646],[178.32129980604284,-8.03543529292524],[178.32127355861996,-8.035164080914305],[178.32108720396192,-8.034893383331315],[178.32042489244003,-8.034365116616002],[178.32019634652477,-8.03408235514617],[178.320088344049,-8.033811405362826]],[[178.3245745165565,-8.037323828185436],[178.32478385496424,-8.037051857611154],[178.324869222465,-8.03678028652715],[178.32451471951285,-8.036530634258302],[178.32424264560518,-8.036565897242731],[178.32410846500213,-8.036782737615725],[178.32418322172327,-8.037325088878555],[178.32424549885903,-8.037445817251355],[178.3245745165565,-8.037323828185436]],[[178.32642797666105,-8.038975082296696],[178.3265221262169,-8.039216618107488],[178.32647282960428,-8.03948807298288],[178.32617676018145,-8.03976032431298],[178.32588857949142,-8.04050912065788],[178.32573883674442,-8.040304328991667],[178.3257227016095,-8.040033085220653],[178.32561423832217,-8.039846901500333],[178.32534295774224,-8.040127126495873],[178.325294710998,-8.040305761644865],[178.32534454736464,-8.040616738225587],[178.32561683770388,-8.040647372582251],[178.32616272200738,-8.041109877983954],[178.3264352022578,-8.041198856619763],[178.32806846965613,-8.041236065819957],[178.3294275677215,-8.040666042483979],[178.3316034907024,-8.040175607351824],[178.33191614542568,-8.040013057402719],[178.33199271983617,-8.039741514033679],[178.33187305685948,-8.039371386578603],[178.3316003964612,-8.039226965921802],[178.33078479794085,-8.039524373375684],[178.33024032702,-8.039496217629184],[178.32942278285725,-8.03919672472486],[178.32853005605259,-8.038667540906534],[178.32778730573605,-8.038477281460437],[178.3275145590729,-8.038305816946064],[178.32642444007197,-8.037886417878875],[178.32615212341,-8.037847092626935],[178.32607643278834,-8.038132873241443],[178.32641377331777,-8.038945672067099]],[[178.37800560462927,-8.074314911518417],[178.3785348657917,-8.074201507341067],[178.37888976625672,-8.074040643604212],[178.3793498308748,-8.073713060166346],[178.37979340664293,-8.073223729168392],[178.3801490372601,-8.07213737193131],[178.38017268211186,-8.071594713119174],[178.3803657049231,-8.070780193691933],[178.38038816123213,-8.069966249359652],[178.3809677437589,-8.068607847486833],[178.38098807710466,-8.06833648942032],[178.38087245299022,-8.06779430028788],[178.38082696919057,-8.066166716450482],[178.38063502917484,-8.065353494721029],[178.38033616937935,-8.063184184854904],[178.38000014631325,-8.061828868230236],[178.37991151065887,-8.059658848984972],[178.38008551422465,-8.057487945488916],[178.38027748511809,-8.056402140472011],[178.38136977974597,-8.0534142768931],[178.38190379036402,-8.052327320126095],[178.38335596620624,-8.05106439833839],[178.38425530733974,-8.050149078794725],[178.38487385306053,-8.049333124200528],[178.3852608603572,-8.04906052900246],[178.3854889691339,-8.048788469874987],[178.38560474853418,-8.04851678984235],[178.3857221651287,-8.047702525818384],[178.38594373373522,-8.047159199462465],[178.38604282427136,-8.045802418900093],[178.38562135984085,-8.041463212611207],[178.38577415803795,-8.04037754002231],[178.38576544062335,-8.039215741076317],[178.38569514686594,-8.0395639384924],[178.38549518584585,-8.03978402402188],[178.38519694184535,-8.04065077566346],[178.3852325339019,-8.041193234411205],[178.38507543712362,-8.043364078993159],[178.38530332881567,-8.044448467768776],[178.3851877122593,-8.04526272570562],[178.3848809009756,-8.04580633919069],[178.38472590013356,-8.046620729988064],[178.38322305114792,-8.048931756409825]],[[178.38270075747477,-8.049747384729828],[178.38199340648688,-8.050591943456457],[178.38154167329242,-8.05097209133987],[178.38138017672884,-8.051243924658008],[178.38143072397514,-8.051786333816812],[178.38107917543414,-8.052601386247636],[178.38048163402556,-8.053688556139642],[178.3802543899248,-8.054503190029422],[178.37978167201456,-8.055589939550682],[178.3796097569271,-8.05640438726491],[178.3791667451193,-8.057762326518036],[178.37904554520085,-8.059119183329978],[178.37886526683576,-8.059662369386873],[178.37550088060226,-8.06246125811177],[178.37522915807145,-8.06260260485287],[178.37414136402438,-8.062900857704545],[178.37306293302234,-8.0634799109819],[178.37251182959633,-8.063988912603389],[178.3722398804877,-8.064063740847406],[178.37196758459257,-8.064035733684433],[178.37169579330242,-8.064157443687641],[178.37165499396994,-8.064298498178898],[178.37179218914318,-8.064840619966182],[178.37197085275585,-8.06500517167615],[178.37251500780044,-8.064931299151544],[178.37271906888944,-8.065108805843483],[178.37273708115418,-8.065380035933137],[178.3725632306095,-8.06592319936543],[178.37279144341207,-8.066186203477821],[178.373063243896,-8.066066979312042],[178.37333467007866,-8.065836909736325],[178.3736067544422,-8.065801908431876],[178.37415230688956,-8.066141702649766],[178.37441877066115,-8.066459558343778],[178.37452875721306,-8.066730479508028],[178.37471996171536,-8.06754370842744],[178.3748342427107,-8.0686284855302],[178.3747550003812,-8.068900041743118],[178.37440879876777,-8.06944378430057],[178.37386400167006,-8.06998819313894],[178.37373760093274,-8.070259907530588],[178.37372381639287,-8.070531244053402],[178.3741765848243,-8.07107230502888],[178.37485965587433,-8.0724264622446],[178.3752558266093,-8.072967711497267],[178.37586218234986,-8.073508253631378],[178.3771737665778,-8.074183499340096],[178.37800560462927,-8.074314911518417]]]}},{"type":"Feature","properties":{"year":2009,"certainty":"good"},"geometry":{"type":"MultiLineString","coordinates":[[[178.38342862953783,-7.933768381879265],[178.3841552307265,-7.93295209407153],[178.3841115157846,-7.932680948585101],[178.38377295019995,-7.9324779257515825],[178.3833995728929,-7.932005087573841]],[[178.3784453025502,-7.931207644455382],[178.37913435227915,-7.931883591394511],[178.37924004704212,-7.932154532668105],[178.37922804092116,-7.9326971551790715],[178.3794206144407,-7.9329200093763435],[178.38023651816505,-7.9327889920389705],[178.38159716791165,-7.93281382596963],[178.38241431447955,-7.933055325824117],[178.38271370751232,-7.933228175242341],[178.38310019509362,-7.933769473244761],[178.38323329999395,-7.9338467097177645],[178.38342862953783,-7.933768381879265]],[[178.38636361381702,-7.9341472589433995],[178.38561647122356,-7.933489814569454],[178.38513592584079,-7.93319845667261],[178.38486352575154,-7.933112729211187],[178.38455912031006,-7.933222041819908],[178.3844666910129,-7.93349363999188],[178.38463126747453,-7.934171319513188]],[[178.4289108678536,-7.958166094072674],[178.42766746056233,-7.9570026836873105],[178.42718545647924,-7.956815602539944]],[[178.43412805413675,-7.9758755810496975],[178.4348075219011,-7.975625569386846],[178.43548598283857,-7.975087168282303]],[[178.43547984870293,-7.9676383888199895],[178.43487796617632,-7.966555333839111]],[[178.43121754969832,-7.966025415601468],[178.4315088587704,-7.966122597533071],[178.43178091223493,-7.966100678000733],[178.43205354644996,-7.966245878829377],[178.43218392918845,-7.966429006235383],[178.43238415210462,-7.96710652698176]],[[178.41157269305683,-7.999732365431887],[178.41131082859192,-8.000140190949386],[178.41120008270119,-8.000547499908627]],[[178.40589933172808,-8.006805196096396],[178.40525370888244,-8.00752841416142],[178.40443962747295,-8.008228546969372],[178.40433240585767,-8.008438258482803]],[[178.33940363829822,-7.98952790880292],[178.33993787044403,-7.989254882843643],[178.34041781346238,-7.988870760027124],[178.34052807567036,-7.988710379954768],[178.34056064057907,-7.988438979493304],[178.34041548683848,-7.988157547794434],[178.34014295860214,-7.988042914674567],[178.33959881581615,-7.9880938066184495],[178.33932711503027,-7.988232986115442],[178.33905587371086,-7.988513219783051],[178.33884124580916,-7.988987140193683],[178.3388447948803,-7.989258423765472],[178.33905931498967,-7.9895691230919335],[178.33940363829822,-7.98952790880292]],[[178.3486683712868,-7.991125555421077],[178.34924794272996,-7.990852370182881],[178.34929729396663,-7.9905809151826865],[178.3489551511712,-7.989768149871988],[178.34846219074578,-7.989091522921921]],[[178.34656423234492,-7.988826414128301],[178.34668023749407,-7.989746524781148],[178.34719400035323,-7.990587774784989],[178.34804581736458,-7.991211231845423],[178.34831807621154,-7.991242700086292],[178.3486683712868,-7.991125555421077]],[[178.4049150452643,-8.008707562061259],[178.40527904073497,-8.008299390831388],[178.40607080395907,-8.007707691300208],[178.40676866505012,-8.007073520223601]],[[178.41171192719324,-8.000817037087186],[178.41225389878596,-8.000001323078978]],[[178.4124392927641,-7.99979143835362],[178.41250658787644,-7.999729171934847]],[[178.31537489287746,-8.029850870835533],[178.31546929232175,-8.029892400070649]],[[178.31564761057086,-8.030016454097435],[178.31572211440516,-8.030298537162535],[178.31564889037023,-8.030414053740294]],[[178.31563595441324,-8.030434461205843],[178.31550363485164,-8.030841829868177],[178.31559476238974,-8.030977186962447]],[[178.31755814454652,-8.031642175976536],[178.31798992514624,-8.03137646536661],[178.31806344043534,-8.03110493306897],[178.3171979824436,-8.029751220892587],[178.31667398404088,-8.029074655811339]],[[178.3285750918727,-8.040973407327696],[178.32915548507685,-8.040699160360914],[178.33160330649739,-8.040119136480298],[178.33181733175,-8.040013377670421],[178.3318964423077,-8.03987747367758]],[[178.32651549177223,-8.039623583151815],[178.3260587021487,-8.040438944772895]],[[178.32602462057716,-8.04049241085097],[178.32597853047997,-8.040710499287103]],[[178.38415921733127,-8.050285047561978],[178.38430548993972,-8.05013775381807]],[[178.38440238185996,-8.050012938041966],[178.38471168347957,-8.049521584799827],[178.38546184168678,-8.048788561436034],[178.38561659712593,-8.04838110523167]],[[178.3837524461078,-8.048116103804917],[178.3825121779403,-8.050019309540684]],[[178.37291919065748,-8.063709956488438],[178.37251189176303,-8.0640073470884],[178.3722399402398,-8.064081462664165],[178.37196768097664,-8.064064325893241],[178.3716959323403,-8.064198696597852],[178.37166008616964,-8.064298481131184],[178.37182773725578,-8.064840500936874],[178.37197070150998,-8.064960310149415],[178.37210669447617,-8.064928255475527]]]}},{"type":"Feature","properties":{"year":2009,"certainty":"insufficient data"},"geometry":{"type":"MultiLineString","coordinates":[[[178.37701686896182,-7.929720266556375],[178.3771905170592,-7.929448400762587],[178.37724360387892,-7.929176933596498],[178.37698335820048,-7.92890650238424],[178.37668628966458,-7.928955196659634],[178.37646839562416,-7.929179496177389],[178.3764973139455,-7.9294506923179915],[178.3766889429711,-7.929753101181961],[178.37696125057036,-7.929811960558422],[178.37701686896182,-7.929720266556375]],[[178.3833995728929,-7.932005087573841],[178.38267984318875,-7.931084457388328],[178.38158776616365,-7.929997304099501],[178.3810424225096,-7.929661374990644],[178.379952813651,-7.929312339086705],[178.3783195748965,-7.92914079902877],[178.3778013203574,-7.929446380644264],[178.37767141363722,-7.92971810193793],[178.37775720112438,-7.92998910972093],[178.37814653934817,-7.93080169608722],[178.3784453025502,-7.931207644455382]],[[178.38622488670322,-7.935115532466493],[178.38659974763715,-7.934842993264185],[178.3866348632656,-7.93457158575694],[178.38636361381702,-7.9341472589433995]],[[178.38463126747453,-7.934171319513188],[178.38486393738458,-7.93484877230137],[178.38514202299362,-7.935019699331852],[178.3856869489943,-7.935227884778334],[178.38595910981172,-7.935241731443236],[178.38622488670322,-7.935115532466493]],[[178.38711735499123,-7.935655139977352],[178.38727770792488,-7.935383315055275],[178.3872525998398,-7.935112108298921],[178.38704690992714,-7.935045681173952],[178.38677556188796,-7.935274231472161],[178.38672729220275,-7.935656439859639],[178.38677707307247,-7.935725014796792],[178.38704920742364,-7.935730895219686],[178.38711735499123,-7.935655139977352]],[[178.40679993276305,-7.945626736552333],[178.40717166928604,-7.945082902084847],[178.40722048766125,-7.9448114487326285],[178.4069437491101,-7.9446213850350125],[178.40667188285258,-7.944695407810495],[178.40657746526722,-7.9448136249220855],[178.40637582189962,-7.9456281717023565],[178.40640324852282,-7.945718905516584],[178.4066755093303,-7.945760548116354],[178.40679993276305,-7.945626736552333]],[[178.4145917042992,-7.949398314205528],[178.41490488496393,-7.949125960614413],[178.41506078059285,-7.948854142541093],[178.4151640070019,-7.9483112166689915],[178.41514303677343,-7.948040000925089],[178.41430073865217,-7.947486295866505],[178.41402863719603,-7.947491513849954],[178.4139451798482,-7.947772791200786],[178.41402314177282,-7.948586387790609],[178.41430645410804,-7.94915527604793],[178.4145917042992,-7.949398314205528]],[[178.41675363413225,-7.949119660809241],[178.41632104988173,-7.949663709647315],[178.41621798458823,-7.949935348004835],[178.4163812536165,-7.950206078405793],[178.41648714727114,-7.9502428774890355],[178.4167588645938,-7.95012527245778],[178.4169189386228,-7.949932957945869],[178.41719700154698,-7.949389435680855],[178.41717190762674,-7.949118234357882],[178.4170272398577,-7.94903382617919],[178.41675540836644,-7.949117929119066]],[[178.41968526813363,-7.952365093471757],[178.41990554202243,-7.951821767317541],[178.42026760352593,-7.951277956358271],[178.42034987925783,-7.95100638849962],[178.42024976564574,-7.950735444255221],[178.42002581542232,-7.950562537126684],[178.41975350490097,-7.950507334860699],[178.41949784549655,-7.950738014332009],[178.41917300187825,-7.952095557553635],[178.4192156788987,-7.952373486309568],[178.41948844531606,-7.952560890482603],[178.41968526813363,-7.952365093471757]],[[178.4231713467027,-7.953980879698886],[178.4233839812147,-7.953708864722107],[178.42346399090053,-7.953437304313857],[178.42344619582062,-7.9531660791562615],[178.42304301951663,-7.952624888492262],[178.42220819365514,-7.95213402723334],[178.421935909701,-7.9520868620981116],[178.42151918254632,-7.952358820653166],[178.42125161074608,-7.952902309200772],[178.42122557450867,-7.953173684713443],[178.42127416132305,-7.953444804834485],[178.42149859159406,-7.9537153230289475],[178.42194214395977,-7.953896481792061],[178.42275916827964,-7.954086900937183],[178.42303122663938,-7.954068247425089],[178.4231713467027,-7.953980879698886]],[[178.4253514895538,-7.955872403354253],[178.42555126370956,-7.955600431522465],[178.42558607234213,-7.955329026112594],[178.4254835801952,-7.955009366852835],[178.42476658096322,-7.954246695250014],[178.4243921961191,-7.954171565948208],[178.42426326246527,-7.954248421969734],[178.4240499839573,-7.954520439547042],[178.4238207887127,-7.955063797735085],[178.4238177831565,-7.955335094131764],[178.42393249994163,-7.955605986774013],[178.42414877334443,-7.955876530980402],[178.424671064379,-7.956125355991404],[178.42494304643336,-7.956084312257575],[178.4253514895538,-7.955872403354253]],[[178.42942173081732,-7.961555402312856],[178.4302632784321,-7.961009931287881],[178.43043552691216,-7.960738052183125],[178.43046272158668,-7.96019538789122],[178.42990586566646,-7.959383451268405],[178.4292293555431,-7.958843211003928],[178.4289108678536,-7.958166094072674]],[[178.42718545647924,-7.956815602539944],[178.42684920697204,-7.9564587461035385],[178.4265769835711,-7.9564299444431175],[178.4262986759575,-7.9566830076145],[178.42602697248745,-7.957226512729021],[178.4258631011178,-7.957769647344133],[178.4260382770403,-7.958032885412453],[178.42630999309804,-7.9579146464257615],[178.4265850187391,-7.9587533603214045],[178.4271166184384,-7.959121767487521],[178.42737250963924,-7.959934744294973],[178.42767833521395,-7.960144354164524],[178.42795051380986,-7.960159509067337],[178.42838880883747,-7.959659961521863],[178.42849221374945,-7.959422713881355],[178.428686680729,-7.959658936055579],[178.42874622624015,-7.960201301974595],[178.42903981064757,-7.961014147232402],[178.4289430067848,-7.961557051514964],[178.4290441892044,-7.961651585296285],[178.42942173081732,-7.961555402312856]],[[178.4287644137075,-7.959444192148451],[178.42864854728617,-7.959387781861899],[178.42876410172002,-7.959354137773976],[178.4287644137075,-7.959444192148451]],[[178.43369599853773,-7.977003885921802],[178.43383485030805,-7.97618955108924],[178.433992253454,-7.975952270464793],[178.43412805413675,-7.9758755810496975]],[[178.43548598283857,-7.975087168282303],[178.43643580849482,-7.974328662610351],[178.43707014881912,-7.973465493226154],[178.43733734214956,-7.972921997585777],[178.43748363537063,-7.971836352738692],[178.43740386902954,-7.971294060801676],[178.43708975111974,-7.970481297205707],[178.43547984870293,-7.9676383888199895]],[[178.43487796617632,-7.966555333839111],[178.4336812374391,-7.9647838731693925],[178.43313302037333,-7.963645019770464],[178.43194186214424,-7.962089281525851],[178.43122061342342,-7.961006629894052],[178.43094661435654,-7.960941935382828],[178.43067488459607,-7.961056219522446],[178.43025962926077,-7.961552514427168],[178.43013069078148,-7.96182424422376],[178.43012727184237,-7.9623668265798155],[178.42999325543906,-7.962638573890415],[178.4296569434314,-7.962911018488862],[178.42971590983157,-7.963182100564786],[178.43041036592265,-7.963248881208479],[178.43064904984854,-7.963450168222225],[178.43082491822574,-7.963720846743399],[178.43093619658484,-7.96426303317069],[178.43076351496072,-7.965077484491159],[178.43082790449634,-7.965348547489829],[178.43104907871864,-7.965619069393011],[178.43121754969832,-7.966025415601468]],[[178.43238415210462,-7.96710652698176],[178.4324675026349,-7.967784451370623],[178.43244516921058,-7.9683270984371175],[178.4326079255847,-7.96941167563549],[178.43244614727007,-7.970768659409787],[178.43214565896128,-7.972126122712058],[178.43154265292023,-7.9740272015452724],[178.4303294451495,-7.976744243544951],[178.4291599390082,-7.978918563184776],[178.4287277055539,-7.979462625611234],[178.42869660182402,-7.979734018196883]],[[178.41613259782437,-7.996054385678171],[178.41668575543602,-7.995509916318462],[178.41696068890317,-7.9949664007131656],[178.41720650518002,-7.994694271263161],[178.4185412065616,-7.993556964750837],[178.42016839791722,-7.991907592477395],[178.42098367800162,-7.991571201943069],[178.42115478139476,-7.991425278825292],[178.42139344826688,-7.990610600403954],[178.42169542205076,-7.990066990189685],[178.42236778928327,-7.989250819948466],[178.4225127352026,-7.988707749635147],[178.42268549703286,-7.988435869437209],[178.4231481769943,-7.987910391446376],[178.4238539472649,-7.98734670487424],[178.42411658443126,-7.986803229208336],[178.424495927441,-7.986259351555544],[178.425266857015,-7.985714124608302],[178.4254195170022,-7.985442313024085],[178.42534568695135,-7.985171281886189],[178.42544223325888,-7.984899663669553],[178.42625329494624,-7.984354297226567],[178.42694297008222,-7.983522181419054],[178.42717067509477,-7.982994706732502],[178.42767819301886,-7.98245038528407],[178.42802574343474,-7.981854092468889],[178.42856876634107,-7.9814919684693555],[178.42883991600544,-7.9812068830409535],[178.42938349960826,-7.981006567437001],[178.4298231998876,-7.980543983528574],[178.43050841372272,-7.979999045822168],[178.43063881767617,-7.9797273101205795],[178.43046728874495,-7.979635140062776],[178.43030589398973,-7.979185890524642],[178.43036708753485,-7.9789143940381315],[178.43055172969258,-7.978642470994478],[178.43059336086495,-7.97837104210516],[178.43045570663529,-7.977828947642548],[178.43059743973566,-7.977285887857075],[178.43093010209668,-7.976742168340341],[178.43127321102082,-7.976618676230001],[178.43154532066245,-7.9766109270217855],[178.43188955542456,-7.976738851726053],[178.43195244997375,-7.977009919131041],[178.43152474612384,-7.977825252807254],[178.43155250169056,-7.978674884685908],[178.43182470723696,-7.978694312898934],[178.43236797825824,-7.978405722879756],[178.43278102336313,-7.978092192096726],[178.43329694585296,-7.97754783688519]],[[178.4285639233627,-7.98009765953297],[178.42829195811112,-7.980147766756344],[178.42802070023396,-7.9804016478138715],[178.427208320877,-7.981565645291318],[178.42627463674972,-7.982455225401578],[178.42587717777832,-7.983270451708971],[178.42486869973322,-7.984359068327223],[178.42473097104659,-7.984630828292279],[178.42460699070898,-7.985173826527803],[178.4241374744433,-7.9859893002626166],[178.42312877858487,-7.9873492009741],[178.42233841876453,-7.988165777597423],[178.4221727957262,-7.988708918988642],[178.42138197702673,-7.989796782032796],[178.42077207274627,-7.990341450463014],[178.41989481103244,-7.991491387799022],[178.41896122734886,-7.992246673354665],[178.41853880387913,-7.992861429822572],[178.41718213735822,-7.994043049213145],[178.41696668261946,-7.99415252100108],[178.4166584772826,-7.994424864193509],[178.41649249148983,-7.994696719685315],[178.41609682533698,-7.994996156690038],[178.41565564848307,-7.995784733833699],[178.41501272526483,-7.996302340503445],[178.41447086267905,-7.99701055148522],[178.41391378240408,-7.997418419183022],[178.41157269305683,-7.999732365431887]],[[178.41120008270119,-8.000547499908627],[178.41111462588862,-8.000954722435534],[178.41094712422208,-8.001152150936994],[178.40924489223818,-8.002588831623589],[178.4079632143969,-8.00400679719121],[178.40589933172808,-8.006805196096396]],[[178.40433240585767,-8.008438258482803],[178.40408043756855,-8.008846047725505],[178.40362690110476,-8.009325144007743]],[[178.42910807803895,-7.980062050265938],[178.42938024123123,-7.980068975135771],[178.42954527636238,-7.980273658407459],[178.42948477244948,-7.980545152503042],[178.4291107727706,-7.9808376111401005],[178.42883896591658,-7.980933411286714],[178.42871814005247,-7.9802765143108685]],[[178.34846219074578,-7.989091522921921],[178.34803781789415,-7.9887733764386075],[178.34722002662426,-7.98836795343821],[178.34694775121721,-7.988330850908859],[178.34667587085548,-7.988414280289731],[178.34656423234492,-7.988826414128301]],[[178.40362757815757,-8.00952281590129],[178.40390010362316,-8.009629035093742],[178.40444374873883,-8.009431181388825],[178.4049150452643,-8.008707562061259]],[[178.40676866505012,-8.007073520223601],[178.40796992863056,-8.005962134729321],[178.4088174028573,-8.005031875569562],[178.40972060282218,-8.003672355688325],[178.41078024446514,-8.002312300144823],[178.41171192719324,-8.000817037087186]],[[178.41225389878596,-8.000001323078978],[178.4124392927641,-7.99979143835362]],[[178.41250658787644,-7.999729171934847],[178.41311767755528,-7.999210589140479],[178.4136595822857,-7.998513194555112],[178.41504022816926,-7.997143275113811],[178.41555770802734,-7.996499461783461],[178.41610058588552,-7.996086325501682]],[[178.40202552749423,-8.011294628506452],[178.40247296557513,-8.011021819130276],[178.40281515704152,-8.010709861140407],[178.40303090885183,-8.010477345651623],[178.4030854620316,-8.010167417848459],[178.40281261450073,-8.00996719797262],[178.4021841591495,-8.010751513419235],[178.40204592471702,-8.011023271290789],[178.40202552749423,-8.011294628506452]],[[178.40067025791876,-8.01319825031099],[178.40124763234496,-8.012382424443555],[178.4011874722867,-8.012256794496759],[178.40076261011816,-8.012655360557718],[178.40028453808208,-8.012928272600305],[178.4001240667629,-8.013200105667334],[178.40037484454476,-8.01338689765953],[178.40067025791876,-8.01319825031099]],[[178.3986101289281,-8.017545855716316],[178.39865124939905,-8.017274427970493],[178.39848257615796,-8.017159578540916],[178.3984063558366,-8.017546547343997],[178.39848450929733,-8.017725479220644],[178.3986101289281,-8.017545855716316]],[[178.39717777945333,-8.020806174839178],[178.39721613767773,-8.020534756431406],[178.39713292191146,-8.020435683865832],[178.39706827849474,-8.020806546275855],[178.3971345257234,-8.02090544044462],[178.39717777945333,-8.020806174839178]],[[178.39582078938676,-8.023794948455166],[178.39580900299427,-8.023523700005967],[178.3960546108464,-8.02347418848658],[178.39639209574653,-8.022979146208405],[178.39686425465072,-8.021461680334065],[178.396863394943,-8.02120984441149],[178.39683743418803,-8.021349905871743],[178.39659239728934,-8.021553367753784],[178.3960230739888,-8.022437820682319],[178.3959339281532,-8.022709411290846],[178.39595542238496,-8.023251915222732],[178.39578140232817,-8.023523793571636],[178.39578390702638,-8.023904393537718],[178.39582078938676,-8.023794948455166]],[[178.31253310611356,-8.022169801661468],[178.3122193520275,-8.021930413142533],[178.3120591554724,-8.022171311945868],[178.3122204766979,-8.022281090435024],[178.31249264506715,-8.022277458212974],[178.31253310611356,-8.022169801661468]],[[178.31205514799822,-8.022985217178984],[178.3116770725795,-8.022579289791576],[178.31137497907756,-8.022716086293665],[178.31142776856225,-8.022987215729886],[178.31167895105557,-8.023165192410572],[178.31195104784558,-8.023139037398348],[178.31205514799822,-8.022985217178984]],[[178.39283481975713,-8.030044700573507],[178.39302798375255,-8.029230180650234],[178.39377004042788,-8.027871224807914],[178.39455731119477,-8.02678340368813],[178.39530029245915,-8.025967020276854],[178.39538837684555,-8.025695433253901],[178.39540704091345,-8.02488150469024],[178.39551304272763,-8.024287714368327],[178.39404325084993,-8.025971279453003],[178.39280307889706,-8.027740890819635],[178.39144747230836,-8.02928879175225],[178.39018050723303,-8.031681411753665],[178.38928247651717,-8.032940626446141],[178.3880320952281,-8.034401558646731],[178.38772299231368,-8.035216469433523],[178.3871154064508,-8.035992041277519],[178.38599003262615,-8.037935208163756],[178.3858777469894,-8.038478165442363],[178.38592139656078,-8.038749307575422],[178.38603666185003,-8.038932337413998],[178.3863071795918,-8.038441851137573],[178.38646674131013,-8.037933600406435],[178.38718813986125,-8.03657472036356],[178.38922303284585,-8.034397536834486],[178.39011710663195,-8.03358064853031],[178.3903167970098,-8.033308684570649],[178.39064219972033,-8.03259675547451],[178.3911852411662,-8.03221042754736],[178.3914109978663,-8.031948540047132],[178.39172650732218,-8.031303132742995],[178.39226906174946,-8.030774657653826],[178.39281101230466,-8.030069384777166]],[[178.310904540893,-8.025973155208263],[178.31032467356482,-8.025233741398512],[178.31005184135537,-8.025030812423045],[178.3097797487262,-8.025058754211363],[178.30970989352213,-8.025163064946687],[178.3097060174209,-8.025434374979126],[178.30996957947374,-8.02570483402776],[178.310904540893,-8.025973155208263]],[[178.3114471448106,-8.031126078912642],[178.31116106835032,-8.031422715436664],[178.31088777498871,-8.031077561423185],[178.3103372580413,-8.031400913277293],[178.3103433526107,-8.03106188870029],[178.3105404937891,-8.030857670760302],[178.31032123415855,-8.030315774051061],[178.31018369411555,-8.029502319304028],[178.3099166203847,-8.02896057439674],[178.30990962165632,-8.028689299041085],[178.31005195368937,-8.028417548306232],[178.310333951493,-8.028129142917061],[178.31087730409558,-8.027812385250108],[178.31112913659942,-8.027871522602942],[178.31088938066756,-8.028686179003367],[178.31086707088414,-8.029500142670297],[178.31106343899867,-8.030042112011001],[178.31143029248182,-8.03049959955912],[178.31170224910156,-8.030428256187403],[178.31183955540575,-8.03031093549787],[178.3119320261181,-8.030039343226514],[178.3118690581054,-8.02976824659383],[178.31197187271874,-8.02963009736801],[178.3122443661026,-8.029726177066989],[178.31278990491796,-8.030090124819756],[178.3133359986165,-8.030626473441966],[178.3136082505582,-8.030647157605637],[178.3141510482797,-8.030157877863266],[178.31496653206528,-8.029824864603116],[178.31523860758313,-8.02979091466302],[178.31537489287746,-8.029850870835533]],[[178.31546929232175,-8.029892400070649],[178.31564761057086,-8.030016454097435]],[[178.31564889037023,-8.030414053740294],[178.31563595441324,-8.030434461205843]],[[178.31559476238974,-8.030977186962447],[178.31578749079384,-8.03119304622451],[178.3164530748275,-8.03165268346688],[178.31715034006578,-8.03178927494386],[178.31755814454652,-8.031642175976536]],[[178.31667398404088,-8.029074655811339],[178.31569487272273,-8.027585654014711],[178.3152634902505,-8.026773141610787],[178.31502263784571,-8.02596001981429],[178.31475588196378,-8.02541827759477],[178.31440732073966,-8.02520803368005],[178.31359190094315,-8.025558487532122],[178.3122337741791,-8.026426105021013],[178.31196187201314,-8.026513579706739],[178.3114173086299,-8.026451974937801],[178.3113410482778,-8.026514359878366],[178.31132030641646,-8.027057020986454],[178.3111473843035,-8.027156370846866],[178.31033033825594,-8.02700167332206],[178.3100577370734,-8.0268712690143],[178.30923845723112,-8.026018648783024],[178.30896578705895,-8.025866396197896],[178.30869350415523,-8.02583510766003],[178.3084216988026,-8.02595307878469],[178.30787887276148,-8.026434533684776],[178.3068817190601,-8.027885032762365],[178.30628884457659,-8.028972107164634],[178.3058398291544,-8.030330022623454],[178.30574262048933,-8.030872927254714],[178.30581485304256,-8.03114399601774],[178.30598926505357,-8.031341469485099],[178.3073544544628,-8.032671830923757],[178.308171763982,-8.032905229768867],[178.30841087606416,-8.03303483154815],[178.30901225296128,-8.033575513273597],[178.31035415634958,-8.034430826389992],[178.310899378011,-8.034694172274307],[178.3114440500841,-8.034786136822364],[178.31226036575993,-8.034708454205608],[178.3125321540472,-8.034583956104736],[178.312803552935,-8.034338342272907],[178.3130757059915,-8.034327472596495],[178.31306491988852,-8.034647782593227],[178.31334912609879,-8.03471073105098],[178.31362118082563,-8.034103411565736],[178.31372719000473,-8.033289181390833],[178.31388709142556,-8.032717213993497],[178.31348831662893,-8.0319334583056],[178.3133397723958,-8.031800801570133],[178.31224865352047,-8.031061587868273],[178.31170378971058,-8.030908295090015]],[[178.3147257931449,-8.034099881483224],[178.31497953214998,-8.033864888995163],[178.31542768930652,-8.033012448856375],[178.3152612438547,-8.032199090100887],[178.3149735317309,-8.032000405148255],[178.3148520359272,-8.032200398411275],[178.31482082582696,-8.033556983526859],[178.3148813810776,-8.033828086972514],[178.3147257931449,-8.034099881483224]],[[178.31764269630295,-8.033276655194877],[178.3174887568323,-8.03354844515262],[178.31748515619293,-8.033819753466846],[178.31738858262773,-8.034091359635426],[178.3170939178389,-8.034634897136872],[178.3164839158164,-8.035450741171104],[178.31634741828935,-8.036021387452044],[178.31607534318263,-8.03605666256838],[178.31591670298297,-8.036266447695773],[178.3160764497575,-8.036400073595875],[178.31716491070125,-8.036308608205282],[178.3173746977443,-8.035990481533863],[178.3174581009567,-8.035718917522646],[178.31748718467793,-8.03517623081224],[178.3176064355012,-8.034904551936705],[178.31797606099434,-8.034630039759575],[178.318452833778,-8.033816652167532],[178.31850904821,-8.033545175265239],[178.3182430411338,-8.03301613076574],[178.31797091088774,-8.033033591056828],[178.3176994021116,-8.033243769706715]],[[178.3196045980524,-8.033209499027882],[178.31933226411695,-8.033163855799012],[178.31906058705118,-8.03332166910793],[178.3188704597901,-8.033544016385973],[178.31879299118594,-8.034086858097965],[178.3186018822646,-8.034630064245613],[178.31861158554858,-8.035172626420128],[178.31854215883544,-8.035444145711766],[178.31825158797116,-8.035664789899986]],[[178.3181809288508,-8.035716600669161],[178.31815876811788,-8.035987968400189],[178.3182911910701,-8.036530137129558],[178.31852806143874,-8.036992145849117],[178.31880112728172,-8.03726362000957],[178.31934630040467,-8.03750954427421],[178.31989107492558,-8.037631973061583],[178.32016311618872,-8.037586138104386],[178.32043459524374,-8.037366459808673],[178.32109319787315,-8.036249845948646],[178.3213011786455,-8.035435288514213],[178.32127516623328,-8.035164075748316],[178.32097071602024,-8.034813281465118],[178.32042541915544,-8.034528073867484],[178.3201518332499,-8.034095284700175],[178.32008346523023,-8.033811421024016]],[[178.32478966530562,-8.037051838885954],[178.32491952067497,-8.036780124421464],[178.32478719199256,-8.036618267424213],[178.32451465538568,-8.03651086080293],[178.32424264560518,-8.036565897242731],[178.32410846500213,-8.036782737615725],[178.3242443905098,-8.03710402328611],[178.324516775561,-8.037164585134654],[178.32478966530562,-8.037051838885954]],[[178.3282750378357,-8.041110025212925],[178.3285750918727,-8.040973407327696]],[[178.3318964423077,-8.03987747367758],[178.33195586904378,-8.039741633477506],[178.33191060458435,-8.039470485010467],[178.33160052784768,-8.03926724912453],[178.3307848601367,-8.03954345367188],[178.33024040229336,-8.039519319351841],[178.32969541900968,-8.039333872983509],[178.32833217437582,-8.0386280015657],[178.32778735954147,-8.03849382722531],[178.32642449010532,-8.037901820647667],[178.3261523726259,-8.037923829615146],[178.3260945062383,-8.038132814930734],[178.32657237905462,-8.039216455898055],[178.32651549177223,-8.039623583151815]],[[178.3260587021487,-8.040438944772895],[178.32602462057716,-8.04049241085097]],[[178.32597853047997,-8.040710499287103],[178.32598500486606,-8.040846126290011],[178.32616273213412,-8.041112994850508],[178.3264355040242,-8.041291715449628],[178.32725177635794,-8.041199104115272],[178.32779630845585,-8.041245228573315],[178.3282750378357,-8.041110025212925]],[[178.37806043251436,-8.074314726888757],[178.3785348995164,-8.074211451358018],[178.3788958814141,-8.074040622999606],[178.37957858923434,-8.073495742916803],[178.3797931428346,-8.073223730057775],[178.38021239880075,-8.07186586875084],[178.38047106264466,-8.071322417484941],[178.38038713187197,-8.069966252830067],[178.3809677437589,-8.068607847486833],[178.38098807710466,-8.06833648942032],[178.38087245299022,-8.06779430028788],[178.38082564548878,-8.066166720912618],[178.38059178849548,-8.065082350866446],[178.38046568003685,-8.063726327803955],[178.38000014631325,-8.061828868230236],[178.37991151065887,-8.059658848984972],[178.3800868208763,-8.057487941091221],[178.38028178879412,-8.05640212598734],[178.38131772089613,-8.053685741822],[178.3817790117525,-8.053141609168721],[178.38180179282634,-8.052598953241604],[178.38190511720236,-8.052327315657363],[178.38213679036744,-8.052055245755122],[178.38320315506232,-8.051237784033493],[178.38415921733127,-8.050285047561978]],[[178.38430548993972,-8.05013775381807],[178.38440238185996,-8.050012938041966]],[[178.38561659712593,-8.04838110523167],[178.3857405079985,-8.0477024639039],[178.3860003389931,-8.046887719168346],[178.3859727817754,-8.04634523376031],[178.38604282427136,-8.045802418900093],[178.38562135984085,-8.041463212611207],[178.38577415803795,-8.04037754002231],[178.38576544062335,-8.039215741076317],[178.38569514686594,-8.0395639384924],[178.38549518584585,-8.03978402402188],[178.38519694184535,-8.04065077566346],[178.3852325339019,-8.041193234411205],[178.38507543712362,-8.043364078993159],[178.38530332881567,-8.044448467768776],[178.3851877122593,-8.04526272570562],[178.3848809009756,-8.04580633919069],[178.38472590013356,-8.046620729988064],[178.3837524461078,-8.048116103804917]],[[178.3825121779403,-8.050019309540684],[178.38145090263168,-8.051146427197358],[178.38145298350688,-8.051786258877703],[178.38048091726932,-8.053688558551551],[178.3802543899248,-8.054503190029422],[178.3797818404246,-8.055589938984134],[178.37960550996408,-8.05640440155174],[178.37924112208916,-8.057490786521571],[178.37907861471683,-8.058305202607121],[178.37904554520085,-8.059119183329978],[178.37886802997883,-8.059662360092961],[178.3776724429095,-8.060677249851308],[178.37672239805642,-8.061297311772783],[178.37621321883697,-8.061841601984558],[178.37550077692893,-8.062430576403026],[178.37495735962318,-8.062721538362092],[178.3741414852735,-8.062936774286628],[178.37291919065748,-8.063709956488438]],[[178.37210669447617,-8.064928255475527],[178.37251485583596,-8.064886241921478],[178.37277338650316,-8.065108623836315],[178.37277510841164,-8.065379908506513],[178.37257038344225,-8.065923175398542],[178.37279144332945,-8.066186178991074],[178.37306322510733,-8.066061411531702],[178.37333459397303,-8.065814360610185],[178.3736066879153,-8.065782201187375],[178.37415227146874,-8.06613121457076],[178.37441877066115,-8.066459558343778],[178.37452875721306,-8.066730479508028],[178.37471996171536,-8.06754370842744],[178.37483334788155,-8.068628488534422],[178.3747537186515,-8.068900046046185],[178.37441419844777,-8.069443766175919],[178.37382911572263,-8.069988310197202],[178.37363718690332,-8.070260244437439],[178.37366757518723,-8.070531432759926],[178.3741765848243,-8.07107230502888],[178.3744348234942,-8.071885308658043],[178.37501497004675,-8.072697230630439],[178.37581033109225,-8.073475410510362],[178.37717375917177,-8.07418131344154],[178.37771861526184,-8.074311347709893],[178.37806043251436,-8.074314726888757]]]}},{"type":"Feature","properties":{"year":2010,"certainty":"good"},"geometry":{"type":"MultiLineString","coordinates":[[[178.34817420702223,-7.988868511625484],[178.3479014998713,-7.988699898416425]],[[178.33146782083807,-8.040305937970269],[178.3318757751921,-8.040204601199001],[178.33222776140587,-8.040012047260078],[178.33187327139413,-8.039437148296877],[178.33160077618575,-8.039343389208778],[178.33078496654142,-8.03957609615321],[178.33051279740252,-8.039582377436325],[178.3299681041629,-8.039486013269032],[178.32928677425542,-8.039223183135222]]]}},{"type":"Feature","properties":{"year":2010,"certainty":"insufficient data"},"geometry":{"type":"MultiLineString","coordinates":[[[178.38706673580495,-7.9359265991469785],[178.38749734026186,-7.935382582910535],[178.3875005175465,-7.935111281898908],[178.3867732068833,-7.934571685579118],[178.38649985898402,-7.934203461957006],[178.3856810643095,-7.933470852704507],[178.3851356816217,-7.933125498511192],[178.38459086918206,-7.932950323213619],[178.38377236892387,-7.932304086733826],[178.3826796625252,-7.931030375405172],[178.38158770412474,-7.9299787154100985],[178.38104217861525,-7.929588264764199],[178.3802249583685,-7.92932240146765],[178.3783192504699,-7.929043349481803],[178.37804740370333,-7.929122795839421],[178.37777593578093,-7.929316119498486],[178.3775037254507,-7.929286399897273],[178.37738695962867,-7.928905167937612],[178.37722996651385,-7.9287911432998435],[178.37668547219587,-7.928709350101352],[178.37641379941323,-7.928841217037564],[178.376316877217,-7.929179996878357],[178.37640260644838,-7.929451005307625],[178.37680989648484,-7.929992242480709],[178.37696297340307,-7.930329901463535],[178.37721340402408,-7.9297196167112025],[178.3775043510646,-7.929474422849605],[178.37767706932468,-7.929989374802175],[178.37860037935565,-7.931751046925182],[178.37888825895163,-7.931884406442046],[178.3791458537794,-7.932125734870917],[178.3791628142405,-7.932697371256674],[178.37942068492717,-7.932941154445908],[178.37996453625507,-7.932828439678325],[178.38132500237273,-7.932798183137717],[178.38214194838355,-7.932979667636724],[178.38264236457945,-7.933228412193833],[178.38280603605216,-7.9334991595359705],[178.3828250455574,-7.93377038734866],[178.38295151561329,-7.934041258151531],[178.383234114324,-7.934090292745102],[178.38350562688072,-7.933910439316378],[178.38377666415656,-7.933588545319462],[178.38404824582446,-7.93342952954463],[178.38432136781324,-7.9337654140610026],[178.38461852060146,-7.934307007289639],[178.3847266979353,-7.934849228904254],[178.38487043754867,-7.935177705330287],[178.38568799050455,-7.935538814055286],[178.3862320168648,-7.935478273540664],[178.38640133812515,-7.935657525819626],[178.38650586573388,-7.935995708527587],[178.38677823984676,-7.936073043155399],[178.38706673580495,-7.9359265991469785]],[[178.39662791570825,-7.94186298824593],[178.3968657981873,-7.941794611196541],[178.39725181520095,-7.94131831397548],[178.39733210778664,-7.941046754961125],[178.39713409054048,-7.940662868191569],[178.39686154194723,-7.940535066509],[178.39658934598998,-7.9405116070334145],[178.39633231085043,-7.940778823450642],[178.39629800331497,-7.941050227997162],[178.39642026177543,-7.941592396229012],[178.39662791570825,-7.94186298824593]],[[178.40679338058007,-7.945626758727573],[178.40727313232253,-7.945082558611766],[178.40734662703386,-7.944811021720753],[178.40721586040223,-7.944619347007319],[178.40694337462344,-7.944511405600035],[178.40667139024728,-7.944550712311648],[178.40647939795795,-7.944813956725222],[178.40648759700377,-7.9456277935082325],[178.40667534379293,-7.945711930997104],[178.40679338058007,-7.945626758727573]],[[178.41476081606038,-7.949397738389666],[178.41503298881213,-7.94912552435243],[178.4151845309222,-7.948853721073401],[178.41530327068602,-7.948310742360398],[178.4152861552608,-7.948039513510449],[178.4145144291075,-7.947499566698986],[178.41402823172243,-7.947373074336346],[178.41391463271245,-7.947501607829878],[178.41389439022333,-7.947772964009622],[178.4139294623696,-7.94831541927909],[178.4140755051172,-7.948857496868282],[178.41437753603205,-7.949399043337436],[178.41457984647246,-7.949526587094035],[178.41476081606038,-7.949397738389666]],[[178.41634666045502,-7.94939233533171],[178.41611893278346,-7.949935685648682],[178.4162149913224,-7.950232656158437],[178.41648754040335,-7.950357470742973],[178.41678750696965,-7.9502046931328625],[178.41730016976194,-7.949269802617637]],[[178.4195651387982,-7.952636790692432],[178.41980231432146,-7.952364693362617],[178.41996274105233,-7.95182157177592],[178.42049685260415,-7.951277172448118],[178.42059299078477,-7.95100555716267],[178.4204898342239,-7.950734623409857],[178.41975259569674,-7.950242925289485],[178.4194805048083,-7.950251543792095],[178.41922454833747,-7.950467661461169],[178.41893729207996,-7.951011216126061],[178.41888194690577,-7.951282691875308],[178.4191284375645,-7.952366996482347],[178.4192161973533,-7.952524277544482],[178.41939012749384,-7.952637388856495],[178.4195651387982,-7.952636790692432]],[[178.42325827154346,-7.95398058177045],[178.42345371153232,-7.953708625700309],[178.42352309358873,-7.953437101717581],[178.42350039774593,-7.95316589336797],[178.42337588842003,-7.952895033972387],[178.42220742748677,-7.951911645969664],[178.4219349357125,-7.951804103833389],[178.4216615295342,-7.951815760676996],[178.42145920442127,-7.952087739539094],[178.42139293646107,-7.95245561202045],[178.4210877508615,-7.953174156363754],[178.42111454097451,-7.953445351108549],[178.42139736333826,-7.953741077075421],[178.42221502885513,-7.954117667937755],[178.42275949420673,-7.954181439539201],[178.4230314182196,-7.954123806945161],[178.42325827154346,-7.95398058177045]],[[178.42498232099928,-7.956144956628825],[178.42548625037514,-7.955782275059422],[178.4256293892422,-7.95560016325269],[178.42566678026142,-7.955328748977529],[178.42557063857518,-7.955057793217471],[178.42493703507347,-7.954343562767091],[178.42466428581977,-7.954162050489947],[178.4243920988079,-7.954143372268896],[178.42412070437803,-7.954354369784812],[178.42388810220945,-7.954792280803816],[178.42377896723815,-7.955335227247084],[178.42383735587737,-7.95560631309176],[178.4241262262913,-7.955954316359973],[178.42439895748655,-7.956130264574282],[178.42467130651212,-7.956195476876982],[178.42498232099928,-7.956144956628825]],[[178.433723831947,-7.977018385682793],[178.43391829901023,-7.9767318314972036],[178.43409506577916,-7.976188650037222],[178.43426441683064,-7.975960170066035],[178.43480776999343,-7.975696731515169],[178.43545813996775,-7.975098789397085],[178.4361646625752,-7.974612005211516],[178.43649672713212,-7.97428133529577],[178.43708878098096,-7.973465428589602],[178.43735985522176,-7.972921919476562],[178.43753370963307,-7.972107463323754],[178.43749073063984,-7.971565043799979],[178.43734952725652,-7.971022964961516],[178.4367362451503,-7.969668669671588],[178.43614422151444,-7.9687512848999855],[178.4348499456633,-7.966419788467935],[178.4338819522225,-7.965066713242964],[178.4331903190062,-7.9637126796750906],[178.4318631647183,-7.961818268084286],[178.4314124416334,-7.961005968104018],[178.43121842249977,-7.960850284047538],[178.43086395331594,-7.960736574888109],[178.43041744719181,-7.9599242586961365],[178.42930626080445,-7.958750540321523],[178.42903239438593,-7.958247933476535],[178.42860798389583,-7.957760208501423],[178.42726695613334,-7.956679679482446],[178.42712111346205,-7.956395930325516],[178.4268481499359,-7.956153105248755],[178.42657600904434,-7.9561481066924085],[178.4263048224044,-7.956419142282719],[178.42577941075186,-7.957769934845509],[178.42594561227912,-7.958040649691072],[178.42631107933283,-7.958228777962713],[178.42649000520237,-7.95885263619234],[178.4268584617893,-7.959134249006592],[178.42713176670605,-7.959475065576489],[178.42734783560823,-7.95993482917164],[178.42767857410266,-7.960213354385109],[178.42798426544778,-7.96020392499024],[178.428438598984,-7.959659790127092],[178.42849250430726,-7.959506597903145],[178.42858978758275,-7.959659269647451],[178.4286928724697,-7.960201485688095],[178.42876079884172,-7.961015108173359],[178.42871756454886,-7.961557827971141],[178.42877229440077,-7.961718584839466],[178.42904491249843,-7.961860258653955],[178.42986011082263,-7.96151918889546],[178.42994283526505,-7.9615536064825765],[178.4300689242113,-7.962367027735931],[178.42993373075683,-7.962638779091962],[178.42950444819223,-7.962911544067846],[178.42945274316506,-7.963183007608243],[178.42959453425263,-7.9634080665647975],[178.43013840597987,-7.963297287316635],[178.43041070244865,-7.963345858590324],[178.43052280656036,-7.9634506036579324],[178.43069641755756,-7.963721290034046],[178.43067465459666,-7.965077791076005],[178.430775992026,-7.965348726613853],[178.43103346215577,-7.965619123288772],[178.43123677909037,-7.966136986858795],[178.43178110179102,-7.966155230808996],[178.43213713407783,-7.966429167876688],[178.43238923302937,-7.967513436869787],[178.43237064396868,-7.968327355969031],[178.43257411185672,-7.969140507597051],[178.43240377708744,-7.970768805871037],[178.43218269968887,-7.971854709746902],[178.43138381811244,-7.974299035433368],[178.43026990406713,-7.976744449205482],[178.42977080004965,-7.977560028245088],[178.4296080146164,-7.978103160640446],[178.42914121863495,-7.978918627811897],[178.42871854680084,-7.979462657222032],[178.42867682198857,-7.979734086466131]],[[178.4239653045335,-7.987617607136556],[178.42418093022064,-7.9873455789518],[178.42437089777866,-7.9868023534328465],[178.4245044475496,-7.986625416646043],[178.42524855022805,-7.9859854732387285],[178.42542774905897,-7.985713570190635],[178.42552974017892,-7.984899362130176],[178.42613026013908,-7.984593198970527],[178.4265121942137,-7.984082119158678],[178.42694347312613,-7.983667122647994],[178.42752257816213,-7.982722207482985],[178.42829893715484,-7.982157345712215],[178.42878132093287,-7.981632722259734],[178.42944978963914,-7.981087843588786],[178.42988125626894,-7.980543782966123],[178.4305067924524,-7.97999905142523],[178.43063627189227,-7.979727318919234],[178.43046728874495,-7.979635140062776],[178.4301930795013,-7.97903959840073],[178.43010835897053,-7.9786440028264005],[178.4301391245443,-7.9783726114651285],[178.4304662063784,-7.977828911366545],[178.43071598434975,-7.977014193230319],[178.4309564733796,-7.976742077210459],[178.4312732429353,-7.976627851983677],[178.43154536625826,-7.976624033829995],[178.43187312030335,-7.976738908557281],[178.4319375140536,-7.977009970782169],[178.43152812249045,-7.9778252411334165],[178.43155261719514,-7.978708078287837],[178.43182471310817,-7.978695999843823],[178.43209639374507,-7.978564637602831],[178.43276793102862,-7.978092237404618],[178.43328003782148,-7.977547895414963]],[[178.42856376506452,-7.980052080739846],[178.42829178292186,-7.980097315210338],[178.4277490328883,-7.980537668585926],[178.4275032503207,-7.981094562108896],[178.42720813236696,-7.981511326101653],[178.4263875366976,-7.982183550781407],[178.4261678999614,-7.98245559328512],[178.4260358399837,-7.982998619409709],[178.42585350419986,-7.983262978913761],[178.42482301042116,-7.98435922568655],[178.42456900018402,-7.98517395736092],[178.42422941529148,-7.98579192862296],[178.42310705798656,-7.987349275718863],[178.4225107328359,-7.987893899025388],[178.42193097096623,-7.988981036560578],[178.42135893667873,-7.989796861245305],[178.4207393585287,-7.990341562892997],[178.41962330817134,-7.991677978745137],[178.41887699139198,-7.992246962543772],[178.418267223525,-7.993026036957475],[178.4169101173724,-7.9940806641435005],[178.41585377486084,-7.995512768376026],[178.41505783661106,-7.996329355066499],[178.4147422507479,-7.9967889062790105],[178.4139277986301,-7.9973705330544576]],[[178.42910814338074,-7.980080856969499],[178.42938028448057,-7.980081420806074],[178.42951686782658,-7.980273756522727],[178.42938165593125,-7.980476066571249],[178.42910988468017,-7.980582021676589],[178.428863688084,-7.9802760118882174]],[[178.3391307240576,-7.989528792831811],[178.33987487800644,-7.9892921762579965],[178.34041797338497,-7.988919780902161],[178.3405800551237,-7.988710211436908],[178.3405969292169,-7.988438861846932],[178.34042619406205,-7.988168120431737],[178.34014305920033,-7.9880737605167695],[178.33959897421133,-7.988142393772588],[178.33932731227057,-7.988293500033497],[178.33888525096472,-7.988715702641133],[178.33880167986075,-7.988987268305319],[178.33883603263513,-7.9892584521383165],[178.33901377515096,-7.989529171599759],[178.3391307240576,-7.989528792831811]],[[178.4032834777755,-8.00966262307942],[178.4030843199679,-8.00983387708022],[178.40281219160394,-8.009843665083839],[178.4027280838175,-8.009935800204158],[178.4022107894844,-8.010751422869264],[178.4020006713091,-8.011294870769854],[178.40227258679607,-8.01122257321264],[178.40308653623154,-8.0104811258476],[178.40317484196999,-8.010205568195536],[178.40315497429586,-8.009934348040552],[178.40335605818663,-8.009710178211398],[178.40390047271086,-8.009736769199707],[178.40444437761926,-8.009614679773922],[178.40471569103053,-8.009367254241099],[178.40517659332627,-8.008571027373408],[178.40541444771227,-8.008298929515954],[178.40612323397102,-8.007753939152353],[178.40757347930762,-8.006392556923975],[178.40824176636485,-8.005868686735054],[178.40941498471918,-8.004487260800145],[178.40974132469125,-8.003943571999493],[178.4100147557181,-8.003671350884858],[178.4106716884825,-8.002583958128524],[178.4110140568954,-8.002311501008494],[178.41118543900072,-8.002039628219906],[178.41134075747397,-8.001496523377634],[178.4124157382242,-7.999865126110272],[178.4131183053162,-7.999392871807225],[178.41374984127944,-7.998504127172932],[178.4155579787895,-7.996577974791431],[178.41626983276353,-7.99605391522384],[178.41705322648818,-7.994966083347073],[178.41758251988665,-7.994421695060604],[178.41865532935878,-7.9936041545167775],[178.41955892315295,-7.99251590704014],[178.42044015965757,-7.991795907048686],[178.42083009095344,-7.991697681016518],[178.42125332065785,-7.991424940020665],[178.42143728494057,-7.991153021520632],[178.42164446474482,-7.990338451331156],[178.42196517603455,-7.989794776572404],[178.4224510617954,-7.989250533468039],[178.42274732287913,-7.988435656714438],[178.42314854968703,-7.98801800158327],[178.42396360160802,-7.987618833129268]],[[178.34872654014904,-7.991125365635236],[178.34913366036065,-7.990974045639034],[178.34925694418007,-7.990852340803002],[178.34929126369312,-7.990580934864888],[178.34885708090601,-7.9896266469889365],[178.34856952056379,-7.989226819882934],[178.34817420702223,-7.988868511625484]],[[178.3479014998713,-7.988699898416425],[178.3472200495389,-7.9883749424271215],[178.34694773781683,-7.988326762934464],[178.34663841340753,-7.988419231194971],[178.34652198693104,-7.988690904580629],[178.34668024582848,-7.989749067358453],[178.3471701193181,-7.990587852608264],[178.34777330691273,-7.991103078527439],[178.34804595845202,-7.991254221646282],[178.3483181944799,-7.991278729420009],[178.34872654014904,-7.991125365635236]],[[178.4136525389681,-7.997690600092937],[178.41343039045879,-7.9979626471053615],[178.4130617472639,-7.998235195288113],[178.41237993452324,-7.99905138804274],[178.41193827463076,-7.9993241852200505],[178.41165625760252,-7.999596436303268],[178.41129565983408,-8.000140242795183],[178.411074385545,-8.000954859967615],[178.41094699119722,-8.001113474075913],[178.40959004780538,-8.002228874521068],[178.40904757492297,-8.00276428308026],[178.40778702464974,-8.004221530038127],[178.40633791037004,-8.006234612811964],[178.4052534130824,-8.007442131390686],[178.40453429759057,-8.008030639667227],[178.40416898272838,-8.008671014164875],[178.40362660496174,-8.009238680700703]],[[178.4001322545686,-8.013742653957928],[178.4001327225118,-8.013471364321088],[178.40037489386472,-8.013401323286997],[178.40067247216888,-8.013198242787936],[178.40123458725859,-8.012382468778718],[178.4011874715932,-8.012256591738405],[178.40110514289262,-8.012382908687265],[178.40027628287567,-8.01292830063915],[178.400116724331,-8.01320013060391],[178.4000936398462,-8.01347149705843],[178.39997129900186,-8.013743200608985],[178.40010412325853,-8.013809106708997],[178.4001322545686,-8.013742653957928]],[[178.39931442971016,-8.01510187151815],[178.39929195002227,-8.01507389097122],[178.3992922822682,-8.015171123800057],[178.39931442971016,-8.01510187151815]],[[178.39853955487422,-8.018359959779945],[178.3985998756591,-8.017817178688132],[178.39877595015452,-8.017274004674588],[178.39875348174104,-8.016790297745503],[178.39841462510444,-8.017275231086401],[178.39833210423978,-8.018089375730773],[178.39817834000536,-8.01836118577216],[178.39821536559165,-8.018610784407386],[178.39848704342154,-8.018467247665487],[178.39853955487422,-8.018359959779945]],[[178.37875377472008,-8.074312391466146],[178.37940719082866,-8.073767610251627],[178.37996875849808,-8.07295184841595],[178.38050980804553,-8.071593576338072],[178.38055637517593,-8.07077955076341],[178.3804772848794,-8.070237238407847],[178.38051026000232,-8.069965837693939],[178.38107775150976,-8.068607476493575],[178.38091665868382,-8.067251572204452],[178.38094051615587,-8.066437623201008],[178.38072806957322,-8.065624470711443],[178.38056864083117,-8.064539849696406],[178.38039088286533,-8.063997869414246],[178.38037063463247,-8.0634553583839],[178.38005035604036,-8.061828699162229],[178.37997649868203,-8.059116050783897],[178.38020594378335,-8.056944960706652],[178.3803793900913,-8.056240542672263],[178.3810937157675,-8.054500364992927],[178.3820477058487,-8.05259812497816],[178.38227141046784,-8.05230610863104],[178.382940562733,-8.05178124804603],[178.38351438457133,-8.05096544542824],[178.38447434432243,-8.05014833996856],[178.38498336220127,-8.049370961958086],[178.3856043886326,-8.048788080289016],[178.3858568263811,-8.048244649688584],[178.38612843721856,-8.046887286724504],[178.38605459718647,-8.04634495758978],[178.3861293261231,-8.045802126914248],[178.38592846407175,-8.044717647941322],[178.38565144373487,-8.041463111149671],[178.38589274007683,-8.039563272163047],[178.38619695774034,-8.038748378234079],[178.38706306175663,-8.037117720841309],[178.38726599623482,-8.036574457637611],[178.38874579076077,-8.035197482889332],[178.38928790308674,-8.034536416758206],[178.38983083927673,-8.034118018767199],[178.39033928131215,-8.033579897452825],[178.39047179543292,-8.033308160541967],[178.39054600217636,-8.032765331884335],[178.3912415533097,-8.032220402017373],[178.3925406873717,-8.030612832854924],[178.39360827176745,-8.028956927034596],[178.39372742802232,-8.02868523487247],[178.3937772576442,-8.02814248894381],[178.3938990001259,-8.027870788021398],[178.39526184447195,-8.02623843904284],[178.39545197395157,-8.025695217662243],[178.39542693222916,-8.024881437266284],[178.39557051719495,-8.024338373696486],[178.3964308871457,-8.023250303000994],[178.39661454786696,-8.022435815110601],[178.39758461266797,-8.020533506325622],[178.39771729838353,-8.019990479617988],[178.3976743395702,-8.019580255579864],[178.39713272661794,-8.020378480444469],[178.39672267155848,-8.021350295086538],[178.3959789538649,-8.02243797025095],[178.3958788437046,-8.022709598022374],[178.39584367053928,-8.023252294074934],[178.3957142598028,-8.023795309592897],[178.39577963207662,-8.024066376389273],[178.3955129240204,-8.024252920443926],[178.39469944317966,-8.025143324107233],[178.3938864653617,-8.026182326939988],[178.39314693595222,-8.027330757384021],[178.39144746223243,-8.02928583166295],[178.3901493011172,-8.03168151721911],[178.38919605380624,-8.033041182888391],[178.3880151412239,-8.034401615875735],[178.38769946149645,-8.035216548852809],[178.38738620119304,-8.035583918102235],[178.3859603823992,-8.03793530814445],[178.3858705751522,-8.038749478952525],[178.38549460862902,-8.039613945311517],[178.38519292193396,-8.04065078921544],[178.38516350927918,-8.042549913947767],[178.38504184208003,-8.043364192275268],[178.38529436583556,-8.04444849800105],[178.3851469497716,-8.045262863198642],[178.38480646689752,-8.045806590216756],[178.38477436594707,-8.046349277183245],[178.38466783084735,-8.046620925823017],[178.38420627390596,-8.047436350322673],[178.38247241177814,-8.050155088271257],[178.38158546296202,-8.050971943918759],[178.3814777472123,-8.051243596201095],[178.38152044211188,-8.051514742117329],[178.38146042821242,-8.051786233814031],[178.38057871423055,-8.053416939722677],[178.37976914599386,-8.055589981689357],[178.37920297847526,-8.057490914818125],[178.37894652583384,-8.059119516393832],[178.3787576676703,-8.059623090614162],[178.37821504525667,-8.06014699767902],[178.37767188712695,-8.06051298929621],[178.3767539231675,-8.061297205880027],[178.37627045518505,-8.061841409784547],[178.3756072172794,-8.06238621678715],[178.37495751499432,-8.0627675362951],[178.37414191727666,-8.063064741508722],[178.3732491628072,-8.063750577308804],[178.37192664878162,-8.064297588642152],[178.37183880403208,-8.064840463880259],[178.37197075169686,-8.064975196277109],[178.37224267976168,-8.06489393148144],[178.37251496211914,-8.064917754743682],[178.37271427132805,-8.065108821918782],[178.37272570856993,-8.065380074041162],[178.37252870330795,-8.065923315053817],[178.372771419791,-8.06619379216817],[178.3730633902836,-8.066110359212509],[178.37333485206742,-8.065890830418455],[178.3736068340886,-8.065825502001355],[178.37415230064988,-8.066139855089528],[178.3744123103966,-8.066459580020666],[178.37452316383997,-8.066730498278254],[178.37470094623328,-8.067394820171366],[178.3748256157732,-8.068628514493488],[178.37474530137055,-8.068900074304864],[178.37443540833698,-8.069367525147872],[178.37361918277406,-8.070260304841877],[178.37364465953556,-8.070531509646763],[178.3741764823002,-8.071072305373027],[178.3742423581238,-8.071885954846325],[178.37471751676532,-8.072297068772079],[178.37581135952726,-8.073779276077458],[178.37635696408748,-8.07413056340211],[178.37690198100293,-8.074308119022904],[178.37771877190698,-8.07435756249205],[178.37826360442506,-8.074480556740603],[178.37875377472008,-8.074312391466146]],[[178.3125434282528,-8.022169768763018],[178.31221924817982,-8.021898032172823],[178.31202674254655,-8.022171415212513],[178.31222064080615,-8.0223322588027],[178.31249289556274,-8.022355545538556],[178.3125434282528,-8.022169768763018]],[[178.31211866323943,-8.022985014794493],[178.31192928008102,-8.022714320716386],[178.31167701134126,-8.022560188645274],[178.3114050523152,-8.022629219193918],[178.31134582393656,-8.022716179138905],[178.31138314955064,-8.022987357829743],[178.3116790301684,-8.023189866985778],[178.31195132825914,-8.023226477626245],[178.31211866323943,-8.022985014794493]],[[178.31284240981185,-8.023525302756841],[178.31276857291448,-8.023445458607998],[178.3127496416446,-8.02352559853184],[178.31284240981185,-8.023525302756841]],[[178.31523912499605,-8.029951718143067],[178.3154183078115,-8.03002821160117],[178.31551207031814,-8.030299208842306],[178.315469121728,-8.030841940230669],[178.31564585042116,-8.031112672081965],[178.31622108509956,-8.031653425852483],[178.3162898995469,-8.031924502583076],[178.31602782820545,-8.032196638099132],[178.31626282738537,-8.032467183067872],[178.31660815416572,-8.0324677041417],[178.31715108338454,-8.03201989163244],[178.3179661726931,-8.031564538740165],[178.31816193451434,-8.031375914214042],[178.3182811520879,-8.031104235449051],[178.31819223832852,-8.030833223633474],[178.31728817559718,-8.030022228982412],[178.31705485239743,-8.029480382214068],[178.31573032198952,-8.027585540683965],[178.3152998251118,-8.02677302549831],[178.31505258200724,-8.025959924151273],[178.31467988551537,-8.025327194908597],[178.31440733027003,-8.025210999184761],[178.31386349578713,-8.025375698015317],[178.31332007971494,-8.025670861079275],[178.31277709859378,-8.02610178841823],[178.31196191161797,-8.026525924223446],[178.31168959186286,-8.02648325984247],[178.31141689248827,-8.026322210838078],[178.3100519344788,-8.025059885991501],[178.3097797575637,-8.025061513880425],[178.30969517409235,-8.025163111775681],[178.30969416794642,-8.02543441267869],[178.30997423726444,-8.025704819205258],[178.3105991208128,-8.025940561162662],[178.3108719737731,-8.02614968454559],[178.3110871356487,-8.026515168751539],[178.31114634180423,-8.026831249530959],[178.31087469657888,-8.026999060562238],[178.31033009935,-8.026927119667471],[178.3100574062193,-8.026767998376236],[178.30923845723112,-8.026018648783024],[178.30896578705895,-8.025866396197896],[178.30869350610087,-8.025835715676115],[178.3083851656442,-8.025981170889128],[178.307815655781,-8.026525576486954],[178.30691931887137,-8.027884913357406],[178.30664843395675,-8.028428369494462],[178.30638769110763,-8.02870049534963],[178.30573931498031,-8.030601639698611],[178.30572559640154,-8.030872981289072],[178.30581408330752,-8.031143998461104],[178.30690514632852,-8.032225725317936],[178.30714670598945,-8.032767553482115],[178.30735565629976,-8.033047453729798],[178.30762788244897,-8.033059466134064],[178.30789962493523,-8.032920383724944],[178.30817179434052,-8.03291471205906],[178.30840695651437,-8.03303484401754],[178.31005196567244,-8.034386095215007],[178.31062731117797,-8.034732081839204],[178.311444761291,-8.035007667521148],[178.31198899175567,-8.034962000526967],[178.31253291122215,-8.034819615392754],[178.31307822554166,-8.035111317617673],[178.31335011134135,-8.035017175848806],[178.3136904618873,-8.034103190246872],[178.3136670228284,-8.032204184812361],[178.31354505839502,-8.031933277110467],[178.31333963388673,-8.031757703320134],[178.31224857875813,-8.03103830345938],[178.31170375596827,-8.030897781630866]],[[178.3114471448106,-8.031126078912642],[178.3111610451959,-8.031415498440424],[178.31088777498871,-8.031077561423185],[178.31034360695102,-8.031141216608654],[178.3105404937891,-8.030857670760302],[178.31050572845547,-8.03058648396048],[178.31034042690732,-8.030149313254874],[178.31022800633409,-8.029502178198912],[178.3099983660513,-8.028960314157308],[178.31000587372645,-8.028688992630164],[178.31033401114047,-8.028147753854425],[178.31087740800552,-8.027844794606958],[178.31095506558873,-8.02787207714828],[178.3109935739083,-8.028143252009176],[178.3106775954618,-8.028958151185],[178.3107221964639,-8.02950060420681],[178.3110242800061,-8.030042236794445],[178.31143029248182,-8.03049959955912],[178.31170231158444,-8.030447725818881],[178.3118889655785,-8.03031077794448],[178.31199341719943,-8.030039147461544],[178.31224460724076,-8.029801290955584],[178.31279010216608,-8.0301515387644],[178.31306344567594,-8.030512097130007],[178.31333616163627,-8.030677205738433],[178.31360829841807,-8.030662048670347],[178.31415104762303,-8.030157673616173],[178.31469486865504,-8.02998696587873]],[[178.3119728768448,-8.029942943916112],[178.31197224611245,-8.029746433770269],[178.31210913033357,-8.029767481057043],[178.3119728768448,-8.029942943916112]],[[178.31500409769905,-8.0340989916191],[178.31541725427655,-8.032741185224676],[178.31537883635187,-8.032198714061508],[178.31523899878738,-8.031927864196978],[178.31497278071913,-8.031767015066038],[178.31473748486994,-8.031929467489899],[178.3147016604642,-8.032098305195573],[178.3148311877917,-8.03301435627128],[178.3147981507202,-8.033557056021495],[178.3146550552363,-8.034100107633936],[178.31470858870787,-8.034251466673274],[178.31500409769905,-8.0340989916191]],[[178.3198773349671,-8.033379876908507],[178.3193323410691,-8.033187687106008],[178.31881344856706,-8.033544199215614],[178.31880326286105,-8.034086825156598],[178.31856957107513,-8.034630167858058],[178.31859697167383,-8.035172673286247],[178.31852299745225,-8.035423520615227],[178.31797927003316,-8.035624623537547],[178.31770698099146,-8.035593406500997],[178.31762563760765,-8.035447083896033],[178.3175131183174,-8.03517614771371],[178.31760523753763,-8.034904555775487],[178.3179844753905,-8.034632043647964],[178.31851765576172,-8.033768530569162],[178.31875418952896,-8.033544389245407],[178.31824287377918,-8.032964258678767],[178.31797085832739,-8.03301729651119],[178.31769932381258,-8.033219491396256]],[[178.31760585547516,-8.033276773227001],[178.31747665926568,-8.0335484839084],[178.31747884091467,-8.033819773699134],[178.31738865826222,-8.034091359393125],[178.31704430975023,-8.034635056032421],[178.3161204760188,-8.03572320161106],[178.31580257946524,-8.035878208822178],[178.31572516270882,-8.035995763808113],[178.31564801937014,-8.036267307622834],[178.3157492967952,-8.036538280431142],[178.31607726387,-8.036652713064687],[178.31716634829536,-8.036754360441666],[178.31743809878952,-8.036618379656204],[178.31770907313555,-8.036241896956597],[178.3177742239577,-8.036260497861603],[178.31794277899508,-8.036531254244048],[178.31801862233806,-8.037073604460682],[178.31829098205148,-8.03734402776095],[178.31880653488253,-8.03761367063086],[178.31989157002906,-8.037785149035825],[178.32025133230744,-8.03760903260235],[178.3209767313255,-8.036673242517077],[178.32143718685924,-8.03570614775112],[178.32148970431862,-8.035434682620307],[178.32136572945475,-8.035163784717458],[178.3206989284798,-8.034936982852507],[178.32027614955902,-8.034624691890969],[178.31999485007267,-8.033540408957151]],[[178.32478747498044,-8.036705506543212],[178.32418769525603,-8.036511186374645],[178.32396600525965,-8.036783196451061],[178.32397385296636,-8.037613294719824],[178.32424617803605,-8.037655255188886],[178.32451792546078,-8.03751911654199],[178.3248801262268,-8.03705154734371],[178.32490077461037,-8.036780184838715]],[[178.3265971158778,-8.041658037634777],[178.32698001897825,-8.041332503024769],[178.3272519963301,-8.041266751867356],[178.32806859224772,-8.041273742952846],[178.32861209221693,-8.041002774593716],[178.33024345447015,-8.040455987779307],[178.33078746282007,-8.04034185690455],[178.33146782083807,-8.040305937970269]],[[178.32928677425542,-8.039223183135222],[178.3288631786596,-8.038937759471757],[178.32751508682023,-8.038468140472013],[178.32724229346272,-8.038282282332895],[178.32669765956317,-8.038203608683837],[178.32642458072309,-8.037929717260361],[178.3261401443454,-8.037861371873454],[178.32604274689186,-8.038132981920757],[178.32633634941166,-8.038674626160729],[178.32642923575796,-8.0393626319861],[178.32615735020852,-8.039456337065559],[178.3258849146108,-8.039380720634703],[178.3256133670323,-8.039578572213784],[178.3252390179516,-8.040034645385575],[178.3251133697334,-8.04030634647441],[178.32512987435615,-8.040577589137225],[178.32534505817205,-8.040774062952888],[178.32561748748566,-8.040847457889432],[178.32592801925276,-8.041117605982231],[178.32594505106812,-8.041388846809255],[178.32574866602965,-8.041660776353904],[178.32616485572586,-8.04176657926316],[178.3265971158778,-8.041658037634777]],[[178.36754214686857,-8.063227082413558],[178.36760824613992,-8.062812242020401],[178.36788058196785,-8.062852327205533],[178.36794457500255,-8.06241186618262],[178.36819913175265,-8.061868434437383],[178.36820497546947,-8.06159712394429],[178.36814835139015,-8.061533692297877],[178.36760526762487,-8.06192566347888],[178.36733309335162,-8.061933490315534],[178.36714190427386,-8.061871962506725],[178.36699346867314,-8.061329875395122],[178.3662418118413,-8.061194800989345],[178.3659690213184,-8.061018854527399],[178.36569694465638,-8.061055664454308],[178.36539333398986,-8.061335209082245],[178.3652762464395,-8.061606890429584],[178.36530747606608,-8.061878077698886],[178.36542828177667,-8.062110358380691],[178.36652058015255,-8.063151461084738],[178.36706568218378,-8.06335961875888],[178.36733779721303,-8.063333863159308],[178.36754214686857,-8.063227082413558]]]}},{"type":"Feature","properties":{"year":2011,"certainty":"insufficient data"},"geometry":{"type":"MultiLineString","coordinates":[[[178.38340197149262,-7.933768470471812],[178.38404811250766,-7.933389672344167],[178.38419123183246,-7.93349455599795],[178.38486970684409,-7.934959425450635],[178.38514266002213,-7.935209957259006],[178.38568780957857,-7.935484801863419],[178.3859597380971,-7.935429262161635],[178.38625211676825,-7.93511544177321],[178.38660285171727,-7.934571692397723],[178.3865806212671,-7.934300475921721],[178.38649973093496,-7.934165251134622],[178.38610606201811,-7.9337594752868315],[178.3851354357481,-7.933052045388965],[178.38459067051403,-7.932890947801225],[178.38409016149208,-7.932409728746777],[178.38377209082034,-7.93222091446262],[178.38275350219192,-7.931057715198259],[178.38158766447953,-7.929966836497612],[178.38104224938024,-7.9296094774797306],[178.37995263535677,-7.929258848751059],[178.37886374019456,-7.929123639662499],[178.3783189689032,-7.928958772962782],[178.37804716886535,-7.929052242467903],[178.37777573545029,-7.929255922978926],[178.3774889663584,-7.928904830605999],[178.37722981761226,-7.928746379781008],[178.37695768130342,-7.9287388088624065],[178.37633745082837,-7.928908637164963],[178.37625890715648,-7.92918018842906],[178.37634689541463,-7.929451189411563],[178.37673918204493,-7.929992476248693],[178.37696344912513,-7.930472913218866],[178.37720381676846,-7.929719648413709],[178.37750454968457,-7.929534115433169],[178.37760632703612,-7.929989608809494],[178.37822261399646,-7.931072735815747],[178.3784435281898,-7.931614587532281],[178.37860070960312,-7.931850190360736],[178.37887301660268,-7.931908421645132],[178.37914568888593,-7.932076253756132],[178.37918313086942,-7.93269730395451],[178.37942072700488,-7.932953777210666],[178.37996461081917,-7.932850799427828],[178.38050893523894,-7.932880011610681],[178.38105293301416,-7.932811362448933],[178.38186947795606,-7.932872745094067],[178.3824143350972,-7.933061497359443],[178.38267971693392,-7.933228288136872],[178.38296061017198,-7.933674377344731],[178.38310917258394,-7.933769443416609]],[[178.37728305072363,-7.9313471360467185],[178.37729680517597,-7.9310757989548835],[178.3772372365292,-7.9309763733623475],[178.37714187220345,-7.9310763113664535],[178.37723139820199,-7.931347306888078],[178.37728305072363,-7.9313471360467185]],[[178.38688294489222,-7.935927211672851],[178.38735274142434,-7.935383064944018],[178.38739295032713,-7.935111640477758],[178.38731891236117,-7.935012365729592],[178.38704671941323,-7.934988858839447],[178.38646942733018,-7.935928589519419],[178.38650586973367,-7.935996901812787],[178.38688294489222,-7.935927211672851]],[[178.39707499467565,-7.941590197270793],[178.39725090002105,-7.94131831705017],[178.3972372987726,-7.940775784218997],[178.39686133019467,-7.940472397414871],[178.39658911169724,-7.9404422533082],[178.39641636356168,-7.940507251898411],[178.39620916212746,-7.940779236870267],[178.3962020669192,-7.941050550068883],[178.39632016767928,-7.941381531294354],[178.3965933513104,-7.941697137694906],[178.39707499467565,-7.941590197270793]],[[178.40676305314216,-7.945626861366565],[178.4073000119047,-7.944811179528542],[178.40720038286318,-7.944540228687895],[178.40694326970714,-7.944480593450497],[178.4066713695604,-7.944544635785355],[178.40655489082278,-7.944813701303016],[178.40653213486007,-7.945627642804805],[178.40667531672278,-7.945703980670183],[178.40676305314216,-7.945626861366565]],[[178.41488090061898,-7.949397329466848],[178.41519243625345,-7.94885369414824],[178.41529370086243,-7.9480394878112355],[178.41499861193813,-7.947769205558176],[178.41430035552955,-7.947374406626738],[178.4140557540157,-7.947501127666357],[178.41403083461634,-7.947772499751209],[178.41416429048758,-7.948314620164734],[178.4141252831292,-7.948857327457246],[178.41430699870673,-7.949314286382635],[178.41458004405064,-7.949584261884935],[178.41488090061898,-7.949397329466848]],[[178.4161477375413,-7.949664300435381],[178.41605384153797,-7.9499359075162745],[178.416110346801,-7.950207001943277],[178.41621535029324,-7.950337312107782],[178.416487854166,-7.950448927501442],[178.41675968027113,-7.950362988509783],[178.41703090319376,-7.950101335265146],[178.4174679669916,-7.949388511327019],[178.41744696182738,-7.949117296102371],[178.4172990845293,-7.9489536040061655],[178.41702660468775,-7.948848720336469],[178.416754602387,-7.948883001420831]],[[178.41978482649512,-7.952364753144865],[178.420014406291,-7.9518213951454415],[178.42052864173172,-7.951277063736186],[178.4206205534014,-7.951005462901385],[178.42052342528368,-7.950734508543839],[178.42002501475127,-7.95032973733863],[178.4197524145399,-7.950190241202506],[178.41948031016827,-7.950194927721351],[178.41918455633248,-7.950467798085611],[178.41892731438548,-7.951011250208524],[178.4189266720031,-7.951825112479387],[178.4192156869333,-7.952375823173665],[178.4194884341845,-7.952557653566938],[178.41978482649512,-7.952364753144865]],[[178.42335262952176,-7.953980258344897],[178.42361476092384,-7.9537080736099535],[178.42367814133064,-7.953436570194243],[178.42346003028248,-7.9528947455795675],[178.42320385857843,-7.952624337355254],[178.42220736495727,-7.951893496428302],[178.42193489084582,-7.951791078349695],[178.4216074864012,-7.9518159456510125],[178.4214475529277,-7.952087779415027],[178.42143486159927,-7.952359109246602],[178.42119552475498,-7.953173787551478],[178.4212174200432,-7.953444999029093],[178.42139717394744,-7.953686086655059],[178.42194275768355,-7.954074604555026],[178.42221510805717,-7.954140650139498],[178.42303153448367,-7.954157524078447],[178.42335262952176,-7.953980258344897]],[[178.4250932176607,-7.956144575950858],[178.42565410251146,-7.95560007838847],[178.42568164863934,-7.955328697920744],[178.42561033160513,-7.955057656927402],[178.4254473192158,-7.954786930715644],[178.42492387219798,-7.9542461555105834],[178.424663963042,-7.954068550389291],[178.42439181210318,-7.954060305545527],[178.42412043002753,-7.954274869447549],[178.42383697257523,-7.9547924561440535],[178.4237436274219,-7.955335348438308],[178.42379451652283,-7.955606460011751],[178.4243993435388,-7.956242084915099],[178.42467166433684,-7.956299100464905],[178.4250932176607,-7.956144575950858]],[[178.4276672729534,-7.956948472506448],[178.4272956022262,-7.956679580986902],[178.42712090821936,-7.956336596411347],[178.42691082182037,-7.956138332390888],[178.42657570067982,-7.9560589240615425],[178.4263893058273,-7.956140124638024],[178.42630417706633,-7.956232472720372],[178.425789993597,-7.957769898491212],[178.4259737516606,-7.958040553011313],[178.4263108125113,-7.958151616216391],[178.4265162038991,-7.958852546137008],[178.42706517949244,-7.959393230051892],[178.42740582387196,-7.960033073098529],[178.42767851267536,-7.960195611884646],[178.42795065827886,-7.960201229279529],[178.42849308263195,-7.959673557493317],[178.42867970886007,-7.960201531013407],[178.42874210985784,-7.961015172533138],[178.42868941899013,-7.9615579248999815],[178.42877272475937,-7.961842768351611],[178.42904520477538,-7.961944580170969],[178.42931700571455,-7.96185048656348],[178.42985998108995,-7.9614817806078735],[178.43004933034908,-7.961553239398654],[178.42998519773653,-7.9626386016685196],[178.42959274059308,-7.962890878838752],[178.42959314925656,-7.96300871681211],[178.4296519151461,-7.963182321147448],[178.43041062422043,-7.963323315516151],[178.4306837166431,-7.9636012038036625],[178.43087278655796,-7.963991966779075],[178.43090938021393,-7.96426312569614],[178.430704684479,-7.965077687469438],[178.4307802314094,-7.965348711986101],[178.43101790931414,-7.965619176964036],[178.43123662490513,-7.96609259655181],[178.43178102108945,-7.966132005558193],[178.43212024814918,-7.966429226203357],[178.43241100625332,-7.967513361637395],[178.4323796360675,-7.968327324896346],[178.43257598122085,-7.969140501135818],[178.43257841968128,-7.969411777623787],[178.4323735640935,-7.9710401952255925],[178.4321944103434,-7.971854669267928],[178.43147944376113,-7.97375613500256],[178.43136193653245,-7.974299111048569],[178.4310572030558,-7.974842734033687],[178.4305649404648,-7.976200859920537],[178.42933344298515,-7.978646678996799],[178.42869227704963,-7.9794627478891345],[178.42868614980247,-7.980005339503684],[178.4282919040305,-7.980132192483345],[178.42747787720518,-7.9808211703824865]],[[178.41855574522785,-7.993604496378389],[178.41875585680273,-7.993332523196474],[178.4201686351159,-7.991976189638204],[178.42098362066616,-7.991554629413244],[178.42144156231691,-7.991153006811911],[178.42167688232135,-7.990338339849695],[178.42240626376923,-7.989250687587696],[178.4228144888461,-7.988435425607562],[178.42314879713385,-7.988089447774295],[178.4238356498023,-7.987618053563524],[178.42404367851344,-7.987346051591328],[178.42423327646225,-7.986906171220294],[178.42547160519564,-7.985713419055983],[178.42556228607162,-7.98544182102307],[178.42552918469508,-7.98489936404437],[178.42626572178918,-7.984354254384608],[178.42667192537823,-7.983838313771459],[178.42721449799149,-7.98334537006253],[178.42775612189405,-7.98257958171026],[178.42832071323215,-7.982176882742294],[178.42870324145997,-7.981632991820593],[178.4291718938462,-7.981360088471731],[178.4299268887329,-7.980750497415215],[178.43040419529626,-7.9802706910171874],[178.43073988582452,-7.979766929836773],[178.43132937900629,-7.979182352976594],[178.4329106824184,-7.977954614244784],[178.43367231851732,-7.977003967911059],[178.43376441849773,-7.97673236433094],[178.43377048602179,-7.976189773939205],[178.43397397245474,-7.975917784696014],[178.43426379085597,-7.9757805539066995],[178.43490964222622,-7.9756432591991695],[178.43589333193668,-7.974842504338799],[178.43692961556147,-7.9737372650847975],[178.43741015103677,-7.972650460652055],[178.43754556861018,-7.971836137864689],[178.4373662176654,-7.97102290706712],[178.43660679169582,-7.9693978339702545],[178.43614427743904,-7.968767325280611],[178.43477471658855,-7.966210000652873],[178.43395470130426,-7.9651676564987115],[178.4332032028912,-7.963712635153704],[178.43258626357684,-7.962925369059422],[178.43149140932005,-7.961098183148899],[178.43121837093574,-7.960835428485226],[178.43094587519644,-7.9607289431602695],[178.43068513220783,-7.960465906311548],[178.4304093075681,-7.959924286755664],[178.42985230495228,-7.959268051215327],[178.42930631822568,-7.958767109869229],[178.4286629235243,-7.957760019394969],[178.42766847749397,-7.956949584358224]],[[178.429109996334,-7.980614155741131],[178.42881927581064,-7.980276165202019],[178.4291083121538,-7.980129433090809],[178.42937577134526,-7.98027424380228],[178.42922051675697,-7.980546065085841],[178.429109996334,-7.980614155741131]],[[178.4274764459995,-7.980823369203832],[178.42720796900525,-7.98146425310375],[178.42623503785612,-7.982455361888015],[178.42585327569063,-7.9831970855252425],[178.42531110628533,-7.983806849174321]],[[178.42499831666657,-7.984087336284357],[178.4247689152494,-7.984410825415717],[178.42454149289398,-7.985174052089322],[178.4242798436365,-7.985717524387004],[178.42334086629882,-7.987077185327782],[178.4224688074613,-7.987894043244552],[178.42195737465082,-7.988980945757324],[178.42152108117713,-7.989579565557405],[178.41960241881173,-7.991701899291362],[178.41885323028228,-7.992247044114548],[178.41853133859948,-7.992790721485461],[178.41778373471695,-7.99333585948713],[178.4174530557651,-7.993686350749212],[178.41690988119583,-7.994012223705951],[178.4161518753091,-7.994969173731124],[178.41589718380777,-7.995512619610108],[178.41528473323095,-7.996260709452279],[178.41392790751075,-7.997402138232252],[178.4114868466422,-7.999818621183867],[178.41131123626934,-8.000140189555962],[178.411107140215,-8.000954748020108],[178.41067570942573,-8.001367465068622],[178.40958994493462,-8.002198940239245],[178.40823417947055,-8.003659574949724]],[[178.33983314100257,-7.989255222230578],[178.3402861210544,-7.988982459200413],[178.3405103106363,-7.98871043754767],[178.34056826109122,-7.988438954788163],[178.34041556594116,-7.988181797304913],[178.34014316972716,-7.988107650575862],[178.33969933663388,-7.988170475890832],[178.3390557384765,-7.9884717222657615],[178.33877906840036,-7.988716046443872],[178.3386799509192,-7.9889876624309615],[178.33867717362037,-7.989258966504246],[178.338786718934,-7.989433913820845],[178.33905916180103,-7.989522122590984],[178.33983314100257,-7.989255222230578]],[[178.34859611239077,-7.991125791166658],[178.34915088205133,-7.990852686967277],[178.34928246417542,-7.990580963585463],[178.3487566487154,-7.989497503497365],[178.34853534216157,-7.98922693135802],[178.34776526944734,-7.9886531131021865],[178.34694775107943,-7.988330808875536],[178.3466758149804,-7.988397231523446],[178.34647447975865,-7.98869105928214],[178.34649630356807,-7.989233576703644],[178.34722082417508,-7.990587687370149],[178.34804576693614,-7.991195866080434],[178.34831807772807,-7.991243162077329],[178.34859611239077,-7.991125791166658]],[[178.41683928682207,-7.995238103434595],[178.41725585939366,-7.994694101977194],[178.41854147706286,-7.993635266257262]],[[178.4032367508329,-8.009662782062424],[178.40281243337847,-8.009914290368918],[178.40213839136402,-8.010751669037433],[178.40207450284169,-8.011023174124142],[178.4022726589692,-8.011243660369963],[178.40254421891242,-8.011067533044136],[178.40305409335846,-8.010477266773455],[178.40335642919422,-8.009818513601566],[178.40390000874714,-8.009601341209768],[178.40444392346316,-8.009482163910691],[178.40552769380108,-8.008060586928936],[178.40634243924922,-8.007554732101948],[178.40831103432296,-8.00584746566048],[178.40899366451725,-8.005031273784954],[178.40959651295267,-8.00410993097976],[178.4100467963297,-8.003671241423953],[178.41046682506646,-8.002855945201977],[178.4106798912824,-8.002583438430419],[178.41102536513068,-8.002311462355259],[178.41169181683006,-8.000952749300405],[178.41223270130925,-8.000137039004317],[178.41257529134427,-7.999768642888131],[178.4131183675171,-7.999410932810228],[178.4137282083441,-7.998504201225779],[178.41474495712671,-7.997574063852743],[178.41528698676703,-7.996914289735638],[178.4166430398724,-7.995550690307807]],[[178.40821251166523,-8.003677503918675],[178.40576726441094,-8.006941289857266],[178.40522555819152,-8.007485710387925],[178.40471031900165,-8.00779988635102],[178.4045089349297,-8.008030726021218],[178.40414363869996,-8.008845832581732],[178.40389867909374,-8.009213210937224],[178.4036270476778,-8.009367937800254]],[[178.40014079694876,-8.013742624943808],[178.40013585274073,-8.013471353689667],[178.4003749151158,-8.01340753903031],[178.40067822615015,-8.013198223238364],[178.40099128144143,-8.012654583569404],[178.40146084945604,-8.012110411827782],[178.4014755887404,-8.011839073811068],[178.4014452507467,-8.01211046484798],[178.40118746043944,-8.012253330788532],[178.40091643918095,-8.012587394548154],[178.40026271978644,-8.012928346705879],[178.39995641910468,-8.013743251142191],[178.40010419737274,-8.013830787453207],[178.40014079694876,-8.013742624943808]],[[178.3993175706957,-8.015101860854312],[178.39929193303712,-8.015068920176114],[178.39929230601382,-8.015178072985789],[178.3993175706957,-8.015101860854312]],[[178.3979568258796,-8.018904513909964],[178.39821590033964,-8.018767330063557],[178.39848686022017,-8.018413624818336],[178.39878437266785,-8.017273976083063],[178.3987534083963,-8.016768829393476],[178.3984822106259,-8.01705256928251],[178.39838848528655,-8.01727531979805],[178.39828695103233,-8.018089528973919],[178.39813867578786,-8.018632608586618],[178.3979568258796,-8.018904513909964]],[[178.37853509291017,-8.074313128190893],[178.3788071407886,-8.07422139072241],[178.37940483496996,-8.073767618192225],[178.37977857955812,-8.073223779154693],[178.38003802320344,-8.072680325329156],[178.38014728199516,-8.072137377849588],[178.3804416366803,-8.07132251671366],[178.38053012131314,-8.069965770726506],[178.38107303299583,-8.068607492407029],[178.3808706559323,-8.066166569182007],[178.38053529233576,-8.064539962068308],[178.38023317572373,-8.063727111064274],[178.3801004269658,-8.062913689234884],[178.3801276694958,-8.062371018157988],[178.38000111117466,-8.061286285599518],[178.38003406003065,-8.060472305573642],[178.37991535650673,-8.059116256584792],[178.38019539583743,-8.05694499620765],[178.38041718992105,-8.056130380540568],[178.38084543122991,-8.055043780222002],[178.38096073445317,-8.054500812701225],[178.38138835901108,-8.05395679360587],[178.38145827987367,-8.053685268524921],[178.3817303350738,-8.053282356433552],[178.3820005356261,-8.052694718727752],[178.38231324486082,-8.052325940897955],[178.38294164002107,-8.051781244415286],[178.38335616844034,-8.051123993795157],[178.38439320291454,-8.050148613677498],[178.38498337086318,-8.049373512054112],[178.38552621276637,-8.048920736842769],[178.38588224967063,-8.04824456386067],[178.38592936367797,-8.047701826393139],[178.38611927397517,-8.04715860685483],[178.38605343342587,-8.046344961518205],[178.38615164866565,-8.04607334076674],[178.3859933496262,-8.045260007437948],[178.3859557163373,-8.043903688232913],[178.38578155046318,-8.043090408071699],[178.38565905961707,-8.041734374777143],[178.38574968783098,-8.040648911864373],[178.38569428695217,-8.040106520054536],[178.3858703986479,-8.0392920581914],[178.38625580753364,-8.038476890452605],[178.3869659162016,-8.03738933785212],[178.38729622638957,-8.036574355622129],[178.38847474866446,-8.035532340772821],[178.38917533259095,-8.034668986995971],[178.38955952480958,-8.034372340039955],[178.3902567621332,-8.03358017642885],[178.3904212142711,-8.033308331556446],[178.39051112553025,-8.03276544980119],[178.3906420320874,-8.032547500567459],[178.39118513713984,-8.032179872381494],[178.3918468947485,-8.03113319902037],[178.39253298528266,-8.030588299691086],[178.3928101266292,-8.029809469283313],[178.39369749691917,-8.028685336250248],[178.39395480136668,-8.027870599010066],[178.39444711914715,-8.02732635407151],[178.39489983057683,-8.026510954512474],[178.3953753755691,-8.025966765754738],[178.3955719860341,-8.024338368717464],[178.39604859339795,-8.02379417610187],[178.3961356963037,-8.023522592382124],[178.39649344751095,-8.022978802491348],[178.39661094660516,-8.022435827324342],[178.39755706392202,-8.020533599800206],[178.39783542658517,-8.01944750231115],[178.3976735399931,-8.019346114257697],[178.396937797536,-8.020806988840484],[178.39595761593918,-8.022438042585502],[178.39585947769817,-8.022709663669715],[178.39582968810245,-8.023252341474945],[178.395585518723,-8.024067034419604],[178.3952411322888,-8.024364493730957],[178.3948864169297,-8.024883269064873],[178.3946109899031,-8.025155490733747],[178.3938864193275,-8.02616882148195],[178.393351303383,-8.02705877689063],[178.39126870281407,-8.029507421948638],[178.39028642034694,-8.031409764863474],[178.3891961501643,-8.033041182562911],[178.38803921422132,-8.03440153461604],[178.38771989751461,-8.035216479878917],[178.38630318912473,-8.037266461974866],[178.3859516082759,-8.03793533773042],[178.38584712898387,-8.038749558014262],[178.38564788989194,-8.03929280849816],[178.3854595838597,-8.03956473274042],[178.38539535869748,-8.04010752799377],[178.38516496117438,-8.040650883476037],[178.38517425048173,-8.042549877729238],[178.38509568789365,-8.043364010706462],[178.38530171134883,-8.044448473224529],[178.3851587320732,-8.045262823457024],[178.38477791546288,-8.045806686501795],[178.38473573387128,-8.046349407468654],[178.38463474828436,-8.046621037388176],[178.38369905925956,-8.048251928479164],[178.38291944705472,-8.049339713663127],[178.38246304167967,-8.050155119833915],[178.38169004989996,-8.050971591800312],[178.38152797812592,-8.051243427096953],[178.3814453442827,-8.051786284596107],[178.38034814086404,-8.053960295076523],[178.37984404960318,-8.05531843991699],[178.37961207092687,-8.056133089680966],[178.37957061388713,-8.056675808741709],[178.37932719664857,-8.057219207178102],[178.37900388533012,-8.059119323461008],[178.37875768499953,-8.059628208820783],[178.3784865661589,-8.059946936133265],[178.37561591626877,-8.06238618758735],[178.3749577485363,-8.062836676349319],[178.3738706908632,-8.063353364344193],[178.37278450359804,-8.064129033642846],[178.3722584163068,-8.06429647759571],[178.3719698240307,-8.064700033070512],[178.37192134618903,-8.064840187481963],[178.371970518088,-8.064905904409208],[178.3722419988235,-8.064691991352538],[178.3725143148136,-8.064725827562558],[178.3728939322227,-8.065108219886636],[178.3728888776369,-8.065379527252908],[178.37267870126098,-8.065651522000392],[178.37263931210833,-8.065922944433835],[178.37279111866312,-8.06608995020593],[178.37306328543534,-8.066079288927796],[178.37333455016028,-8.065801379437007],[178.37360652478782,-8.065733877771818],[178.3738790575223,-8.065831707177589],[178.37442546395405,-8.066424247552582],[178.37455719398847,-8.066730384078795],[178.37472627054163,-8.067543687251186],[178.37472480755812,-8.068086272549813],[178.37482037751658,-8.068628532079837],[178.3747644319869,-8.068900010078893],[178.3744357188788,-8.069459419545014],[178.3738129483249,-8.069988364445186],[178.37372965653907,-8.070259934186332],[178.37378652692692,-8.070531033631198],[178.37423632039673,-8.07107210451006],[178.37431623091675,-8.071343126451488],[178.3742410236736,-8.071614669128214],[178.3742797688661,-8.071885829249602],[178.3748541271225,-8.07242648081519],[178.37547731681704,-8.07323825725215],[178.37555250073717,-8.073509294604115],[178.37548641282538,-8.073780806761242],[178.37553940152526,-8.07385303546551],[178.37635687456367,-8.07410412445457],[178.37662881689587,-8.074025761270557],[178.3769012899059,-8.074104101353331],[178.3771741290656,-8.074290487212192],[178.37744655976346,-8.07435627334392],[178.37826342226123,-8.07442683526997],[178.37853509291017,-8.074313128190893]],[[178.31250557439975,-8.022169889408561],[178.31221976530338,-8.02205927626127],[178.31217075067397,-8.02217095638727],[178.31222024135573,-8.022207711002071],[178.31250557439975,-8.022169889408561]],[[178.31205666751953,-8.022985212337307],[178.31186804632034,-8.022714515796775],[178.31167709183438,-8.022585295673823],[178.31144560023188,-8.022715861390378],[178.31155082653845,-8.022986823797435],[178.31167861292604,-8.023059732007916],[178.31205666751953,-8.022985212337307]],[[178.316333522823,-8.03170869298781],[178.31749189830919,-8.031649357544596],[178.31796100823823,-8.031376558015129],[178.31796847444548,-8.031105237335227],[178.31769091348093,-8.030611244790292],[178.31714469671618,-8.030038186984939],[178.31713510265982,-8.029751422193334],[178.31700734941654,-8.029480534267517],[178.31604542317234,-8.028127127183081],[178.31550227603947,-8.027144273599857],[178.31521901169418,-8.026773283743063],[178.31483588566866,-8.025418022069639],[178.3146796372248,-8.025249952748952],[178.31440716230443,-8.025158734276264],[178.3136760635724,-8.025421724923277],[178.31277709859378,-8.02610178841823],[178.3119620724402,-8.026576051020514],[178.31162246194242,-8.026513463213938],[178.3108713061381,-8.025941402433839],[178.31032493177636,-8.025314337145778],[178.31005232899028,-8.025183053146757],[178.30978027548576,-8.025223243208597],[178.30968364927784,-8.025434446143963],[178.30992921769612,-8.025704962469012],[178.31087198780656,-8.026154062508756],[178.31124332654056,-8.026785968725632],[178.31114712360375,-8.027075068417487],[178.31033006867827,-8.026917548109008],[178.31005737234491,-8.0267574249734],[178.3092384326295,-8.026010964214855],[178.30896575976035,-8.025857867252627],[178.30869349596,-8.025832546673179],[178.3084218535802,-8.02600145561317],[178.30786139489524,-8.026525431153846],[178.30700503875153,-8.027613343172817],[178.30630325208975,-8.028972061426126],[178.3057309149492,-8.030601666359408],[178.3058043113026,-8.031144029480194],[178.30624948341017,-8.031685212115526]],[[178.31197280192163,-8.029919601212585],[178.31197227288482,-8.029754775035084],[178.31217498775024,-8.029767271027948],[178.31197280192163,-8.029919601212585]],[[178.3062626003754,-8.031700817990712],[178.30687943065075,-8.03222580702516],[178.3070671503612,-8.032496508429357],[178.30702402847172,-8.033039241239036],[178.30735646419396,-8.033299943246513],[178.3076286678603,-8.03330487774336],[178.30789993198243,-8.033016307135425],[178.3081722070981,-8.033043633010335],[178.30844478077296,-8.033164187421566],[178.30888244581755,-8.033575926430254],[178.31035478320067,-8.034626253027902],[178.31144463106162,-8.034967103415518],[178.312533193716,-8.034907535513948],[178.31280590256202,-8.035069476389685],[178.3130782898407,-8.035131320343456],[178.3133503235948,-8.035083192479593],[178.3135306236154,-8.034917592388357],[178.31369582159496,-8.034374470295647],[178.31376059139765,-8.03356037186744],[178.313988700256,-8.033017048794623],[178.31399663091997,-8.032745726300693],[178.31357141801678,-8.031933192932856],[178.31224849430322,-8.031012000247769],[178.31181990161872,-8.030853592992699],[178.3117124953984,-8.030582638051088],[178.31192445458126,-8.030310664777625],[178.31199341719943,-8.030039147461544],[178.31224452670503,-8.02977620437347],[178.31279009484462,-8.030149259204737],[178.31303658091474,-8.030578414180777]],[[178.3130637375349,-8.030602944567185],[178.3133363537873,-8.030737003363637],[178.31360841253846,-8.030697555842227],[178.3141510611069,-8.030161867505308],[178.31496671859804,-8.029882848072313],[178.31523901230963,-8.029916697331773],[178.31536499524546,-8.030028382049482],[178.31548075940802,-8.030299308959266],[178.3154133225786,-8.030842118653284],[178.3156054048163,-8.031112801432677],[178.31625703807896,-8.031653310808652]],[[178.31478449642006,-8.034099693798272],[178.31497974008926,-8.033929493032785],[178.31539140627416,-8.033012564902245],[178.31531556803677,-8.032198916386227],[178.31517595084875,-8.03192806578892],[178.31497288448955,-8.031799263967514],[178.3147010659185,-8.0319135043362],[178.31464734474713,-8.032201052692582],[178.31476354029843,-8.032743275455383],[178.31464509624692,-8.033286248238277],[178.3147084937021,-8.03422194479172],[178.31478449642006,-8.034099693798272]],[[178.3198773840793,-8.033395079770022],[178.31933243677938,-8.033217327501825],[178.31906115915157,-8.033498874039827],[178.31894060561834,-8.034086384672301],[178.31871525145007,-8.034629700684032],[178.31849695949177,-8.035444290659727],[178.31798015427032,-8.035898654567768],[178.3177079385494,-8.035890222213753],[178.31748384597313,-8.035447538269278],[178.31749441959005,-8.035176207629753],[178.31758262064088,-8.034904628249041],[178.31842329519847,-8.033545450188745],[178.31838981978672,-8.033274260818558],[178.3182434315585,-8.033137142782204],[178.31797116240406,-8.033111564601644],[178.3177033181494,-8.033276460964977],[178.3175769224141,-8.03354816269449],[178.31753494928094,-8.034090890711632],[178.31715927010512,-8.034559391832284],[178.31580263300154,-8.035894827278964],[178.31557522293446,-8.03653883752533],[178.3158051606472,-8.036679405419143],[178.31607744421223,-8.036708676661794],[178.31662108377088,-8.036479483268405],[178.31689328776787,-8.036484128454735],[178.31716598592467,-8.036642003213624],[178.3174383474964,-8.036695478568815],[178.3177103368155,-8.0366335667363],[178.31795411862035,-8.03707381127221],[178.31828277235422,-8.03734405408971],[178.31880230908018,-8.037629561158782],[178.31989172884303,-8.03783428253952],[178.3201635301789,-8.037714193646416],[178.32070499546586,-8.036813278804297],[178.3210840233943,-8.036521171795997],[178.3214343283382,-8.035706156938572],[178.32146009623787,-8.035434777782063],[178.32131419160575,-8.035163950340165],[178.3206990431564,-8.034972452316495],[178.32042596091839,-8.034695683021164],[178.32007603187216,-8.034082741387936],[178.31997964420137,-8.033540457763294]],[[178.32830316684715,-8.041109934276136],[178.32915550969585,-8.040706721070949],[178.32969964401838,-8.04063099825695],[178.33051529868078,-8.040349828183249],[178.33105973052838,-8.040365660619653],[178.33133164904686,-8.040282394644624],[178.3317187204386,-8.040013697258548],[178.33176868786109,-8.039742240133586],[178.3316014317474,-8.03954437984111],[178.33132906754662,-8.039490807806231],[178.33078521645706,-8.039652763897227],[178.32969625563067,-8.039590742227151],[178.32887869659598,-8.039286672773672],[178.327242758849,-8.03842545493428],[178.32669792023995,-8.038283837995245],[178.3264249032691,-8.03802901201613],[178.3261529364057,-8.03809742235104],[178.32643502232432,-8.038674307717486],[178.32645703006892,-8.03921682822],[178.32615941763027,-8.040092770027966],[178.3258889376272,-8.040619380263495],[178.32574211789907,-8.04030431840559],[178.32574387994032,-8.040033016895045],[178.32591026043954,-8.039761184268338],[178.32588525145502,-8.039484440251991],[178.32507126170833,-8.040279476794026],[178.32501435860388,-8.040577961653202],[178.32507261784716,-8.040697253981117],[178.3253454385962,-8.040891228569167],[178.32561738193291,-8.040814955709543],[178.32588992841548,-8.04092440702676],[178.3259796726131,-8.041117439288355],[178.3264355612235,-8.04130931655088],[178.32670784004654,-8.041336273560711],[178.32725173950342,-8.041187770240297],[178.32779630330447,-8.041243645032527],[178.32830316684715,-8.041109934276136]],[[178.3672002699362,-8.063228223226757],[178.36733727940532,-8.06317972044899],[178.36788002482143,-8.062686529689781],[178.36785048595598,-8.062412180239457],[178.3676063599106,-8.062250802652922],[178.36706217238938,-8.062314547235392],[178.3667897179857,-8.062239038246675],[178.36668420262296,-8.062144780202445],[178.3665157112572,-8.061701051386342],[178.36624317882848,-8.061602151695443],[178.36597022950656,-8.061378965439236],[178.36569791118768,-8.06134380486341],[178.3655114204689,-8.061606106963183],[178.36550908903072,-8.0618774060098],[178.3656499372021,-8.062148227964636],[178.36624636488793,-8.062551488087392],[178.3665200427667,-8.0629913908454],[178.3669845905168,-8.06322894278326],[178.3672002699362,-8.063228223226757]]]}},{"type":"Feature","properties":{"year":2012,"certainty":"good"},"geometry":{"type":"MultiLineString","coordinates":[[[178.41447502887348,-7.9976877842166445],[178.41460877517395,-7.9975433822697335]],[[178.41406369245297,-7.997317606775688],[178.41321817011809,-7.998099016690556]],[[178.4137996706196,-7.99836831324695],[178.41447320325264,-7.99768969985759]],[[178.3316859711274,-8.039335565388917],[178.33160051432552,-8.039263103221982],[178.33146448757762,-8.039283925141548]],[[178.3301042017955,-8.039486880386844],[178.3298317366207,-8.039402285670109]],[[178.3296700848394,-8.039342092766363],[178.32901395361714,-8.039029306479197]]]}},{"type":"Feature","properties":{"year":2012,"certainty":"insufficient data"},"geometry":{"type":"MultiLineString","coordinates":[[[178.37701559217803,-7.929991562423097],[178.37741731090247,-7.929447650788656],[178.37747378704142,-7.929176172409687],[178.37738743428216,-7.9289051663680095],[178.37723003545432,-7.928811868427248],[178.37668585885862,-7.928825636517402],[178.37641449693476,-7.9290510289254295],[178.37636314995666,-7.9291798439733725],[178.37641934098505,-7.929450950004842],[178.3766895688567,-7.9299413059365005],[178.37696207932785,-7.930061117032026],[178.37701559217803,-7.929991562423097]],[[178.38352117377744,-7.933496783433865],[178.38411952207662,-7.932680921967913],[178.38356134721667,-7.932140195488635],[178.38273823165437,-7.93105776590531],[178.38131492160588,-7.929777603274743],[178.38104223090028,-7.929603937877979],[178.38022503495102,-7.929345372436886],[178.37831924066074,-7.929040403041611],[178.37804745314443,-7.929137649547042],[178.37768561685095,-7.929446763380851],[178.37760075129614,-7.929718335672051],[178.3776472465266,-7.929989473454016],[178.37859990114615,-7.931607481599982],[178.37914549611227,-7.932018405960964],[178.3792136431578,-7.932154620132891],[178.3791971627093,-7.932697257471155],[178.37942061543635,-7.932920308054927],[178.38023643630535,-7.932764449180584],[178.38159712952532,-7.932802328501215],[178.38241425660152,-7.933038001001041],[178.38269602925908,-7.933228233958312],[178.3829602962173,-7.933580444331653],[178.38323267395054,-7.933659441891171],[178.38352117377744,-7.933496783433865]],[[178.38597165682694,-7.934845085204056],[178.3865013280628,-7.9346418326817485],[178.38656419356224,-7.93457182117721],[178.38654826826215,-7.934300583692183],[178.38602380702892,-7.933759749167889],[178.38540840797899,-7.933308664634813],[178.38513585483125,-7.933177243307285],[178.38489704240936,-7.93322091781449],[178.3847084672765,-7.9343067080807215],[178.38472742389862,-7.93457793575557],[178.38486922495332,-7.934815469132782],[178.3851417747668,-7.934945561454351],[178.38541395329037,-7.934964738737674],[178.38597165682694,-7.934845085204056]],[[178.38717790409845,-7.9353836477131905],[178.3873526496473,-7.935111774814239],[178.3870469331432,-7.935052605530765],[178.38698581121247,-7.935112997437651],[178.38697232438716,-7.9353843328592],[178.3870482199097,-7.935436382813767],[178.38717790409845,-7.9353836477131905]],[[178.39667498590174,-7.9415915408458195],[178.39686467166885,-7.941461261845918],[178.39692394515626,-7.941319415377498],[178.39686280895125,-7.940910031256276],[178.39659067862817,-7.94090607352331],[178.39649017487122,-7.94104958278418],[178.39645612950858,-7.9413209864462955],[178.39655392803786,-7.941591947386881],[178.39667498590174,-7.9415915408458195]],[[178.40673076981102,-7.945626970622578],[178.40694634664465,-7.94538418699448],[178.40724848448946,-7.944811353959985],[178.40706133334263,-7.9445406993369785],[178.40694328815084,-7.9444860100674815],[178.40667144853282,-7.944567832962647],[178.4065523551923,-7.944813709882279],[178.4065167446647,-7.945356406713666],[178.40656808312986,-7.945627521162612],[178.40673076981102,-7.945626970622578]],[[178.4148894719102,-7.94912601310143],[178.41496226527155,-7.948854478037291],[178.41482385184528,-7.948312374983817],[178.41501446956144,-7.948040438740831],[178.4148969483482,-7.947769551714255],[178.4143724615717,-7.94750004989832],[178.41422370655408,-7.947500556147444],[178.41411920810222,-7.947772199032402],[178.41429170714272,-7.94885676101801],[178.41457855725523,-7.949150242719509],[178.4148894719102,-7.94912601310143]],[[178.41676786693603,-7.950204760112046],[178.41704626517063,-7.949932523670727],[178.4173399600021,-7.949388948023725],[178.4173253358008,-7.94911771101138],[178.4170269263846,-7.948942472126523],[178.41668668420124,-7.94911988909163],[178.4163084741716,-7.949663752517895],[178.4162066344053,-7.949935386696085],[178.41623284483282,-7.950206584362061],[178.4164875182646,-7.9503510176079875],[178.41676786693603,-7.950204760112046]],[[178.41971667389575,-7.952364986117953],[178.4204276626805,-7.951006122529212],[178.42038276969396,-7.950734989503321],[178.42029818441614,-7.950634724408969],[178.42002530991385,-7.95041555840371],[178.4197528686661,-7.950322309631563],[178.41941784063602,-7.950467001063599],[178.41913293760567,-7.951281834450904],[178.41910282275805,-7.9515532240082445],[178.41918322095498,-7.952095522635958],[178.4193224690269,-7.952366333449882],[178.4194882395527,-7.952501056834989],[178.41971667389575,-7.952364986117953]],[[178.42330351504557,-7.95398042669451],[178.42360142301547,-7.953708119335753],[178.42367473267586,-7.953436581880167],[178.4234308232558,-7.952894845687397],[178.42317089923662,-7.952624450300014],[178.4222076212744,-7.951967893663695],[178.4219354449913,-7.951951953685238],[178.42174294077543,-7.952086768382149],[178.42127956952373,-7.952902213518074],[178.42123900661693,-7.953173638744588],[178.421396952085,-7.953621667458467],[178.42166991553614,-7.953865785026955],[178.42194242015418,-7.953976642974999],[178.4227593448649,-7.9541381214992555],[178.423031422864,-7.95412515384316],[178.42330351504557,-7.95398042669451]],[[178.4250153383952,-7.956144843292213],[178.42559580988092,-7.955600278560299],[178.42566156690918,-7.955328766879625],[178.42560480815845,-7.955057675892944],[178.42544186694582,-7.954786949434033],[178.42491943521625,-7.954246170736748],[178.42466398681563,-7.954075437006483],[178.4243918593209,-7.954073985954773],[178.42412046580756,-7.954285237700449],[178.42384489752558,-7.954792428967216],[178.42373735777812,-7.9553353699385525],[178.42380267898605,-7.95560643201846],[178.42400167217778,-7.95587703558077],[178.42439925081857,-7.956215228575848],[178.4246716149312,-7.956284793016385],[178.4250153383952,-7.956144843292213]],[[178.42628553503152,-7.95776819590011],[178.42645734104076,-7.957225033946504],[178.42707332065487,-7.956680345218844],[178.42705251895543,-7.956409131027421],[178.42684843722895,-7.956236176925635],[178.42657633648096,-7.956242804060077],[178.42630491927187,-7.956447161633673],[178.42578390221342,-7.957769919416428],[178.42603828178306,-7.958034257253109],[178.42628553503152,-7.95776819590011]],[[178.4294080611626,-7.961555449412413],[178.42996380714163,-7.961010963568655],[178.43036164332707,-7.96073830690294],[178.4304835081131,-7.9604666014945815],[178.43045919736136,-7.960195400041004],[178.4301345326155,-7.959653948574839],[178.4296742553169,-7.959112963920833],[178.42908257441294,-7.958843716487117],[178.42909286847524,-7.958572395593664],[178.4290023441757,-7.958301421847996],[178.42862727067606,-7.957760142115661],[178.42766748838037,-7.957010721900969],[178.42734213026966,-7.956950706670396],[178.42712347182444,-7.957077680068516],[178.42671583545695,-7.957766716985515],[178.42669113792917,-7.958038087610226],[178.42674139659704,-7.958309200562414],[178.42720041862046,-7.958578907972903],[178.4272899038918,-7.958849885877255],[178.4271548372157,-7.959392921711118],[178.42719250675304,-7.959664077808211],[178.42740574769942,-7.960011066897724],[178.42767845577515,-7.9601791769426375],[178.4279505136663,-7.960159467607165],[178.42835003259745,-7.9596600949988465],[178.42859565758258,-7.959116678452155],[178.42876285028703,-7.958992904342442],[178.4289818991254,-7.959115348615459],[178.42867659412235,-7.959658970783652],[178.4287676374607,-7.960374658491557],[178.42902679189874,-7.961014192074285],[178.42892364722925,-7.961557118196926],[178.42904425850182,-7.961671578141162],[178.4294080611626,-7.961555449412413]],[[178.41460877517395,-7.9975433822697335],[178.41501562855257,-7.99714451181156],[178.41563478052672,-7.996327378376707],[178.4166426365015,-7.995433798815489],[178.41725721214922,-7.994694097337131],[178.41799878385106,-7.994100183102009],[178.42016867202778,-7.991986864393013],[178.42103487676138,-7.991425691058161],[178.42124567233145,-7.991153680378503],[178.42175164841117,-7.99006679682957],[178.42233632381172,-7.989234049901152],[178.42277978018427,-7.988435545035633],[178.42391822200992,-7.987346483573093],[178.42461703576717,-7.986258934432439],[178.42531760082602,-7.985679977009471],[178.42546962525162,-7.985442140350069],[178.42556173128946,-7.984899251887645],[178.42573156272474,-7.984627381091627],[178.42621151216647,-7.984354441271348],[178.42647171832058,-7.984082258718786],[178.42708728325837,-7.9832662797309135],[178.42748379329933,-7.982525538441377],[178.42802725669662,-7.982289859499903],[178.4286735676402,-7.981633094262362],[178.42938398441422,-7.981146059779895],[178.43041081568023,-7.980270668138186],[178.43073994574155,-7.9797841561532055],[178.43128228972307,-7.97922846136341],[178.43318148210153,-7.977570604290342],[178.43359833564415,-7.977004224059232],[178.43377612855113,-7.976189754403341],[178.43394054169156,-7.975917900452763],[178.43480717350187,-7.975525634398095],[178.43589294928083,-7.974732815224911],[178.43683074571396,-7.973737608036525],[178.43739477478672,-7.972650514000258],[178.43750456310576,-7.972107564449714],[178.43744779713543,-7.971565192745808],[178.43683811340748,-7.96993960093846],[178.43615458068942,-7.968856832171581],[178.43477506059057,-7.966308793512488],[178.43386765549906,-7.965066762678107],[178.43315825813744,-7.963712790462487],[178.43121871147721,-7.960933537705949],[178.4309464606385,-7.960897641338396],[178.4307639317112,-7.961008205047934],[178.43006244545376,-7.961824479486774],[178.43009582642983,-7.962366934990325],[178.4300421971741,-7.9626384051654355],[178.4297844213672,-7.96291057908968],[178.42986530072187,-7.963015542062455],[178.43041024329935,-7.963213544298],[178.430802362808,-7.963720924556033],[178.43090739999636,-7.964263132528481],[178.43074473495506,-7.965077549287273],[178.43082051828475,-7.965348572976353],[178.43123629887785,-7.96599873167202],[178.43178064207058,-7.966022926082603],[178.43205342958228,-7.966212252029257],[178.43217907449034,-7.966429023004899],[178.43246252060828,-7.967513183636797],[178.43243513851223,-7.968327133100314],[178.4325682240137,-7.969411812865018],[178.43232304706353,-7.971311654766779],[178.43213854793044,-7.972126147292019],[178.43162529535687,-7.973484345987639],[178.4314047068412,-7.974298963248034],[178.43055996463562,-7.9762008771095365],[178.4291625168817,-7.978918554285287],[178.42867313779868,-7.979462813945059],[178.4285633575748,-7.979934750971872],[178.42829182468765,-7.980109343087739],[178.4277495926625,-7.980698925236269],[178.42720828052765,-7.9815540186454195],[178.4262755932132,-7.982455222104868],[178.42585350823734,-7.983264143162638],[178.4248562382983,-7.984359111246363],[178.424586729407,-7.985173896304831],[178.42429572519367,-7.985717469701444],[178.42337980143967,-7.9870770513260725],[178.4226034030069,-7.987770623828095],[178.42233243681434,-7.988111188773302],[178.42197298195885,-7.988980892082418],[178.42162570562965,-7.9895246581006445],[178.42070735139578,-7.990362990461353],[178.41989463556257,-7.991440629575798],[178.41890113979028,-7.992246879642048],[178.41853861995955,-7.992808185725549],[178.4169101106536,-7.9940787171437275],[178.41616916687985,-7.994969114463523],[178.41582655387356,-7.99554101919444],[178.41406369245297,-7.997317606775688]],[[178.41321817011809,-7.998099016690556],[178.4122954136119,-7.999051677103087],[178.4116636059146,-7.999596411182543],[178.4113113913429,-8.000140189025927],[178.41112325933042,-8.000954692927936],[178.4109471383912,-8.00115627057977],[178.40959008307803,-8.00223913845498],[178.40877638204097,-8.003044823393315],[178.40755612672444,-8.004493604919167],[178.40606687185627,-8.0065613393921],[178.40524570330774,-8.007485641768127],[178.40443892232526,-8.008022757788867]],[[178.33969156860184,-7.989255680968893],[178.34028847393523,-7.988982451573617],[178.3405467391748,-7.988710319448272],[178.34065658240416,-7.988438668446672],[178.34056083813223,-7.988167683963022],[178.3404152789398,-7.988093814528117],[178.3401431159538,-7.98809116244517],[178.3392191607462,-7.988443326284967],[178.33882341786102,-7.988715902850482],[178.33866969567998,-7.988987695633037],[178.3386698648208,-7.989258990167772],[178.3387864959088,-7.989365471247345],[178.33933085199962,-7.98937941923508],[178.33969156860184,-7.989255680968893]],[[178.3485436259996,-7.991125962396269],[178.3490479607869,-7.990853022854428],[178.3492432425345,-7.990581091597932],[178.34919578727312,-7.9903099525441625],[178.34871674086799,-7.989497633681491],[178.34845353284823,-7.989227198172941],[178.34749272875382,-7.9885351725077545],[178.3469477534995,-7.988331547157316],[178.34667587571496,-7.988415763033023],[178.34650035425307,-7.988690975025572],[178.34652285991368,-7.989233490219584],[178.34660658290233,-7.989504511780884],[178.34721697437215,-7.990587699916189],[178.34777318901345,-7.991067146287328],[178.34804580004044,-7.991205953110191],[178.34831805194472,-7.9912353073984725],[178.3485436259996,-7.991125962396269]],[[178.4044308591564,-8.00803099184137],[178.4041772529464,-8.008574430496784],[178.40339440806014,-8.009390957898622],[178.4031397162367,-8.009934399951874],[178.40281266474943,-8.009981876049398],[178.40254100587248,-8.010128869741822],[178.40227001225608,-8.010470320488544],[178.40213108412587,-8.010751693882806],[178.4020008291,-8.011340981703748],[178.40227271430626,-8.01125982841655],[178.40258328218792,-8.011021443924681],[178.40335703380904,-8.009995059806288],[178.40417234444453,-8.009652151178697],[178.4044438700753,-8.009466585995458],[178.40471453048207,-8.009028674108773],[178.40535929769277,-8.008299117410862],[178.40634248127563,-8.00756698129296],[178.40766065343246,-8.006392259521089],[178.40894863006972,-8.00503142754669],[178.40988105241732,-8.003671807630942],[178.41040827161152,-8.002739462079653],[178.41100854420404,-8.002040232885841],[178.4117516275484,-8.000681257891923],[178.41239495207594,-7.999865197209058],[178.41311783898723,-7.999257464475664],[178.4137996706196,-7.99836831324695]],[[178.40157038277204,-8.01183875159957],[178.4014579984041,-8.011778114120936],[178.40140291011693,-8.011839320835994],[178.40145880855758,-8.012014938097346],[178.40157038277204,-8.01183875159957]],[[178.40048980573764,-8.013198863368904],[178.40073751253254,-8.012926733817356],[178.40064483045225,-8.012749774170835],[178.40029030047026,-8.01292825302823],[178.40018110786195,-8.0131999119383],[178.40037444294654,-8.013269432889809],[178.40048980573764,-8.013198863368904]],[[178.39902516563063,-8.015916717928425],[178.3992934668756,-8.015517793047557],[178.39943892022893,-8.01510144884701],[178.39929131366273,-8.014887654900713],[178.39898884224274,-8.015374264932781],[178.3989511293832,-8.015645681099013],[178.39902516563063,-8.015916717928425]],[[178.3783535458353,-8.074313739722381],[178.37907848021254,-8.073965518701282],[178.37973941678752,-8.073223911180886],[178.38019421815216,-8.071865930051457],[178.38046721971364,-8.069965982811844],[178.3810592777384,-8.068607538797112],[178.38091713871106,-8.067522860103299],[178.3808451684493,-8.066166655101151],[178.38068184513511,-8.065624626508086],[178.38053308584676,-8.06453996950325],[178.38015642245412,-8.06291350064606],[178.3800390529657,-8.061828737222886],[178.37989916080733,-8.059116311097014],[178.38017747363543,-8.056945056527404],[178.38083816972022,-8.05504380466766],[178.38102553367222,-8.05422930487974],[178.3821052681011,-8.0523266415089],[178.38301941064375,-8.051509692819776],[178.38362700806093,-8.05072566387399],[178.38416987821662,-8.050280222491123],[178.38471180827548,-8.049558331510998],[178.38553782056113,-8.048788304986264],[178.38580715698524,-8.048244817365749],[178.38587953356895,-8.04797328382208],[178.38587157012023,-8.047430732277489],[178.38605582854277,-8.047158821049408],[178.38608549488637,-8.046887431696986],[178.38598140012266,-8.04634520466957],[178.38610358905586,-8.046073503001502],[178.38612749152426,-8.0458021331071],[178.38599225244687,-8.045260011140966],[178.38591129801418,-8.04363254885698],[178.38577473535813,-8.043090431063343],[178.38565921437547,-8.0414630849419],[178.38570728150253,-8.040377765558794],[178.3859120984397,-8.039291917564949],[178.38727195127368,-8.036574437541754],[178.38932796164534,-8.034397182323213],[178.390245742018,-8.033308924778435],[178.3906419777736,-8.032531541698656],[178.3911846567806,-8.032038777205008],[178.3918200091887,-8.031133289986952],[178.39236199757283,-8.030588878440588],[178.39263461158137,-8.030045378321967],[178.3936188802513,-8.028685602517507],[178.39385833134347,-8.027870925770936],[178.39443466288367,-8.027311323960333],[178.39489608742963,-8.026510967198098],[178.39532273795808,-8.025966944190925],[178.3954136870503,-8.02569534745449],[178.39549196218567,-8.024881216832876],[178.39569458378514,-8.024337953120886],[178.39638139261632,-8.022979182504768],[178.39653172207895,-8.022436096007722],[178.39686273643537,-8.021892396683901],[178.39749903295606,-8.020533796696807],[178.39754446950255,-8.02026235428007],[178.39865473313733,-8.01808828063323],[178.39864757885977,-8.017545728596279],[178.39881041604397,-8.01700259952182],[178.398752071318,-8.016377449982155],[178.39862506390523,-8.016731940503638],[178.39848149757154,-8.016843818868782],[178.39841440612167,-8.017003943633425],[178.39784415620022,-8.018904896219714],[178.39676811679237,-8.02107885263409],[178.39596366843466,-8.022438022067943],[178.3958085335579,-8.023252413187263],[178.3955913893666,-8.023795726092267],[178.3938862353522,-8.026114846834234],[178.39313695129235,-8.027330791183038],[178.3925321388704,-8.028103461566666],[178.39144746902267,-8.029287826479683],[178.39012970658496,-8.031681583440369],[178.38922528517472,-8.033041084148454],[178.38802171354013,-8.034401593690669],[178.38770190596438,-8.035216540602507],[178.3860327240296,-8.037772301708626],[178.38564866442977,-8.0392928058866],[178.3851611116203,-8.040650896453403],[178.38517276167892,-8.04254988274938],[178.38509534031755,-8.043364011878516],[178.38530171134883,-8.044448473224529],[178.38515937032594,-8.04526282130419],[178.38481094475387,-8.045806575115739],[178.3846776871209,-8.046620892583942],[178.38371770588986,-8.048251865627103],[178.38310466330913,-8.04906780008664],[178.38267223124214,-8.049883125600271],[178.3816721980133,-8.050971651905103],[178.38151563519568,-8.051243468650433],[178.38150453914812,-8.051786085305459],[178.3804784529888,-8.053688566843944],[178.38033183475653,-8.054231639690592],[178.3797692914182,-8.055589981200132],[178.37924819018235,-8.057490762747555],[178.3790502305027,-8.059119167569797],[178.3787979400729,-8.059662595836578],[178.37848673324595,-8.05999629310147],[178.37649879158062,-8.061569352875013],[178.3755008326529,-8.062447067703008],[178.37495733204725,-8.06271337442151],[178.37359795848906,-8.063195853800899],[178.3731848856186,-8.063479502311665],[178.37278378566594,-8.063916185996796],[178.3725121002571,-8.064069172130345],[178.37196757715608,-8.064033527650064],[178.371696148648,-8.064262875261472],[178.37182125244905,-8.064569232099403],[178.3718305374987,-8.064840491560412],[178.37197088496126,-8.06501472419499],[178.37251466131497,-8.064828566385001],[178.37285901770517,-8.06510833688911],[178.37286617700767,-8.06537960332782],[178.37267834831368,-8.065651523183062],[178.37263725676303,-8.065922951321012],[178.37279113967097,-8.066096176826028],[178.3730632258872,-8.066061642630109],[178.37333455584607,-8.065803064068557],[178.37360654211017,-8.065739009199898],[178.37399585970002,-8.065918396583207],[178.3744732404731,-8.066459375570751],[178.37470238805963,-8.067272477213296],[178.37473587742917,-8.067543655004439],[178.37460987904225,-8.068086658329383],[178.37482064355092,-8.068628531186686],[178.3747958194958,-8.068899904701725],[178.37446648301682,-8.069443590673014],[178.37382878858472,-8.069988311294889],[178.3737570687836,-8.070259842209648],[178.37386421934593,-8.070530772924664],[178.37428372953363,-8.071071945362098],[178.37443153070922,-8.071614029536898],[178.37467811961733,-8.072155781826517],[178.37572818135115,-8.073508704094971],[178.37608346501307,-8.073749121025442],[178.3766285615302,-8.073950358143485],[178.37717404955617,-8.074267020216151],[178.37799102361492,-8.074370530272315],[178.3783535458353,-8.074313739722381]],[[178.31250050662908,-8.022169905559993],[178.31221987868943,-8.02209463067327],[178.31219319467695,-8.022170884873747],[178.3122201982185,-8.022194260782634],[178.31250050662908,-8.022169905559993]],[[178.3120743141866,-8.022985156109014],[178.31189099080132,-8.022714442700607],[178.31167712204015,-8.022594717294709],[178.31145469594932,-8.022715832422868],[178.31154668823282,-8.022986836978292],[178.31167862352825,-8.02306303879138],[178.3120743141866,-8.022985156109014]],[[178.316605863568,-8.031756764918194],[178.31769405839157,-8.031586659836309],[178.31797106709834,-8.031376525787207],[178.31797924896657,-8.031105202815306],[178.31717076204652,-8.02975130803602],[178.3156906344293,-8.027585667564262],[178.3151248348949,-8.02650228755598],[178.31498059194004,-8.025688856994536],[178.31483312077066,-8.025418030900754],[178.314407221993,-8.025177307271326],[178.313863465405,-8.025366240483118],[178.31277660910303,-8.025949303285586],[178.3122335505935,-8.026356428478875],[178.31196171720498,-8.02646532704406],[178.31168958049858,-8.026479716924307],[178.31141701375978,-8.026360026761964],[178.31087123666333,-8.025919728069551],[178.31032490724283,-8.025306679512788],[178.31005226120035,-8.02516188915999],[178.309775627258,-8.025162855812292],[178.30967224856892,-8.025434482415154],[178.30978134879206,-8.025558389289364],[178.31005422162482,-8.025773909695094],[178.31087189603258,-8.02612543212843],[178.31115256029707,-8.026786257879783],[178.31114711705496,-8.027073026087475],[178.31087497753245,-8.02708669841144],[178.31032998614936,-8.026891793709433],[178.3095758751842,-8.026248682136064],[178.308965881873,-8.025896019038234],[178.308693620944,-8.025871603819363],[178.3084218736008,-8.026007713174238],[178.30761157722134,-8.026797522774599],[178.3064109310594,-8.028700421568006],[178.30571702543585,-8.030601710442847],[178.30578665915712,-8.031144085512473],[178.30590229308874,-8.031415016472017]],[[178.30598979260162,-8.0315065520194],[178.30701518409148,-8.032496673567648],[178.30725275645926,-8.03276721642323],[178.30735558321842,-8.033024613360888],[178.30762850396823,-8.033253668250854],[178.30790017400378,-8.033091915239932],[178.3081724024103,-8.033104636194846],[178.308444982518,-8.033227185727487],[178.30980933795337,-8.034293067053506],[178.31062725878562,-8.03471575184151],[178.3114443734405,-8.03488685846324],[178.31253304724305,-8.034861949095214],[178.31307823233982,-8.035113432445412],[178.3133502875665,-8.035071986730655],[178.3135402225254,-8.03491756172436],[178.3137569298823,-8.034374275067874],[178.3138237246159,-8.03356017018024],[178.31404406843765,-8.033016871895285],[178.3140658312277,-8.032745505212977],[178.31361231011286,-8.031910141172014],[178.31267171385088,-8.031122173183658],[178.3125203780052,-8.030917920861032],[178.31236864650648,-8.03085184279718],[178.31279142232924,-8.030562564058153],[178.31333684591118,-8.030890150816173],[178.31360878851595,-8.030814535485137],[178.3138774612836,-8.030575729536366],[178.314151127598,-8.030182548178681],[178.31469481550317,-8.029970440531716]],[[178.31523902012268,-8.029919125482245],[178.31539594021112,-8.0300282831146],[178.31549324257594,-8.030299269044491],[178.3153964975925,-8.03084217245115],[178.31551492233598,-8.031074107542038],[178.31619852467543,-8.031653498040654]],[[178.31458599091084,-8.034642922573811],[178.31470940485755,-8.034505070656039],[178.31539949277212,-8.033012539039062],[178.31532103157204,-8.032198898914864],[178.31520726881934,-8.031927965652821],[178.31497274591885,-8.03175620010309],[178.31470082258625,-8.031837868827246],[178.31465548710418,-8.031929729570907],[178.314588178079,-8.033015133088124],[178.31463654189466,-8.033557572665224],[178.31433580521212,-8.034372425235885],[178.31430972503856,-8.034643805697245],[178.31443805011816,-8.034764015717636],[178.31458599091084,-8.034642922573811]],[[178.3173028208618,-8.036262008609647],[178.31742207962188,-8.035990329706024],[178.3174544602071,-8.035447632430252],[178.31760052060145,-8.034904570890534],[178.31814208993507,-8.034088945021837],[178.3183478104735,-8.033545692177409],[178.31824363390314,-8.03319985869968],[178.3179711966273,-8.03312217422461],[178.3176995194475,-8.033280152091201],[178.31759133081727,-8.033548116532156],[178.31752795712325,-8.034090913114014],[178.31607383146664,-8.035587496783082],[178.31582014649078,-8.035995459822923],[178.31578782732532,-8.0362668601867],[178.31607668147916,-8.03647198345682],[178.31634898749823,-8.03650826787554],[178.31716519567811,-8.036396972508024],[178.3173028208618,-8.036262008609647]],[[178.32017318023026,-8.037337987164316],[178.32106008655015,-8.036249952348413],[178.32133424506122,-8.035706478599424],[178.3213572600261,-8.035435108285899],[178.32122672914537,-8.035164231395886],[178.3205169042228,-8.034623918801792],[178.32015213609787,-8.0341890039799],[178.31987737219532,-8.03339140105202],[178.3196047964848,-8.033270938359157],[178.31933257333486,-8.033259617016123],[178.3190363819793,-8.033543484244131],[178.318676440506,-8.034629825149661],[178.31853342394598,-8.035444173723718],[178.318274227672,-8.036258894863941],[178.3182867878979,-8.036530151249304],[178.31852806126906,-8.036992093305313],[178.3188009856192,-8.037219753376604],[178.31989030185343,-8.03739279262409],[178.32017318023026,-8.037337987164316]],[[178.32472745771642,-8.03678074338647],[178.3246128646668,-8.036509816655611],[178.32451441452133,-8.03643659040169],[178.32438813003702,-8.036510540711907],[178.32440401753294,-8.036781785540636],[178.32451607631984,-8.036948990662237],[178.32472745771642,-8.03678074338647]],[[178.32822040114766,-8.041110201839475],[178.32915569409903,-8.040763352642399],[178.32997181245443,-8.040624256843133],[178.33051536652283,-8.040370642662351],[178.33133151915243,-8.040242565956367],[178.33160307492759,-8.040048144628566],[178.33180236819197,-8.039742130981585],[178.3318453354935,-8.039470696543784],[178.3316859711274,-8.039335565388917]],[[178.33146448757762,-8.039283925141548],[178.3307848426255,-8.039538081631362],[178.3301042017955,-8.039486880386844]],[[178.3298317366207,-8.039402285670109],[178.3296700848394,-8.039342092766363]],[[178.32901395361714,-8.039029306479197],[178.32778756482534,-8.038556953974073],[178.32642433884465,-8.037855254928504],[178.32613509105167,-8.038132683988298],[178.32634576597653,-8.038674595772038],[178.32628073638486,-8.039217397195905],[178.32615695866588,-8.039335799121952],[178.32588483599585,-8.039356513652216],[178.32569566470556,-8.03949058077404],[178.32528153441052,-8.04003450826775],[178.3252000006345,-8.040306067097841],[178.32530615420225,-8.040577020606205],[178.32561675235507,-8.040621091001862],[178.32578905864918,-8.040575462773951],[178.32578148083454,-8.040304191405841],[178.32588683427514,-8.039971796924235],[178.32610885726035,-8.04003183923241],[178.3259168952186,-8.040575050282817],[178.32596879896582,-8.040846178588305],[178.32616275141055,-8.041118927860694],[178.3264354069702,-8.041261850345446],[178.32725173715815,-8.041187048987466],[178.32779620044937,-8.041212027086726],[178.32822040114766,-8.041110201839475]],[[178.36754568788348,-8.062684488513343],[178.3673350053628,-8.062502739901781],[178.367062724823,-8.06247904838483],[178.36679077253197,-8.062553118798132],[178.36670132206496,-8.062687305392865],[178.36679167915955,-8.062823133903393],[178.36706401268785,-8.062862529414783],[178.36754568788348,-8.062684488513343]]]}},{"type":"Feature","properties":{"year":2013,"certainty":"good"},"geometry":{"type":"MultiLineString","coordinates":[[[178.37710422089617,-7.929719977737768],[178.3773036812861,-7.929176734940318],[178.377230668417,-7.929002149320903],[178.37695801323687,-7.928838615770527],[178.37668605433737,-7.928884424873154],[178.37645610253347,-7.929179536802642],[178.3766335744208,-7.929721533656893],[178.37668919746713,-7.92982962907951],[178.37696166200962,-7.929935656080836],[178.37710422089617,-7.929719977737768]],[[178.38353350966202,-7.933496742436129],[178.383937301766,-7.932952818571606],[178.3840028688617,-7.932681309770242],[178.38372032234008,-7.932410958061805],[178.38267978940274,-7.931068356483499],[178.38158771280186,-7.929981315331272],[178.38117866664686,-7.929717872149167]],[[178.3795443648013,-7.9292276994910456],[178.37831942025866,-7.929094349892128],[178.3780476965878,-7.929210787447239],[178.3776323691246,-7.929718231089321],[178.3776635800489,-7.929989419424067],[178.37827279201866,-7.931072569737512],[178.3791067908545,-7.931883682683661],[178.37921304216283,-7.932154622123713],[178.37919080946492,-7.932697278517642],[178.37942057076413,-7.932906906905646],[178.3799643467888,-7.932771623588111],[178.38159711481705,-7.932797923085695],[178.38241425684478,-7.933038073811376],[178.382688356365,-7.933228259442579],[178.38296024336057,-7.933564629855846],[178.383232672414,-7.933658982274227],[178.38353350966202,-7.933496742436129]],[[178.38585460550496,-7.93484547495427],[178.3865011781167,-7.934597090151171],[178.3865132294058,-7.934300700406603],[178.38595403373608,-7.933726455791692],[178.38540848456475,-7.933331538942659],[178.3851360089877,-7.933223295868992],[178.3848644137025,-7.933378045480311],[178.38469021436015,-7.93457805954181],[178.3848626800424,-7.93484877648482],[178.38514175448742,-7.934939504587181],[178.38568590210792,-7.9349153378586355],[178.38585460550496,-7.93484547495427]],[[178.38719308287494,-7.935383597122082],[178.38733070606463,-7.935111847958354],[178.38704694985938,-7.935057591245245],[178.3869923817399,-7.935384266017506],[178.3870481951511,-7.935428998753805],[178.38719308287494,-7.935383597122082]],[[178.39681023291897,-7.941319797306559],[178.3965917149834,-7.941212825029485],[178.3965925513903,-7.941460384770706],[178.39681023291897,-7.941319797306559]],[[178.40672747991093,-7.945626981756398],[178.40694638506227,-7.945395468296162],[178.40723204856198,-7.944811409597813],[178.40694341298058,-7.944522670420831],[178.40667168603773,-7.944637596687679],[178.40650968139732,-7.945085142441179],[178.40647820107202,-7.945356537128725],[178.4065858699507,-7.945627460974204],[178.40672747991093,-7.945626981756398]],[[178.41489802451906,-7.948854696798079],[178.41480115111676,-7.948312452275663],[178.41490117767893,-7.948040824505839],[178.41480173507932,-7.9477698758849735],[178.41430066858226,-7.947465832390189],[178.41409281334066,-7.947772288850912],[178.41430497265654,-7.9487227095603386],[178.41457825600463,-7.949062299917797],[178.41485012712383,-7.948989571767212],[178.41489802451906,-7.948854696798079]],[[178.4166048850014,-7.950205315899993],[178.41697292166015,-7.949932773829633],[178.41712572920827,-7.949660965705022],[178.41720332923697,-7.94911812718277],[178.4170270200966,-7.94896978230207],[178.41671232889047,-7.949119801650979],[178.41631847016916,-7.949663718441581],[178.41622221621083,-7.949935333579726],[178.4163470438759,-7.950206195038584],[178.41648723647677,-7.950268880000546],[178.4166048850014,-7.950205315899993]],[[178.41984420004968,-7.95209326359493],[178.42036464275105,-7.951006338018874],[178.4202862120498,-7.9507353196461725],[178.42002555733697,-7.950487498072355],[178.41975306590606,-7.950379670007856],[178.4194812715338,-7.950474561632063],[178.4193988113038,-7.9510096393764975],[178.4191965857202,-7.9515529036562045],[178.41918480992283,-7.9518242305503195],[178.41948773478117,-7.952354273046306],[178.41975948697242,-7.952246780336641],[178.41984420004968,-7.95209326359493]],[[178.4228212678249,-7.953982079384057],[178.4230308229002,-7.953951159116928],[178.42333050608076,-7.953709048016409],[178.42344704643247,-7.953437362395729],[178.42343475763448,-7.9531661183621],[178.42330413450105,-7.952895279892563],[178.42302612782424,-7.952589410501256],[178.42220788095642,-7.952043266836218],[178.4219356664782,-7.952016253139409],[178.42166435209018,-7.952250587007574],[178.42125976557793,-7.952902281292867],[178.42126619773305,-7.953173545686802],[178.42139678934072,-7.9535744132714195],[178.4216698195337,-7.953837916139397],[178.4228212678249,-7.953982079384057]],[[178.42525082395585,-7.955872748964152],[178.42548560611354,-7.95559579469171],[178.42556327611868,-7.955329104387485],[178.42551630198324,-7.955057979781548],[178.4249371405261,-7.954374102777087],[178.42466437132185,-7.954186817968708],[178.42439231661493,-7.954206476710651],[178.4241211400013,-7.954480601499192],[178.42378314044413,-7.955063926842109],[178.42377396488237,-7.955335244401903],[178.42387869845325,-7.955606171300869],[178.4241260021545,-7.955889380321426],[178.42467099695673,-7.956105830629439],[178.4249429281104,-7.956050052491873],[178.42525082395585,-7.955872748964152]],[[178.4261564360729,-7.957768639517854],[178.4263644625917,-7.95722535312241],[178.42694253925575,-7.9566807948061005],[178.42684887600797,-7.956363049507676],[178.42657676597446,-7.956367015360102],[178.42631431713403,-7.95668295387125],[178.42586724872154,-7.957769633095439],[178.4260379489974,-7.957937998516085],[178.4261564360729,-7.957768639517854]],[[178.42931690132866,-7.961555763497194],[178.4302460281077,-7.960738705469643],[178.43039958657786,-7.960466890820155],[178.43037119863254,-7.960195703407335],[178.4296255435303,-7.959113131737466],[178.42903455843617,-7.958872529900325],[178.4290580341412,-7.958572515545004],[178.42898463299116,-7.958301482830592],[178.42875930976024,-7.9579708189092235],[178.42766754465976,-7.9570269842191115],[178.42739524399795,-7.956975953102721],[178.42712383890344,-7.957183788960399],[178.42683509833861,-7.957766307007801],[178.42677969500295,-7.958037783185141],[178.4268752524651,-7.958308740378745],[178.42738433481856,-7.958578275451141],[178.42741687685535,-7.95884944916063],[178.4272578400892,-7.959663853095545],[178.4273844410034,-7.959934703251524],[178.4276782651512,-7.960124117241827],[178.42795027500972,-7.960090547098951],[178.4284913926855,-7.959185667826114],[178.42876284397207,-7.9589910814439495],[178.42898201268048,-7.959115348224436],[178.42879150496367,-7.959658575132412],[178.42878170378737,-7.959929894347103],[178.42879371659023,-7.960201138444892],[178.42909546782315,-7.961013955521805],[178.42897421692362,-7.961556944013006],[178.4290440997709,-7.961625782968308],[178.42931690132866,-7.961555763497194]],[[178.4040912689869,-8.009659873826676],[178.40444390039846,-8.009475433919606],[178.40471458470012,-8.009044492088384],[178.4053570800499,-8.00829912496617],[178.40688523509277,-8.00711068714333],[178.40891072276216,-8.005031556970332],[178.41031794921398,-8.002856453889207],[178.41096232133188,-8.002040390873454],[178.41174425068672,-8.00068128311515],[178.4123487160345,-7.999865355355168],[178.41311746416685,-7.999148626656371],[178.4142018068602,-7.9979091288219655],[178.41501567082213,-7.9971567724754165],[178.4156482424949,-7.996327332244522],[178.41656668287428,-7.99551032460595],[178.41724427383272,-7.9946941417164386],[178.4201685407813,-7.9919489084276565],[178.42104925388438,-7.991425641631357],[178.4212298583838,-7.991153734750621],[178.42169851602023,-7.990066979549848],[178.42233644210933,-7.989268220712254],[178.42276401702907,-7.988435599273674],[178.42390560490222,-7.987346527015213],[178.4245525122566,-7.986259156669692],[178.42477014529445,-7.985987121437334],[178.4254125519121,-7.985442337025438],[178.42550127313075,-7.98489946022657],[178.42558657543006,-7.984766310953728],[178.42568814647748,-7.984627530717863],[178.4261704328821,-7.9843545828867395],[178.42644348298285,-7.984082356071347],[178.42694245656025,-7.98337421835029],[178.42719569937964,-7.9827233350532785],[178.42740828336716,-7.982451316428262],[178.42775460931972,-7.982143945938973],[178.4282978586321,-7.981846824894448],[178.4303303337106,-7.980270946263981],[178.43128210664662,-7.979175842490548],[178.43232404475987,-7.978365058127295],[178.43318155107752,-7.9775904068035555],[178.43362907141113,-7.977004117645523],[178.4338261065638,-7.9761895813634975],[178.43398748461073,-7.975917737908305],[178.43480722151264,-7.9755394059094415],[178.4358928651915,-7.974708710635919],[178.43680320805774,-7.973737703552716],[178.43714684658622,-7.973193942807555],[178.4374175516271,-7.972650434975354],[178.43750924128963,-7.971836263901475],[178.43730655233475,-7.971023114026503],[178.43708022286256,-7.970481330248122],[178.43574902155788,-7.9680443835076495],[178.43463202730155,-7.966149257847915],[178.4341986236534,-7.965608187688826],[178.4331332753409,-7.9637183510740455],[178.43245860605373,-7.962630067497871],[178.4312189705051,-7.961008162226341],[178.43094664080894,-7.960949557646527],[178.4306750927316,-7.9611162041496755],[178.4302608624357,-7.961552510175683],[178.430084413974,-7.961824403755632],[178.43007457443758,-7.962367008256877],[178.42986498513554,-7.962910301377077],[178.4304102248171,-7.963208218174575],[178.4307967112183,-7.96372094405294],[178.43092349519375,-7.964263076994957],[178.43072158950528,-7.965077629144184],[178.43078925066243,-7.965348680865537],[178.43102035904462,-7.9656191685096776],[178.431236428298,-7.966035992521042],[178.43178077039497,-7.966059857278228],[178.43214498682468,-7.966429140751824],[178.43242821876788,-7.967513302162687],[178.43253698459944,-7.969411920842202],[178.4322999544682,-7.971311734590053],[178.43195933178862,-7.972669336627419],[178.43138501732628,-7.97429903128926],[178.42977203340382,-7.977831309120581],[178.4291607507368,-7.97891856038248],[178.42870901487106,-7.979462690120611],[178.4286819967416,-7.979734068605788],[178.42856346244145,-7.9799649457160005],[178.4282917365782,-7.980083968954712],[178.42720811565107,-7.981506509400177],[178.42648006110755,-7.982183231845895],[178.42625944495012,-7.982455277763959],[178.42602438480074,-7.982998658888951],[178.42562122748683,-7.983542619212254],[178.42485422407748,-7.9843591181836215],[178.42439339916947,-7.985445847711739],[178.42373612612397,-7.986533253382279],[178.42333425734557,-7.987077208073218],[178.4223322519264,-7.988057774973953],[178.42190752714944,-7.988981117183322],[178.42135109416355,-7.989796888207504],[178.42071663251355,-7.990341640994682],[178.41986432615394,-7.991429713591472],[178.41889680635933,-7.99224689451887],[178.4185385679143,-7.992793118731731],[178.4177718325406,-7.993335900320836],[178.41685138360248,-7.994152916363068],[178.41615044866774,-7.9949691786209645],[178.41578741857793,-7.995512995775479],[178.4141991694975,-7.997143733258927],[178.41175775686406,-7.999457064178894],[178.41132354512303,-8.000140147484705],[178.41102765585038,-8.00095501967386],[178.40945635126127,-8.002316822518727],[178.408776243015,-8.003004349104346],[178.40773195655234,-8.004221717877643],[178.40622136048827,-8.006397167449018],[178.40556114206828,-8.007213279653252],[178.40452816916755,-8.008030660533235],[178.4039787134473,-8.008846393985543],[178.40339012829844,-8.009390972460908],[178.40337098969843,-8.009662325315992],[178.40362847319926,-8.00978412394024],[178.4040912689869,-8.009659873826676]],[[178.33963158370133,-7.989255875323887],[178.3401462613997,-7.989055568038345],[178.34041772216855,-7.98884277571227],[178.34069803638704,-7.988438534044572],[178.34068761465872,-7.988149416641852],[178.34041485249944,-7.987963083654038],[178.33964409842125,-7.98817065484393],[178.33880385942658,-7.988715966176796],[178.33866806527772,-7.9889877009115615],[178.33870385615955,-7.989258880113733],[178.33878639193324,-7.9893335627327025],[178.33905865896213,-7.989367842288948],[178.33963158370133,-7.989255875323887]],[[178.34864207129618,-7.991125641226602],[178.34913302003665,-7.990779085349699],[178.34928389826067,-7.990580958904791],[178.3492656421047,-7.990309724563367],[178.3489592959319,-7.989768136348633],[178.34853765875133,-7.989226923802401],[178.34803783536685,-7.988778702120623],[178.34735605862284,-7.98835426555247]],[[178.34654969418156,-7.988555167231615],[178.34654036160393,-7.988587508310631]],[[178.34650484743906,-7.988826607516664],[178.34661539197126,-7.989504483089941],[178.3472274657674,-7.99063656608911],[178.34777325996552,-7.991088770410803],[178.34804582464992,-7.991213451720932],[178.3483181062715,-7.991251857580925],[178.34864207129618,-7.991125641226602]],[[178.40121595025505,-8.012111244174994],[178.4014589282742,-8.012049933042036],[178.40255414102205,-8.011021543041615],[178.4030717302806,-8.010205919010055],[178.4028126387377,-8.00997427780031],[178.40254099505484,-8.010125709265115],[178.4022699547328,-8.010453511964727],[178.40144890012053,-8.011567876600093],[178.4011871084278,-8.012150414840074],[178.40121595025505,-8.012111244174994]],[[178.40078132431805,-8.012870206019267],[178.4008390579692,-8.012790744803985]],[[178.37878770341536,-8.074040987484473],[178.37943782649484,-8.073496217387815],[178.37980320147994,-8.072952406577684],[178.380051430244,-8.072408990576072],[178.38032471438402,-8.071051621436716],[178.38035854075343,-8.069966349221964],[178.38081622853454,-8.068879647924266],[178.38094750960693,-8.068336626221381],[178.38081606937402,-8.066166753193151],[178.3800478731444,-8.061828707522873],[178.3799193076657,-8.059387533014323],[178.3801174608351,-8.05721654823718],[178.38046493988492,-8.055858930108426],[178.3811875603276,-8.053757910613337],[178.38216943061397,-8.052055135808052],[178.38294875036564,-8.051380244935753]],[[178.38295627347838,-8.051374260863554],[178.38322011947045,-8.051137794053894]],[[178.38325489798115,-8.051101964891197],[178.38430533711485,-8.050092743897672]],[[178.38437221895074,-8.050013039783432],[178.38457634520972,-8.049744481196411]],[[178.3845786492548,-8.049741054105986],[178.38489882697885,-8.04933303993842],[178.38551846306922,-8.048788370324504],[178.38573549000853,-8.04824505929318],[178.38572937688537,-8.047431212244463],[178.38595164307017,-8.046887883549308],[178.38593256217732,-8.046345369516875],[178.38604045447585,-8.04580242689905],[178.38590747446582,-8.043632561758283],[178.38576740417147,-8.042819166511444],[178.38566420282922,-8.041463068117432],[178.3857095690886,-8.040649047165415],[178.3859211253318,-8.039291887122515],[178.38652291930194,-8.037933410903],[178.38727509236705,-8.036574426941794],[178.38878473515507,-8.034941595477642],[178.38928712002183,-8.034306161227331],[178.39026308463357,-8.033308866151302],[178.39064209803868,-8.032566878800598],[178.3913286445792,-8.03194881862197],[178.39183318830464,-8.031133245395983],[178.3923753965852,-8.03058883309094],[178.39261104202637,-8.030045458103656],[178.3935774568868,-8.028414454213413],[178.3937871868295,-8.027871166735382],[178.39470454687995,-8.026639818311827],[178.39511142873556,-8.026235593971155]],[[178.39533702311965,-8.025831251550498],[178.3953818079949,-8.025709708932704]],[[178.39544035070608,-8.025017035998172],[178.3956497968142,-8.024483466825616]],[[178.39565482580525,-8.024473732108598],[178.39592149981183,-8.023794607019177],[178.39638704943744,-8.02297916332144],[178.3965275949854,-8.022436110003998],[178.39686545380277,-8.021812936745302],[178.39702402251507,-8.02134927299351],[178.39789497480567,-8.019582944356895]],[[178.3973139226544,-8.019856204009992],[178.39673168793692,-8.021078976174975],[178.3959246437141,-8.022438154357607],[178.39559880638606,-8.023795700951506],[178.3950755955654,-8.024611339546816],[178.39469888308693,-8.024979077562994],[178.3928030891455,-8.02774389924184],[178.39144729408426,-8.029236433331944],[178.39042411067274,-8.031138010558923],[178.3892299630824,-8.033041068346868],[178.38801355287495,-8.034401621237242],[178.38765698689792,-8.035173282343951],[178.3865023486316,-8.036848323206257],[178.3858993925047,-8.037935513795912],[178.38576252820835,-8.038357657105745],[178.3856472914198,-8.039292810516065],[178.38549442120015,-8.039558718024537],[178.3851476567309,-8.040650941811382],[178.38518216175535,-8.041193404239136],[178.38501907312823,-8.043364269050354],[178.38521783282897,-8.04417746681166],[178.38511517372595,-8.045262970377335],[178.38484994196097,-8.045806443600416],[178.3847378840133,-8.046349400217466],[178.38416017955794,-8.047423033057276],[178.3826442508739,-8.049883219860469],[178.38195333665107,-8.05069941565205],[178.3816370959885,-8.050971770086415],[178.38148311976528,-8.051243578114502],[178.3815194048728,-8.051786035255859],[178.38044125975958,-8.053688691998676],[178.38023353341356,-8.054503260207241],[178.37975367862495,-8.055590033722456],[178.37965117273237,-8.056132958144032],[178.37914672755088,-8.057762393846408],[178.37891002177642,-8.059390929013572],[178.37875776267964,-8.059651151718237],[178.3784864503818,-8.05991273577387],[178.37631469927402,-8.06163858949872],[178.3755006329898,-8.062387977972515],[178.37359770791738,-8.063121601967845],[178.37251193747187,-8.064020901238376],[178.37165970933572,-8.064027191816859],[178.37161872441226,-8.06429861960061],[178.37177539189335,-8.06484067620902],[178.37197092806232,-8.065027508478828],[178.3725148527795,-8.064885335686473],[178.3727753484533,-8.065108617262084],[178.37277059075396,-8.065379923645047],[178.37264814276847,-8.065651624396152],[178.37262031304437,-8.065923008096654],[178.37279120258552,-8.066114824327805],[178.37306325619988,-8.066070625397533],[178.3733346072206,-8.065818285714606],[178.37360661122213,-8.065759482334334],[178.37396809074036,-8.065918489724185],[178.37445839156788,-8.066459425396854],[178.37472551744176,-8.067543689779047],[178.37466945438032,-8.06808645835738],[178.37481925767065,-8.068628535839476],[178.37479704966427,-8.068899900571635],[178.3744356472999,-8.0694382382694],[178.37389259553007,-8.069840222984636],[178.37378309947542,-8.069988464598154],[178.3737457297,-8.070259880256053],[178.3742750572165,-8.071071974474654],[178.374548358902,-8.071884927428862],[178.3750524862035,-8.072697104596648],[178.37553262138357,-8.073238071383196],[178.37581024218122,-8.073449139942925],[178.37717364670715,-8.074148119319759],[178.3779907147621,-8.074279427776657],[178.3785347579687,-8.074169714724956],[178.37878770341536,-8.074040987484473]],[[178.3125353046747,-8.02216979465429],[178.31221962611232,-8.022015875482227],[178.31217941737472,-8.02217092877263],[178.31249259762387,-8.022262668561508],[178.3125353046747,-8.02216979465429]],[[178.31208676256676,-8.022985116443785],[178.31188192020005,-8.022714471597741],[178.31167713135682,-8.02259762329598],[178.31143173923218,-8.022715905533692],[178.31153793314496,-8.022986864863867],[178.31167866633834,-8.023076391051463],[178.31195083513182,-8.023072707068803],[178.31208676256676,-8.022985116443785]],[[178.31523903603306,-8.02992407013727],[178.31540733162714,-8.03002824669425],[178.3154732952478,-8.030299332825646],[178.31536022052066,-8.030842288444687],[178.3154949629638,-8.031113154620924],[178.31586803899015,-8.031383258400703],[178.31605302438092,-8.031653963578455],[178.316061584628,-8.031785608317326],[178.31627419397395,-8.031924552841714],[178.31660604568103,-8.031813290226832],[178.31769451973372,-8.031729737892638],[178.31796594437867,-8.03149374404249],[178.31805749558603,-8.031104952116609],[178.31591513229822,-8.027856246817677],[178.31545150503598,-8.027043837829689],[178.31506462452253,-8.02623118280677],[178.31495266488727,-8.025513058377978],[178.31467941026065,-8.025179344479582],[178.31440689896706,-8.02507679234854],[178.31413492716658,-8.025142113868846],[178.31223343391517,-8.026320067468431],[178.31196168709806,-8.026455942890035],[178.3116896043257,-8.026487145225401],[178.31126105090405,-8.02624331721339],[178.31055082432792,-8.025431686313857],[178.310324758303,-8.025260190882342],[178.3100521076098,-8.025113938023344],[178.3097799311339,-8.025115714290175],[178.309714960405,-8.025163048826576],[178.30967308978052,-8.025434479738864],[178.31005422189614,-8.025773994392106],[178.31059925137382,-8.025981301189233],[178.31087203455917,-8.026168647707042],[178.31112963014158,-8.026786330925246],[178.31087486184788,-8.027050613035815],[178.31060245530787,-8.026980984224299],[178.31021135414952,-8.026789255101788],[178.3095758751842,-8.026248682136064],[178.30913897870343,-8.025978774162937],[178.3086936319384,-8.025875039517894],[178.3084217940411,-8.025982846288914],[178.30760767621828,-8.02674311111505],[178.30636766494956,-8.028700558927131],[178.30578633466982,-8.030330192413729],[178.3057139057152,-8.030737369370016]],[[178.30628858466972,-8.031820736934176],[178.3070819432482,-8.0325706277337],[178.30844498598955,-8.033228269774588],[178.3098093306489,-8.034290788800424],[178.31062725034627,-8.034713121406911],[178.3114443589085,-8.034882331942669],[178.31280496490027,-8.034777712151968],[178.31307805384827,-8.035057905431406],[178.31335029002582,-8.035072751650636],[178.31350958693662,-8.034917659589865],[178.31374332924955,-8.034374318519742],[178.31385206901504,-8.033560079627252],[178.31408203434333,-8.032745453444043],[178.31361224638184,-8.031890315149047],[178.31333902522198,-8.03156830940131],[178.31276328159896,-8.03112188098441],[178.3126325550346,-8.030851000812955],[178.3127916798299,-8.030642732890012],[178.31333693818988,-8.030918867331334],[178.31360896791634,-8.03087035256954],[178.31388049303558,-8.030664897980957]],[[178.31393834440254,-8.0305755350906],[178.3141513904696,-8.030264308372425],[178.31469512489718,-8.030066633144147]],[[178.31470520027418,-8.034642541446686],[178.31562645430955,-8.032740516094465],[178.3152195280675,-8.031927926454449],[178.3149726730565,-8.031733556452826],[178.31470072077477,-8.031806222329815],[178.31465014771607,-8.031929746636077],[178.3144659452936,-8.033015523769215],[178.3146182733061,-8.033557631063678],[178.3143545576224,-8.034101068196073],[178.31430549263544,-8.034372522121817],[178.31432677258093,-8.034643751207708],[178.31443821721146,-8.034815944993397],[178.31470520027418,-8.034642541446686]],[[178.31724312749802,-8.036262199875805],[178.31740128429334,-8.035990396342081],[178.31764009132766,-8.035175740833575],[178.31835946733952,-8.033816951495846],[178.3184071422779,-8.033545501972888],[178.3182432532268,-8.033081869161965],[178.3179709229932,-8.033037343929204],[178.3176992607846,-8.03319994815274],[178.31756604791047,-8.033548197534412],[178.3174775833981,-8.034091074504426],[178.31646249287127,-8.035179512898345],[178.3158328921046,-8.03599541903032],[178.3157952140628,-8.03626683654514],[178.31607649457374,-8.036413981401784],[178.3163487399011,-8.036431447620156],[178.31716499280955,-8.036334068062937],[178.31724312749802,-8.036262199875805]],[[178.31960436639386,-8.033137771506137],[178.31933226935394,-8.033165477644888],[178.31906092567058,-8.033426555083434],[178.3184675277826,-8.034630495064098],[178.3183592499467,-8.03490213890734],[178.31837593363448,-8.035715975409921],[178.31828063432374,-8.036258874320458],[178.3184197424068,-8.036801021524058],[178.3188009092358,-8.037196100709824],[178.31989013487123,-8.037341129115564],[178.32016215594703,-8.037289107788512],[178.32043344634886,-8.037011135559258],[178.32114726088537,-8.035978375854537],[178.3212866947237,-8.035706631414444],[178.32131466105488,-8.035435245186594],[178.32121088001634,-8.035164282324182],[178.32053593985825,-8.034623857670303],[178.32005546887632,-8.034082807397052],[178.31988070982155,-8.033269478768256]],[[178.3246931986411,-8.036780853784423],[178.3246654242073,-8.036509647300091],[178.32451411818607,-8.036345214612497],[178.32435967828374,-8.036510632369803],[178.32441755083502,-8.036781741940185],[178.32451582069487,-8.036870173250838],[178.3246931986411,-8.036780853784423]],[[178.32831903644436,-8.041109882971305],[178.32969934597978,-8.040539504142773],[178.33133130354346,-8.040176454737436],[178.331615836551,-8.040014030668392],[178.3318128802121,-8.03974209691342],[178.33187335242962,-8.039461988122182],[178.33160027967728,-8.039191159711969],[178.33078471767513,-8.039499749575203],[178.33051258567966,-8.039517412427953],[178.3299678697857,-8.039414066647714],[178.3264242859406,-8.037838968314386],[178.32615214534843,-8.037853847796766],[178.32614679994282,-8.038132646210101],[178.32655330181947,-8.038945221724195],[178.32661804480145,-8.039216308489811],[178.32644357453276,-8.03975946316931],[178.32590241750444,-8.040575097000152],[178.32592907568718,-8.040846306777166],[178.32616276948195,-8.041124489986743],[178.32643537685445,-8.041252583218425],[178.32779628069866,-8.041236695950534],[178.32831903644436,-8.041109882971305]],[[178.32564426630086,-8.040575929928387],[178.32561656752998,-8.04056417724873],[178.32560693163668,-8.040576050375744],[178.32561661234107,-8.040577976104272],[178.32564426630086,-8.040575929928387]],[[178.3672944775907,-8.06268532675501],[178.36706309322227,-8.062588746708625],[178.36676184307143,-8.062687103547272],[178.36706375793327,-8.062786673920664],[178.3672944775907,-8.06268532675501]]]}},{"type":"Feature","properties":{"year":2013,"certainty":"unstable data"},"geometry":{"type":"MultiLineString","coordinates":[[[178.38117866664686,-7.929717872149167],[178.38076981204222,-7.929511716346148],[178.3795443648013,-7.9292276994910456]],[[178.34735605862284,-7.98835426555247],[178.34694743380186,-7.988234018298651],[178.3466755072022,-7.988303320734491],[178.34654969418156,-7.988555167231615]],[[178.34654036160393,-7.988587508310631],[178.34650484743906,-7.988826607516664]],[[178.40044013755477,-8.01319903209489],[178.40078132431805,-8.012870206019267]],[[178.4008390579692,-8.012790744803985],[178.40093663515594,-8.012654769260212],[178.4009162584154,-8.012534537181075],[178.40029633782976,-8.012928232522128],[178.4002180512906,-8.013199786462899],[178.40044013755477,-8.01319903209489]],[[178.3999082995462,-8.014014702625259],[178.40009863844602,-8.01374276813307],[178.39983153138542,-8.01368416350131],[178.39978516022074,-8.014015120794102],[178.39983339533524,-8.01422952413093],[178.3999082995462,-8.014014702625259]],[[178.39957268510489,-8.014558418455442],[178.39956230478967,-8.014543982173555],[178.3995629651913,-8.014737225234839],[178.39957268510489,-8.014558418455442]],[[178.39912704606957,-8.015645083930076],[178.3992934746429,-8.015520066049813],[178.39943781696314,-8.015101452592992],[178.39929131366273,-8.014887654900713],[178.3990208739401,-8.015392852801062],[178.39902250938957,-8.015871534059519],[178.39912704606957,-8.015645083930076]],[[178.38294875036564,-8.051380244935753],[178.38295627347838,-8.051374260863554]],[[178.38322011947045,-8.051137794053894],[178.38325489798115,-8.051101964891197]],[[178.38430533711485,-8.050092743897672],[178.38437221895074,-8.050013039783432]],[[178.38457634520972,-8.049744481196411],[178.3845786492548,-8.049741054105986]],[[178.39511142873556,-8.026235593971155],[178.39533702311965,-8.025831251550498]],[[178.3953818079949,-8.025709708932704],[178.39544035070608,-8.025017035998172]],[[178.3956497968142,-8.024483466825616],[178.39565482580525,-8.024473732108598]],[[178.39789497480567,-8.019582944356895],[178.39858732552463,-8.018088509455403],[178.39864439212369,-8.017545739413467],[178.39880058525134,-8.01700263289347],[178.39875213655412,-8.016396545859726],[178.39863241003778,-8.016731915570393],[178.39848147480717,-8.016837154386781],[178.39821104316457,-8.017345292650743],[178.39782111368146,-8.018904974403592],[178.3973139226544,-8.019856204009992]],[[178.3057139057152,-8.030737369370016],[178.30577997752707,-8.031144106721419],[178.30628858466972,-8.031820736934176]]]}},{"type":"Feature","properties":{"year":2014,"certainty":"good"},"geometry":{"type":"MultiLineString","coordinates":[[[178.37710610946752,-7.929719971493232],[178.37724942068817,-7.929448205988803],[178.37723084323284,-7.929054701528316],[178.3769579611453,-7.92882295278833],[178.37668591282562,-7.928841866618185],[178.37657070801183,-7.928907866344963],[178.37642079832102,-7.929179653471249],[178.3766268726226,-7.929721555808662],[178.37668925281858,-7.929846273360197],[178.3769615566641,-7.929903985087604],[178.37710610946752,-7.929719971493232]],[[178.383527785968,-7.933496761458605],[178.3839384795856,-7.932952814656279],[178.38400404086133,-7.932681305874206],[178.3835175403326,-7.932140341055795],[178.38293828657586,-7.931328392537178],[178.38158581599885,-7.929976426448455],[178.38076976227265,-7.92949679414862],[178.37940814309528,-7.929177842986303],[178.3783194109194,-7.92909154461092],[178.37804766993995,-7.929202781636945],[178.3777937178199,-7.929446405793746],[178.37762049192693,-7.929718270375976],[178.37777357004936,-7.930260347128022],[178.37832621078783,-7.931133781798596],[178.3791055762602,-7.931883686706612],[178.37921653030023,-7.932154610569108],[178.37920034984535,-7.932697246913047],[178.37942055696513,-7.932902767364502],[178.3802364085726,-7.932756134436956],[178.38159712061892,-7.932799660863058],[178.38241427793199,-7.93304438592128],[178.38267754708997,-7.933228295343588],[178.38296024099498,-7.933563922083302],[178.38323272432754,-7.933674511294112],[178.383527785968,-7.933496761458605]],[[178.38581304471157,-7.934845613332906],[178.38650347901648,-7.934572023424526],[178.38649595745434,-7.93430075793838],[178.38568123178683,-7.933520863157628],[178.38513603592295,-7.933231342467377],[178.38486445961038,-7.933391762328733],[178.3846892882283,-7.9345780626227596],[178.38486932074102,-7.934844084218174],[178.38514171922785,-7.9349289735500035],[178.3854138746384,-7.934941252283465],[178.38581304471157,-7.934845613332906]],[[178.38714684721498,-7.935383751224567],[178.38734735436577,-7.935111792465005],[178.38704673820862,-7.934994464741426],[178.3869674341375,-7.9351130586774845],[178.3870168951588,-7.935384184324529],[178.38714684721498,-7.935383751224567]],[[178.3968458697214,-7.941319677615387],[178.39659148086088,-7.941143528011191],[178.39651918380954,-7.941320774721242],[178.39659282021898,-7.941539951003682],[178.3968458697214,-7.941319677615387]],[[178.40681089420528,-7.945562429675817],[178.40687870875794,-7.945490825871284]],[[178.41488873658065,-7.948854728425726],[178.41478771644043,-7.948312498017704],[178.4148629112862,-7.94804095479801],[178.4147798792441,-7.947769950294022],[178.41457317279531,-7.947578228711434],[178.41430062610945,-7.9474534284354705],[178.4142048539435,-7.94750062030361],[178.414080432828,-7.947772330979882],[178.41430498513492,-7.948726353202955],[178.4145782656194,-7.949065106730091],[178.41485008417888,-7.9489770372462685],[178.41488873658065,-7.948854728425726]],[[178.41662067777938,-7.950205262047522],[178.4169775810156,-7.949932757937964],[178.41712522752323,-7.949660967416246],[178.4172148348296,-7.949389374850988],[178.41720049822854,-7.949118136839076],[178.4170270882944,-7.948989656899846],[178.41672250800997,-7.9491197669428155],[178.41630053472863,-7.949663779583252],[178.41621390206254,-7.949915079818436],[178.41635271405755,-7.950206175707174],[178.41648721327883,-7.9502621180444],[178.41662067777938,-7.950205262047522]],[[178.41984619146788,-7.9520932567872284],[178.42037924916332,-7.951006288074716],[178.42029847710072,-7.950719805291932],[178.4200255092714,-7.950473522790343],[178.41975315472175,-7.950405498813711],[178.4196102983487,-7.950466343428118],[178.41949027824984,-7.950738040190077],[178.41918971213988,-7.9515529271413055],[178.41916751857127,-7.951824289631287],[178.41927473910977,-7.952095209915316],[178.41948777113944,-7.952364845853963],[178.4197595298584,-7.952259249144883],[178.41984619146788,-7.9520932567872284]],[[178.42282973757312,-7.953982050362565],[178.4230307760687,-7.9539375774150525],[178.42329703110897,-7.953709162753556],[178.42342258759598,-7.953437446233957],[178.4234202981748,-7.953166167923292],[178.4233009937543,-7.952895290656472],[178.42302613437408,-7.952591310376996],[178.42248054244715,-7.952199998299801],[178.42220788222787,-7.952043635882697],[178.4219356707891,-7.952017504632771],[178.4216642649655,-7.952225289999471],[178.42124937444024,-7.952902316853949],[178.42139684275006,-7.953589921160492],[178.42166983371268,-7.953842032217975],[178.42282973757312,-7.953982050362565]],[[178.42527002234445,-7.955872683053218],[178.4254876052541,-7.955600650103894],[178.42556531681117,-7.955329097380455],[178.42552077513133,-7.955057964423317],[178.42534666536443,-7.95478727626253],[178.4249371775339,-7.95438482052784],[178.42466440799214,-7.954197440259219],[178.42439232385365,-7.954208573953586],[178.42412119755326,-7.954497278339465],[178.4237721800475,-7.955063964427902],[178.4237669847828,-7.955335268338993],[178.42387591046028,-7.955606180862863],[178.42413319783665,-7.9558765844114525],[178.42467093470069,-7.9560878013534975],[178.42494290715652,-7.956043985393393],[178.42527002234445,-7.955872683053218]],[[178.4261441777126,-7.957768681638694],[178.42637924740592,-7.957225302315929],[178.42694087751218,-7.956680800518413],[178.42684885990897,-7.956358394528306],[178.42657678191665,-7.956371625873174],[178.42630590677746,-7.95673279628625],[178.42588628640272,-7.957769567692781],[178.42603787926734,-7.9579178288437316],[178.4261441777126,-7.957768681638694]],[[178.42931865083256,-7.96155575746959],[178.43025369355817,-7.960738679045111],[178.4303859109751,-7.960466937966172],[178.4303585966517,-7.9601957468498075],[178.42957950506954,-7.959073446118815],[178.42930694658426,-7.9589484275665905],[178.4290351097616,-7.959031647461025],[178.42897221789121,-7.958301525577422],[178.42875930237975,-7.957968688155128],[178.42766759010806,-7.957040116784027],[178.42739531724337,-7.956997121978973],[178.4271073911879,-7.957222799473696],[178.4268146412757,-7.957766377333371],[178.42677184389984,-7.958037810174965],[178.42685541194348,-7.958252662526102],[178.42741114928455,-7.9585781832244304],[178.4272883557194,-7.959663748134138],[178.42740535493672,-7.959897597038445],[178.4276781828393,-7.960100342195766],[178.42795025486907,-7.960084730749914],[178.42849141483399,-7.9591920623272605],[178.4287628145566,-7.958982590288031],[178.4290079319844,-7.95911525897092],[178.4287951733006,-7.95965856250138],[178.4288006642423,-7.960201114520684],[178.42909636619257,-7.961013952427318],[178.4289908718828,-7.961285601221713],[178.4289774992157,-7.9615569327071585],[178.42904409398463,-7.961624113575484],[178.42931865083256,-7.96155575746959]],[[178.40409700435765,-8.009659854301148],[178.40444397425438,-8.009496984125418],[178.40471460590794,-8.00905067941178],[178.40535484923578,-8.008299132566336],[178.4070734203293,-8.00693683727518],[178.40891853383954,-8.00503153030193],[178.4101314010519,-8.00312837827613],[178.4109586458862,-8.002040403435732],[178.41174151790509,-8.00068129245914],[178.41233602665136,-7.999865398757125],[178.4131174134204,-7.999133891121075],[178.41440196286865,-7.997688034431684],[178.41501567109532,-7.997156851718515],[178.41565635909106,-7.996327304429928],[178.41656976504237,-7.995510314037944],[178.41723555216512,-7.99469417163212],[178.42016864085224,-7.991977848560908],[178.42110337298612,-7.99142545557198],[178.42169435829732,-7.9900669938478135],[178.42236752718446,-7.989250820850132],[178.42287728407626,-7.988271988990677],[178.42393126165607,-7.98734643867572],[178.42419654872614,-7.986802953853211],[178.4245711175228,-7.986259092588919],[178.42541764806165,-7.985442319464376],[178.42551715358707,-7.984899405503346],[178.42573413743236,-7.984627372218228],[178.426180484108,-7.98435454823685],[178.42667166382975,-7.98376294185366],[178.42701437515794,-7.983266531190164],[178.4271763375391,-7.9827234018339635],[178.42739367449457,-7.98245136682146],[178.43030943276028,-7.980271018489943],[178.43128181525003,-7.9790920900559525],[178.43198765749577,-7.978637506650434],[178.43318163835343,-7.977615463020331],[178.4336481614957,-7.977004051550474],[178.43382892090767,-7.9761895716191615],[178.43399212953162,-7.9759167059228115],[178.4348072242054,-7.975540178306688],[178.4358928573909,-7.974706474553184],[178.4367890005973,-7.973737752831523],[178.43714731235664,-7.9731939411917345],[178.43742053895755,-7.972650424610634],[178.43753823928802,-7.972107447607603],[178.43739785679736,-7.9712940816577555],[178.43708950839752,-7.970481298047429],[178.43575376161482,-7.968044367090067],[178.43462503039166,-7.9661492820577235],[178.43419767010025,-7.965608190986979],[178.43265519884054,-7.962900673534755],[178.43149272317712,-7.96127697625376],[178.43121895141417,-7.961002662249531],[178.43094659807764,-7.960937244602364],[178.43081086856938,-7.961008043179856],[178.43024649745735,-7.961552559700057],[178.43006851528833,-7.9618244585626075],[178.4299930909506,-7.962638574457472],[178.42981663623237,-7.962910468043198],[178.43041025821339,-7.963217842154874],[178.43079378931364,-7.96372095413292],[178.4309233521104,-7.964263077488641],[178.43071716731347,-7.965077644401572],[178.4307818387585,-7.965348706440023],[178.4310119263012,-7.9656191976121855],[178.43123649565098,-7.966055383773698],[178.4317807790898,-7.9660623596137725],[178.43214119558422,-7.9664291538475],[178.43242423296303,-7.967513315934977],[178.43242026641542,-7.968327184493536],[178.4325411307948,-7.969140621590755],[178.4324183119185,-7.97049747071092],[178.43210515507857,-7.972126262715978],[178.4315992072356,-7.973755721120555],[178.4303073437407,-7.976744319886306],[178.42915218497913,-7.978918589953605],[178.4286942463828,-7.979462741092258],[178.42867115808897,-7.979734106014664],[178.42856344641532,-7.979960331251768],[178.42829173232545,-7.980082744236694],[178.42720811266253,-7.981505648247459],[178.4264623960562,-7.982183292739659],[178.42624554710596,-7.98245532566591],[178.4260118056456,-7.982998702241496],[178.42485396294043,-7.98435911908301],[178.42436092429813,-7.985445959537003],[178.42372680200825,-7.986533285479],[178.42330407658284,-7.987077311942291],[178.42222661410227,-7.988166162151147],[178.42187439425672,-7.9889812311243125],[178.421320484245,-7.989796993441564],[178.42070859974152,-7.990341668600327],[178.41983245236528,-7.99142982307766],[178.41889649310835,-7.99224689559427],[178.41852556829454,-7.992790741291257],[178.41776476366613,-7.993335924572392],[178.4168504351526,-7.994152919615186],[178.41611446933032,-7.994969301939246],[178.41555507593847,-7.995736192504154],[178.41474129928758,-7.996512855688851],[178.41419915618144,-7.997139868580866],[178.41175775756665,-7.999457268384461],[178.41132401031246,-8.000140145894695],[178.41096341522854,-8.00095523921788],[178.4087762119342,-8.00299530060025],[178.4077200626174,-8.00422175844737],[178.4064161867551,-8.006125215960607],[178.4055694259419,-8.00721325143042],[178.40454832949683,-8.008030591891162],[178.40398351691073,-8.008846377635534],[178.40339174954585,-8.009390966944471],[178.40337002648403,-8.009662328593482],[178.40362848997322,-8.009789021030699],[178.40409700435765,-8.009659854301148]],[[178.4312804450931,-7.978698271048918],[178.43100898616538,-7.978893495811858],[178.4308095956058,-7.978641579857493],[178.43085216292675,-7.978370147736314],[178.43059235676697,-7.978099760540824],[178.43046312715043,-7.977828922005129],[178.43050547292123,-7.977557490650001],[178.43071883791944,-7.97701418337061],[178.43100134250943,-7.976695777749807],[178.43127308823733,-7.97658337455268],[178.4318173369865,-7.976576370029854],[178.43200752382043,-7.976738443782407],[178.43194433430975,-7.9770099471965485],[178.43153460399373,-7.977553933790656],[178.43143928454617,-7.977825548282732],[178.43142358928958,-7.978368172426742],[178.4312804450931,-7.978698271048918]],[[178.43046725737133,-7.979626118182389],[178.4303631178824,-7.979456977851091],[178.43035350842086,-7.979185726007424],[178.43046477535603,-7.978912349160728],[178.43073635458245,-7.978751619890466],[178.43097656726215,-7.978912287731992],[178.43064980574755,-7.979455987132979],[178.43046725737133,-7.979626118182389]],[[178.33973855401547,-7.989216612708683],[178.3399950276143,-7.989119050138759]],[[178.3400103693503,-7.989112429285925],[178.3405386955046,-7.9887103455257],[178.34079476259305,-7.988166925557968],[178.34075473100063,-7.98803140791775]],[[178.3405505393486,-7.987843453055885],[178.3404143670613,-7.987814263541688],[178.3400065779576,-7.98794984953068]],[[178.34865209628575,-7.9911256085195825],[178.34926716761484,-7.9905810135111635],[178.3493241080631,-7.99030953374264],[178.3492431117469,-7.990038504162975],[178.3485571201844,-7.989226860327911],[178.34762839806905,-7.988410891447911]],[[178.34650881797555,-7.988826594586784],[178.34662036671398,-7.989504466887227],[178.3472274693599,-7.99063766148197],[178.34804586017316,-7.991224275781861],[178.3483181427256,-7.991262962983914],[178.34865209628575,-7.9911256085195825]],[[178.40078135081947,-8.012877955697363],[178.40085104177012,-8.012790704085216]],[[178.40098397427982,-8.012518964417568],[178.40101179520107,-8.012383225898317],[178.40124646425363,-8.012111140473964],[178.40145890872935,-8.012044219798014],[178.40173034499415,-8.011831678834117],[178.4027456423686,-8.010749603868183],[178.40306091529354,-8.01020595580414],[178.40281268000615,-8.009986332663193],[178.40254103083728,-8.010136163440364],[178.40226997319732,-8.010458907372412],[178.40144264027327,-8.011567897875873],[178.4011760957417,-8.012111379616114],[178.4007801061229,-8.012513966839402]],[[178.3787913436498,-8.07404097521987],[178.37907809902762,-8.073853163191066],[178.37942366692005,-8.073496265113015],[178.3799391126048,-8.0726806588119],[178.38029377483875,-8.071323015293734],[178.38035217075628,-8.069966370697452],[178.38090364373494,-8.068608063645947],[178.38093994904816,-8.068336651716532],[178.38080968123703,-8.066166774727066],[178.38046760009723,-8.0639976109459],[178.38007220699572,-8.062099915261008],[178.37993249275286,-8.059387488633304],[178.38017172040844,-8.056945075890551],[178.3810919879196,-8.053957791487075],[178.3816117023814,-8.053006527820122]],[[178.38176122134055,-8.052734734680458],[178.3818639605804,-8.052553542498792]],[[178.38206792217773,-8.052191122515726],[178.3821345779196,-8.052088970977445]],[[178.38229898248133,-8.05191905461525],[178.38294876673285,-8.051385069357726]],[[178.3832573356312,-8.051101956674485],[178.38349135611634,-8.050856409002328]],[[178.38351669367498,-8.05082979292596],[178.38376263992572,-8.050589028642182]],[[178.38379691181814,-8.050557558730972],[178.38403399254196,-8.050342021607866]],[[178.38409731918193,-8.050285256316265],[178.3843052875131,-8.050078135152816]],[[178.3843634273308,-8.050013069437721],[178.38511853147116,-8.049098413216774]],[[178.3853288949648,-8.048924654764157],[178.385389960822,-8.048874524936462]],[[178.38557269730944,-8.048652542645609],[178.3856607493687,-8.048462145423699]],[[178.385729091719,-8.047838147052973],[178.38574748550838,-8.047431151122339],[178.38592331636127,-8.04688797916804],[178.3859208123239,-8.046345409176391],[178.38601535601995,-8.045802511615001],[178.38590588426356,-8.043632567123883],[178.38565849441457,-8.041463087370094],[178.38594063615506,-8.03929182132323],[178.3863076200949,-8.03857159012268],[178.38653119135085,-8.037933382998514],[178.38728772673886,-8.036574384305501],[178.3887940126686,-8.034941564141647],[178.38928710810703,-8.034302657697001],[178.39010099253628,-8.03352252030681],[178.39027608635092,-8.033308822198194],[178.39064213966657,-8.032579110159729],[178.39133918675188,-8.03194878296209],[178.39172652407498,-8.031308052099993],[178.3922690645582,-8.030775482161294],[178.39276534892122,-8.029773647089774],[178.39357987050704,-8.028414446039449],[178.39378730549748,-8.027871166333465],[178.3942505235164,-8.027327020142772],[178.3947045626205,-8.02664443326161],[178.39511145084535,-8.026242074758342]],[[178.39542298499447,-8.025017094862884],[178.39564983719023,-8.024495299834992]],[[178.39566207352215,-8.024473707538567],[178.3959195976555,-8.02378853059832]],[[178.39601869801882,-8.023658633275986],[178.39619031637355,-8.023362753236565]],[[178.39631889001424,-8.02311503863619],[178.39646010599347,-8.022664936683796]],[[178.39648687310986,-8.02257189227515],[178.39722134743138,-8.020941671186444]],[[178.39661370779638,-8.021215020431908],[178.39593298747286,-8.022438126073457],[178.395691217429,-8.023524099283613],[178.39506219866675,-8.024611384944365],[178.39469889890185,-8.024983715315553],[178.39280305065193,-8.027732599490088],[178.3914397964948,-8.029235554548201],[178.39041239750537,-8.03113805014982],[178.38922582309044,-8.033041082331422],[178.38800082251655,-8.034401664208628],[178.387656888002,-8.035144171116947],[178.38648852510912,-8.0368483698306],[178.38587758610672,-8.037935587322579],[178.38575279940446,-8.038207297401943],[178.38563773608772,-8.039292842734246],[178.38522455899226,-8.040242851297128],[178.38511638966105,-8.04065104721456],[178.38516359752737,-8.041193466826224],[178.38500310499924,-8.043364322892856],[178.3852009185616,-8.044177523858203],[178.38510875163388,-8.04526299203837],[178.3848407243308,-8.045806474686554],[178.3847189976383,-8.046349463909921],[178.38397404691878,-8.047708422653077],[178.38263894138223,-8.049883237746856],[178.38195392341487,-8.050699413676176],[178.38163248357665,-8.050971785615237],[178.3814756671436,-8.051243603203591],[178.38150986400314,-8.051786067377911],[178.38043109076818,-8.053688726216608],[178.3802277925321,-8.054503279523924],[178.37983197947332,-8.055348880586475],[178.3795856298847,-8.05640446842799],[178.37906046079937,-8.05803397383052],[178.37898286764735,-8.059119394156438],[178.37889307091564,-8.059390986027847],[178.3784863083043,-8.059870766120614],[178.3763146647453,-8.061628375856383],[178.37550059848041,-8.062377764969062],[178.37359767128285,-8.06311074600627],[178.37251192146508,-8.064016154709513],[178.3716480541845,-8.064027230834698],[178.37161014584177,-8.064298648319127],[178.37176861447801,-8.06484069890189],[178.37197090024893,-8.06501925870683],[178.37251487734494,-8.064892619318924],[178.37275799669212,-8.065108675405142],[178.37275827255013,-8.06537996492271],[178.37263654144996,-8.065651663269394],[178.3726105444858,-8.065923040829182],[178.3727912424919,-8.066126652312837],[178.37306328440275,-8.06607898293959],[178.37333461097734,-8.065819398778357],[178.37360663868222,-8.065767616852368],[178.37395943398081,-8.065918518759778],[178.37444768651036,-8.066459461317775],[178.37471332745255,-8.067543730695954],[178.3746702400172,-8.06808645572023],[178.37482252377006,-8.068628524874251],[178.3747991801477,-8.068899893418877],[178.3744355935624,-8.069422336500336],[178.3738925859271,-8.06983738034419],[178.37378158106853,-8.069988469692857],[178.3737576942774,-8.070195864357624]],[[178.3737579691687,-8.070277240929519],[178.37380992437005,-8.070395309988983]],[[178.3743079641626,-8.071207509105818],[178.3747172331496,-8.07221318938728],[178.37526086919266,-8.072967694553622],[178.37581029262287,-8.073464043963378],[178.3766284787945,-8.073925928204847],[178.3774461253736,-8.074228089912756],[178.37826279703475,-8.074242448519769],[178.3787913436498,-8.07404097521987]],[[178.3139960929647,-8.030575350647517],[178.31415175981795,-8.030379184273748],[178.31469582894863,-8.030285522860039],[178.31505833817954,-8.030029362344205],[178.3153360738822,-8.030028474512543],[178.31544145716853,-8.03029943462522],[178.31525365870806,-8.030842629150532],[178.31534179040332,-8.031113644411061],[178.31583053952983,-8.031383378353555],[178.31604462038726,-8.03165399046601],[178.31606224802286,-8.031991599165892],[178.3163346872908,-8.032070197238985],[178.31687835328336,-8.031851054077395],[178.3174226567541,-8.03182986449594],[178.31769452337974,-8.031730868638013],[178.31796630450418,-8.031605409828886],[178.31817370747174,-8.031375876488493],[178.31813020543015,-8.031104719144164],[178.31762823055703,-8.030292436875705],[178.3164589770855,-8.028668398334839],[178.31547092455838,-8.02704377576173],[178.31519449758073,-8.02650206496835],[178.3149771635312,-8.02555321937467]],[[178.31018818059067,-8.02510829072504],[178.31005178717385,-8.025013896637672],[178.30977952676025,-8.024989440787849],[178.30957584678558,-8.02516349138898],[178.30962422057812,-8.025434635212047],[178.31019059647065,-8.025862418843992]],[[178.31101027704662,-8.026839619638164],[178.3108746605642,-8.026987826425724],[178.31032982306505,-8.026840900525775],[178.30962351032548,-8.026248530579647],[178.30896584492868,-8.02588447650647],[178.3086935546651,-8.02585089187419],[178.30842171250532,-8.025957361690532],[178.307709934643,-8.02652591238966],[178.30679485726807,-8.027910721105641],[178.30623809922426,-8.028972268258274],[178.30584932549337,-8.030137671112884]],[[178.30639948904562,-8.031949566350818],[178.3071696804925,-8.032631831527901]],[[178.30912732673409,-8.03381235485626],[178.30936529045474,-8.033981335847196]],[[178.30940013315885,-8.034005300964106],[178.31008206132196,-8.034459924276748],[178.31086671328583,-8.034790444939686]],[[178.31363539604695,-8.034781609092793],[178.3141023541271,-8.032745388521453],[178.3135166664504,-8.03166207055613],[178.31272608265337,-8.031121999691369],[178.31256161740373,-8.03085122715182],[178.31262332928253,-8.03057973292259],[178.31246491042072,-8.030308941001113],[178.31245258468394,-8.030037682969695],[178.31279056006989,-8.030294106972923],[178.31289728295334,-8.03057885874577],[178.31333711342748,-8.030973399804685],[178.31360926531679,-8.03096288226553],[178.31388070791675,-8.030731741612106]],[[178.31541125203205,-8.032334258903738],[178.31524541581877,-8.031906536889103],[178.31497249793438,-8.031679132938807],[178.3147006174181,-8.03177409539364],[178.3144855562697,-8.03274416398611],[178.31437571898817,-8.033694054903885]],[[178.3143255201046,-8.033965512451305],[178.31432908962654,-8.034236798148862]],[[178.3174810458976,-8.035854492374302],[178.31810111954724,-8.034631669758584],[178.31844059774608,-8.033545394718349],[178.3184263246187,-8.033274143793344],[178.31824287022857,-8.032963158153493],[178.31797077730369,-8.032992177822463],[178.3176913195912,-8.03314085102688]],[[178.32039555643624,-8.037065976487927],[178.3211344610156,-8.035978416986225],[178.32128024088445,-8.035706652155064],[178.32131280950495,-8.035435251136837],[178.32122214960486,-8.03516424611147],[178.3205533420834,-8.034623801783614],[178.32006689411992,-8.034082770721092],[178.31996883662978,-8.033811788969286],[178.32003572386637,-8.033268981248435],[178.31987609119096,-8.032994851531098],[178.31960374314815,-8.032944795105333],[178.3193319749393,-8.033074299757018],[178.31914909819452,-8.033271826097867],[178.3189559782322,-8.033543742121541],[178.31851997387506,-8.034486783625653],[178.31837673131176,-8.034630786185453],[178.31825405767313,-8.035173772848877],[178.31823207441255,-8.036123381694951]],[[178.31845030420425,-8.036936571825711],[178.3188009782407,-8.037217468574745],[178.31989010113838,-8.037330692281602],[178.32016217125044,-8.037293841665273],[178.32039555643624,-8.037065976487927]],[[178.32453444417007,-8.037052661318853],[178.3247279835802,-8.03678074169188],[178.32467115996317,-8.036509628818132],[178.32451390197673,-8.036278545188106],[178.32424208778937,-8.036393859810959],[178.32420362264867,-8.036782431103816],[178.32424395959234,-8.036971132434228],[178.32453444417007,-8.037052661318853]],[[178.32834099484762,-8.041109811980961],[178.32969936741574,-8.040546084751638],[178.33133133721614,-8.040186779681996],[178.3316342113968,-8.040013971123978],[178.3318231118439,-8.0397420637537],[178.33187335234143,-8.039461961089383],[178.33160024433386,-8.039180323300446],[178.33078468949816,-8.039491105461726],[178.33051256696527,-8.039511670069773],[178.32996782272548,-8.039399620516297],[178.32860477202863,-8.038753521816192],[178.32778730237328,-8.038476247364933],[178.32642413638052,-8.037792925747759],[178.32615198516777,-8.037804525617489],[178.3261367044938,-8.038132678782619],[178.326558978842,-8.038945203400013],[178.32662074808692,-8.039216299763494],[178.3265709871659,-8.039487756139057],[178.32615990010532,-8.040241287164003],[178.32588872043354,-8.040552512832631],[178.32561117888744,-8.040576036673633],[178.32588905060967,-8.040654163954681],[178.32592386916082,-8.040846323578583],[178.3261517649498,-8.041116883871268],[178.32643539198492,-8.041257239122713],[178.32779630797805,-8.041245081699344],[178.32834099484762,-8.041109811980961]]]}},{"type":"Feature","properties":{"year":2014,"certainty":"unstable data"},"geometry":{"type":"MultiLineString","coordinates":[[[178.40674982981093,-7.945626906118401],[178.40681089420528,-7.945562429675817]],[[178.40687870875794,-7.945490825871284],[178.40725282450788,-7.944811339268332],[178.40705632433017,-7.9445407162904065],[178.40694334270066,-7.944502030434713],[178.40667154197453,-7.944595280226869],[178.40649622316616,-7.945085187976746],[178.4064663495464,-7.945356577228507],[178.40657088220982,-7.945627511690924],[178.4066752697647,-7.94569018934626],[178.40674982981093,-7.945626906118401]],[[178.33962126349417,-7.9892559087611525],[178.33973855401547,-7.989216612708683]],[[178.3399950276143,-7.989119050138759],[178.3400103693503,-7.989112429285925]],[[178.34075473100063,-7.98803140791775],[178.3407146994414,-7.987895890268416],[178.3405505393486,-7.987843453055885]],[[178.3400065779576,-7.98794984953068],[178.3391987951264,-7.988443392242074],[178.3389833654473,-7.988715384937369],[178.33888806406793,-7.988986988594705],[178.33894251564942,-7.989258107325268],[178.33905846693565,-7.989308924186578],[178.33962126349417,-7.9892559087611525]],[[178.34762839806905,-7.988410891447911],[178.34721921988026,-7.988121891888088],[178.3469469201965,-7.9880773322406355],[178.34667522013643,-7.988215728789314],[178.34656157373522,-7.9884194814249465],[178.34650881797555,-7.988826594586784]],[[178.400434389244,-8.013199051621886],[178.40078135081947,-8.012877955697363]],[[178.40085104177012,-8.012790704085216],[178.40098397427982,-8.012518964417568]],[[178.4007801061229,-8.012513966839402],[178.40029329135024,-8.012928242869615],[178.4002308738252,-8.013199742911407],[178.400434389244,-8.013199051621886]],[[178.39987457890768,-8.014014817140833],[178.39983210766914,-8.013852778605985],[178.3998333254103,-8.014209065955862],[178.39987457890768,-8.014014817140833]],[[178.39957861987864,-8.014558398304116],[178.39956228036152,-8.01453683405161],[178.39956314378492,-8.01478948348448],[178.39957861987864,-8.014558398304116]],[[178.39912155077047,-8.015645102585623],[178.39929345849345,-8.015515340106708],[178.39943661464787,-8.01510145667528],[178.39929132890117,-8.014892114611984],[178.39902095775707,-8.015417385992725],[178.39902250425092,-8.015870030067449],[178.39912155077047,-8.015645102585623]],[[178.3816117023814,-8.053006527820122],[178.38176122134055,-8.052734734680458]],[[178.3818639605804,-8.052553542498792],[178.38206792217773,-8.052191122515726]],[[178.3821345779196,-8.052088970977445],[178.38229898248133,-8.05191905461525]],[[178.38294876673285,-8.051385069357726],[178.3832573356312,-8.051101956674485]],[[178.38349135611634,-8.050856409002328],[178.38351669367498,-8.05082979292596]],[[178.38376263992572,-8.050589028642182],[178.38379691181814,-8.050557558730972]],[[178.38403399254196,-8.050342021607866],[178.38409731918193,-8.050285256316265]],[[178.3843052875131,-8.050078135152816],[178.3843634273308,-8.050013069437721]],[[178.38511853147116,-8.049098413216774],[178.3853288949648,-8.048924654764157]],[[178.385389960822,-8.048874524936462],[178.38557269730944,-8.048652542645609]],[[178.3856607493687,-8.048462145423699],[178.385729091719,-8.047838147052973]],[[178.39511145084535,-8.026242074758342],[178.39538192206743,-8.025695455134795],[178.39542298499447,-8.025017094862884]],[[178.39564983719023,-8.024495299834992],[178.39566207352215,-8.024473707538567]],[[178.3959195976555,-8.02378853059832],[178.39601869801882,-8.023658633275986]],[[178.39619031637355,-8.023362753236565],[178.39631889001424,-8.02311503863619]],[[178.39646010599347,-8.022664936683796],[178.39648687310986,-8.02257189227515]],[[178.39722134743138,-8.020941671186444],[178.39848866761614,-8.01836013251454],[178.39880690596016,-8.017002611437196],[178.39875238970254,-8.016470646869472],[178.3986539566632,-8.016731842439013],[178.39848151628303,-8.016849296825441],[178.398211031405,-8.017341849475054],[178.39813598768373,-8.017818753067495],[178.39780811473003,-8.018905018508805],[178.39661370779638,-8.021215020431908]],[[178.3737576942774,-8.070195864357624],[178.3737579691687,-8.070277240929519]],[[178.37380992437005,-8.070395309988983],[178.3743079641626,-8.071207509105818]],[[178.31255207442788,-8.022169741205959],[178.3122190498651,-8.02183619484366],[178.31209190947024,-8.021899910098659],[178.31209686150203,-8.022171191812337],[178.3122203853559,-8.022252610169687],[178.31249273220675,-8.022304622447932],[178.31255207442788,-8.022169741205959]],[[178.31214821318852,-8.022984920633418],[178.31167699581655,-8.022555346242912],[178.31136104168422,-8.022716130677882],[178.31144012559366,-8.02298717637513],[178.3116788198491,-8.0231242701404],[178.3119509750565,-8.023116339712637],[178.31214821318852,-8.022984920633418]],[[178.3149771635312,-8.02555321937467],[178.3146472653594,-8.025147327299724],[178.31440680076452,-8.025046234726409],[178.31413465776436,-8.025058267200423],[178.31263606774053,-8.025967637217892],[178.31223337061286,-8.02630034020503],[178.31196165708772,-8.02644658881847],[178.3116895694729,-8.02647627957951],[178.31141697299273,-8.026347314448591],[178.31018818059067,-8.02510829072504]],[[178.31019059647065,-8.025862418843992],[178.31059948530506,-8.02605429614922],[178.31081501227837,-8.026244737892512],[178.31098941873137,-8.026515480000317],[178.31105883243924,-8.02678655644775],[178.31101027704662,-8.026839619638164]],[[178.30584932549337,-8.030137671112884],[178.30569516365136,-8.030601779828253],[178.30575404797437,-8.031144189026447],[178.30590341752574,-8.031415012902366],[178.30639948904562,-8.031949566350818]],[[178.3071696804925,-8.032631831527901],[178.30844500659515,-8.033234704188668],[178.30912732673409,-8.03381235485626]],[[178.30936529045474,-8.033981335847196],[178.30940013315885,-8.034005300964106]],[[178.31086671328583,-8.034790444939686],[178.31171657197106,-8.034889981397114],[178.31280475087163,-8.034711113146237],[178.3130780931964,-8.035070146289307],[178.31335043239662,-8.035117032611597],[178.31363539604695,-8.034781609092793]],[[178.31476654045207,-8.03464234532106],[178.31508882716798,-8.034098720663701],[178.3155212161586,-8.033029171355873],[178.31571991036898,-8.03274021713913],[178.3155197267788,-8.032566566474747],[178.31541125203205,-8.032334258903738]],[[178.31437571898817,-8.033694054903885],[178.3143255201046,-8.033965512451305]],[[178.31432908962654,-8.034236798148862],[178.31434740197372,-8.034643685268454],[178.3144384761385,-8.0348964136767],[178.31471030242088,-8.034783962914863],[178.31476654045207,-8.03464234532106]],[[178.3172364664094,-8.03626222121836],[178.3174810458976,-8.035854492374302]],[[178.3176913195912,-8.03314085102688],[178.31756347069194,-8.033276909016998],[178.31752472153883,-8.033819626708937],[178.3174231685617,-8.034091248835061],[178.31661611340311,-8.03493752963412],[178.31612575845284,-8.035723184701265],[178.31584432560663,-8.035995382436814],[178.31578869606633,-8.036266857406266],[178.3160764610206,-8.036403568861976],[178.31634870291813,-8.036419973103236],[178.31689304656325,-8.036409322290394],[178.31716504050777,-8.036348858137297],[178.3172364664094,-8.03626222121836]],[[178.31823207441255,-8.036123381694951],[178.31822609193205,-8.036530345879516],[178.31845030420425,-8.036936571825711]],[[178.3673370424608,-8.062685184734848],[178.367062980634,-8.062555221440517],[178.3667907926485,-8.062559110062178],[178.3666811603694,-8.062687372632809],[178.3667916670844,-8.062819537698854],[178.3670638483278,-8.062813589805344],[178.3673370424608,-8.062685184734848]]]}},{"type":"Feature","properties":{"year":2015,"certainty":"good"},"geometry":{"type":"MultiLineString","coordinates":[[[178.3771479547659,-7.929719833130134],[178.3772955851787,-7.929448053333097],[178.3772309528532,-7.929087654832841],[178.37695813062408,-7.928873911856552],[178.37667889902656,-7.928907508773381],[178.37645469023334,-7.92917954146988],[178.37649466439382,-7.929450701074528],[178.37668920300504,-7.929831294342324],[178.37696153865218,-7.92989856998579],[178.3771479547659,-7.929719833130134]],[[178.38459184515517,-7.93324200314819],[178.38474540327152,-7.933492712982615],[178.38473911857665,-7.933764024633312],[178.38459997258374,-7.934035778233224],[178.38455903568118,-7.934307205156412],[178.38469066445475,-7.934849348782042],[178.38486997339714,-7.935039052285942],[178.38514231699048,-7.935107506402676],[178.38568625323737,-7.935020168628748],[178.38640167845642,-7.934572362514321],[178.38641859423888,-7.934301015621568],[178.38625626606262,-7.934030265690631],[178.3859540701424,-7.933737324607113],[178.3854083698867,-7.933297287368427],[178.38459074476268,-7.932913138366163],[178.38431777795137,-7.932657923965901],[178.38377252936652,-7.932352069825251],[178.3827414536452,-7.931057755206479],[178.38158785004066,-7.930022436055161],[178.38076989656275,-7.9295370577030155],[178.3799528151662,-7.929312793669145],[178.3783194617907,-7.929106825047572],[178.37804774247235,-7.929224572508612],[178.37754797056112,-7.929718510250275],[178.37758352473003,-7.929989684234328],[178.37823534943817,-7.931072693664801],[178.37906902932346,-7.931883807754718],[178.3791789625426,-7.932154735012412],[178.3791512018629,-7.932697409724136],[178.37942064144679,-7.932928110870215],[178.37996439067223,-7.9327847831429095],[178.38159714900863,-7.93280816414262],[178.3824143996433,-7.933080818094999],[178.3826003226362,-7.933228551822133],[178.38296083079695,-7.933740386088698],[178.38323301856337,-7.9337625262033225],[178.38377578651472,-7.93332611026689],[178.38404751141837,-7.933209964525258],[178.38446349098186,-7.933222359854914]],[[178.3870756097007,-7.935383988647648],[178.3870479552077,-7.935357437172427],[178.38703180191567,-7.935384134645835],[178.38704809068585,-7.93539784275277],[178.3870756097007,-7.935383988647648]],[[178.3967416758755,-7.941320027556347],[178.39686354081144,-7.941126614008561],[178.39686319773026,-7.94102508516734],[178.39659167452535,-7.9412008500504685],[178.3965923075074,-7.941388201130245],[178.3967416758755,-7.941320027556347]],[[178.40678562998258,-7.945626784958604],[178.4071941963963,-7.945082825828121],[178.407293231273,-7.944811202482815],[178.40711219461116,-7.944540527189247],[178.40667104402226,-7.944449012220173],[178.40654990428698,-7.944542430000918],[178.40639781826258,-7.945356809098335],[178.40647979024234,-7.945627819923601],[178.40667536737908,-7.945718858095404],[178.40678562998258,-7.945626784958604]],[[178.41989468311775,-7.951995376085242],[178.42026141240473,-7.951277977526868],[178.4203689983608,-7.9510063231256565],[178.42034582790637,-7.95087075908388]],[[178.42331938328803,-7.953709086140637],[178.42343731595963,-7.953460940976771]],[[178.42316229750634,-7.952620980030682],[178.42297051119334,-7.952489493822341]],[[178.4228895526583,-7.952440208472556],[178.42220788690247,-7.95204499268749],[178.4219355962353,-7.951995861107794],[178.42171414881392,-7.952086866938502],[178.42124904318467,-7.952902317987582],[178.42129296356904,-7.953444740482889],[178.4214566218552,-7.953715466696782],[178.42166989184958,-7.953858908974433],[178.4227587713835,-7.953971775457715],[178.42303075249447,-7.95393074059183],[178.42331938328803,-7.953709086140637]],[[178.42452829469727,-7.954182371521186],[178.424392219606,-7.9541783707307125],[178.4241210044259,-7.954441315678924],[178.4237572291368,-7.9550640156976415],[178.4237173819186,-7.955335438440356],[178.42385328025853,-7.955716050648436],[178.4243080904485,-7.956011627429289]],[[178.43244197660974,-7.978364650105258],[178.43356675049728,-7.977275618117916],[178.4337141145091,-7.977003823196492],[178.4338558790803,-7.9761894782786635],[178.433992443195,-7.976006724006851],[178.4356217674698,-7.975006055077794],[178.43697771931838,-7.973653143831631],[178.43749279780656,-7.972650173897672],[178.43757477834043,-7.972107320829459],[178.4373953757808,-7.971022805924099],[178.43651751868092,-7.969398143400628],[178.43477550185625,-7.966435517357777],[178.4343753281592,-7.965878861218011],[178.43380975585634,-7.964795678049997],[178.4325147821873,-7.962629873498235],[178.43175600913546,-7.961682995374257]],[[178.43162866188598,-7.961440733737816],[178.4314803050216,-7.961141376531417]],[[178.4313549754585,-7.9609913992201236],[178.43121843569003,-7.960854084144747],[178.43067413897535,-7.9608413279278745],[178.43046621140022,-7.960737946391932],[178.43052064648057,-7.960466473451953],[178.43033139580794,-7.959924555330903],[178.42974399251102,-7.959112723659765],[178.42957908474384,-7.958952183429466],[178.4293065414082,-7.958831511387865],[178.42905794387406,-7.958436873130313]],[[178.42807702570275,-7.9574010565529605],[178.42803671261134,-7.957355246061532]],[[178.42780388052887,-7.957106102715622],[178.42766733524513,-7.956966472261448],[178.42739521660965,-7.956968037505691],[178.4271234843922,-7.957081312967847],[178.42686967970474,-7.956952330979274],[178.4269499869534,-7.956816412060955]],[[178.42620588767207,-7.957090255118924],[178.42617156532134,-7.957230489998255]],[[178.42600209873842,-7.957362241091144],[178.42578689911446,-7.957769909121434],[178.42603832541747,-7.958046878475259],[178.42625692402623,-7.957768294218456],[178.42624899179543,-7.957497035693668],[178.42636891648712,-7.957225337817117],[178.4265755286872,-7.957088984890148]],[[178.42671510024672,-7.957024105027466],[178.42685094643528,-7.956961683642003],[178.42703072513675,-7.957223063057392],[178.42661585771668,-7.958038346379725],[178.42685635687153,-7.9585258136035],[178.4271287205716,-7.958594758867568],[178.42728202146557,-7.958849912987157],[178.4272482367411,-7.959663886126709],[178.4273575590407,-7.959934795723994],[178.42767848992597,-7.9601890410025335],[178.42795051003702,-7.960158419524688],[178.42817748154658,-7.959931974452343],[178.42849164689397,-7.959259060109895],[178.42876310058693,-7.959065156227135],[178.42883085729468,-7.959115868698037],[178.42862501907535,-7.959930433836901],[178.42864059000453,-7.960201665706099],[178.4289632756223,-7.960743125411523],[178.42901531456744,-7.961014231606552],[178.42888213327078,-7.961557261184356],[178.4290444465565,-7.961725833105047],[178.4293164224074,-7.96168223228667],[178.4298593939454,-7.96131247582626],[178.43013222595405,-7.961552953642189],[178.42997478683768,-7.961824781656997],[178.42986377106456,-7.962574541021343],[178.42972683002327,-7.962910777604096],[178.42986539864685,-7.963043773030752],[178.43013777374847,-7.9631150590735675],[178.43041049939538,-7.963287344455944],[178.43068949417236,-7.963721313916622],[178.4308074983689,-7.964263477206778],[178.43065370374316,-7.965077863357586],[178.43073162885918,-7.965348879683855],[178.43094141250998,-7.965619440957863],[178.4311871575956,-7.966161163064777],[178.43178099606462,-7.966124803605218],[178.43205372427516,-7.966297044896445],[178.43213568389683,-7.966429172885871],[178.43241547364894,-7.967513346201196],[178.43252957666817,-7.969411946446928],[178.43214148095524,-7.971854852220674],[178.43155939469355,-7.973755858709706],[178.4297321045452,-7.977831447004099],[178.42880912730914,-7.979191059356218],[178.42862857524256,-7.98000553822229],[178.4282916072023,-7.980046710618843],[178.42731190389486,-7.981366507423153],[178.426228959431,-7.982455382838333],[178.42601454971754,-7.982998692784413],[178.42583156242412,-7.983270608903955],[178.42476936198418,-7.984539724473142],[178.42408669234496,-7.98598947510674],[178.423310238482,-7.987077290735888],[178.42233225511086,-7.988058694960729],[178.4219099303648,-7.988981108918781],[178.42155028901004,-7.989524917413398],[178.4213306048005,-7.98979695864828],[178.42070722510104,-7.990326472857292],[178.4198693871967,-7.99142969620661],[178.41908020018425,-7.992021791822935],[178.41840258510916,-7.99281963743795]],[[178.41824404300542,-7.992927350621968],[178.41690989445902,-7.994016067191798],[178.41555501667025,-7.99571900467666],[178.41501235649895,-7.996195364165546],[178.41447032464345,-7.996854424913966],[178.41365627578946,-7.997553301286682],[178.41175780680928,-7.999471580424269],[178.41133309998384,-8.000140114826246],[178.4111199708827,-8.000683417197422],[178.410946347583,-8.000926341109771],[178.40904712919507,-8.002634539054432],[178.40796303329452,-8.003954049220468],[178.4058646926757,-8.006940957874725],[178.40552502490078,-8.007282257248576],[178.40443891672598,-8.008021123684308]],[[178.43040294318087,-7.9611095444424524],[178.43019970682047,-7.961010150437986],[178.43040197411122,-7.960830201374743],[178.4304771239288,-7.961009194027875],[178.43040294318087,-7.9611095444424524]],[[178.43013235391015,-7.961552720747781],[178.42990911205948,-7.961282437401235],[178.4301305834045,-7.961042281044635],[178.43029458631818,-7.961281108634067],[178.43013235391015,-7.961552720747781]],[[178.43073798301748,-7.979219847443991],[178.43067075644583,-7.979184629713359],[178.43069319843394,-7.978913267140313],[178.43083493923982,-7.978641492265908],[178.43083302575795,-7.978370213876131],[178.43046153906099,-7.977981568032857],[178.4304084922065,-7.977829110762344],[178.43048553769694,-7.9775575595244215],[178.43100133613095,-7.97669394353391],[178.43127308109513,-7.97658132108315],[178.4315451632692,-7.976565683175792],[178.43181757132507,-7.976643719377586],[178.43191477951422,-7.976738764502065],[178.43188865087248,-7.9770101397561595],[178.43154416142883,-7.97755390074648],[178.43148700091265,-7.978096668244918],[178.4313259223291,-7.97863979504497],[178.43073798301748,-7.979219847443991]],[[178.4047399012926,-8.009115089947924],[178.4054320556603,-8.008298869524507],[178.40713222106498,-8.006936636730877],[178.408231451581,-8.005847737272868],[178.40863285327472,-8.005303792766547],[178.40915991066623,-8.004759418985117],[178.41040850878278,-8.00280843141667],[178.41095031745627,-8.002080522878915],[178.41141293879718,-8.001224989682974],[178.41231357325717,-7.999865475554328],[178.413117381124,-7.999124513034887],[178.4139306146607,-7.998187910954292],[178.41505839603985,-7.997143212875065],[178.4158289175211,-7.996226333145142],[178.4169142476327,-7.995277454060404],[178.41732417338864,-7.994693867649061],[178.4188128695218,-7.993416215412443],[178.42017551205936,-7.9919712166547],[178.4204400200544,-7.991755541097224],[178.4209836973533,-7.991576795436316],[178.4211673181117,-7.99142523572197],[178.42140653322483,-7.990610555412591],[178.42215799883874,-7.989522827470787],[178.42261628132093,-7.988707393392641],[178.42304574513798,-7.988163344037893],[178.42367358700423,-7.98761861152075],[178.42396236669128,-7.987262447528652],[178.42475449883543,-7.985987175333105],[178.4250454571869,-7.985679883644094],[178.42541053149526,-7.985442343987678],[178.4255406697865,-7.9851706099943796],[178.4255120645427,-7.984899423039994],[178.4255866656369,-7.984792322936593],[178.42648856323459,-7.984082200638325],[178.42699819336428,-7.983266586999252],[178.42701780558122,-7.9829952339763945],[178.42713235074584,-7.982723553544896],[178.42802572850562,-7.9818497932659715],[178.42856925340308,-7.981632181252804],[178.42911191503887,-7.981166339707224],[178.42938367429235,-7.981056829260786],[178.4303192769098,-7.980270984472329],[178.43128170567212,-7.979060595228643],[178.4323680265339,-7.978419588893153]],[[178.43046693678713,-7.97953392943551],[178.43044438565417,-7.979456697031135],[178.4304661943789,-7.979320434719079],[178.43055279032174,-7.9794563224150785],[178.43046693678713,-7.97953392943551]],[[178.4291101505107,-7.980658527700049],[178.42883793108257,-7.980635535639118],[178.42879152493924,-7.980276260997252],[178.42883616922578,-7.980128361003373],[178.4291084116887,-7.9801580810040535],[178.4292649326819,-7.980274626552126],[178.4291101505107,-7.980658527700049]],[[178.33960651634925,-7.9892559565411645],[178.34014604673055,-7.988989753488774],[178.3404631074826,-7.988710590573034],[178.3408628063752,-7.9881667049288],[178.34086452715076,-7.987895404488482],[178.34068650240812,-7.987808508716104],[178.34041429994642,-7.987793688003838],[178.34014236722226,-7.987861580818186],[178.339267029964,-7.988443171249399],[178.33905917206798,-7.988715139452585],[178.3389950883327,-7.988986642026899],[178.33905782711622,-7.989112609767339],[178.3392741553108,-7.989257033234803],[178.33960651634925,-7.9892559565411645]],[[178.34861253624436,-7.991125737584732],[178.34920781161767,-7.990581207234958],[178.34930107932277,-7.9903096089046475],[178.3492738756467,-7.990038403762034],[178.34915183979493,-7.9897675080785],[178.3480379540221,-7.988814868134386],[178.34749181039638,-7.988255130240371],[178.34721910701953,-7.988087468085174],[178.34694695877516,-7.9880891015889794],[178.34665087951998,-7.988419190597472],[178.34658825678565,-7.988961983007058],[178.34665320437696,-7.989504359933637],[178.34697154872055,-7.990317205480576],[178.34722764018557,-7.990689748002433],[178.34804590543808,-7.991238068156912],[178.34831814401002,-7.9912633542750156],[178.34861253624436,-7.991125737584732]],[[178.40443214494397,-8.008030987463846],[178.40414426834946,-8.008574542780261],[178.40339053772544,-8.009390971067793],[178.40336958240377,-8.009662330104524],[178.4036284395671,-8.009774305164555],[178.40390043775457,-8.009726565771565],[178.40444382350836,-8.009452998305544]],[[178.40121818312795,-8.012111236586708],[178.40145883546322,-8.012022803031705],[178.4025440459016,-8.01101699225422],[178.40304608130623,-8.01020600627096],[178.40281258875572,-8.00995967762249],[178.40254108145035,-8.010150950505345],[178.40234372386445,-8.010479682995948],[178.40205279915503,-8.010751960051756],[178.40142894906788,-8.011567944408805],[178.4011805079841,-8.012111364621797],[178.40118749537024,-8.012263543262524],[178.40121818312795,-8.012111236586708]],[[178.40068971381808,-8.012926896216102],[178.40094804662652,-8.012654730484062],[178.40091594185773,-8.012441972163902],[178.40044324752972,-8.012927733510875],[178.40064559617105,-8.012973711677878],[178.40068971381808,-8.012926896216102]],[[178.39905412118154,-8.015645331490905],[178.3993322166141,-8.015373099247185],[178.39940786686822,-8.015101554283131],[178.39929132621123,-8.01489132736505],[178.39902135715738,-8.015534289202241],[178.39902205977566,-8.01573993908003],[178.39905412118154,-8.015645331490905]],[[178.39314694283425,-8.029501066518456],[178.3938612624709,-8.027870915843025],[178.39526331645988,-8.025967145615716],[178.39536731667044,-8.025695504644892],[178.39545747019756,-8.024881333752369],[178.39590930549446,-8.02379464836257],[178.3961180091422,-8.023522652355465],[178.39637779797985,-8.022979194694809],[178.39752654610172,-8.020262415091729],[178.39848722586274,-8.01852064765516],[178.39877551630715,-8.017545294299774],[178.39875263221506,-8.016541633915594],[178.39868289174623,-8.016731744228704],[178.39818965827573,-8.017275994510243],[178.39792979836955,-8.018633317392064],[178.39767255815931,-8.019058592777274],[178.39701020998365,-8.020535454927938],[178.39680663971617,-8.020807433659238],[178.3964562595884,-8.021622486854568],[178.39589136790667,-8.022438267156144],[178.39559704787587,-8.023795706912171],[178.39434910413772,-8.025427666409048],[178.3928029660475,-8.027707763883301],[178.3914472865937,-8.029234232752954],[178.3904251715505,-8.031138006973103],[178.38922974148014,-8.033041069095423],[178.3884688882799,-8.033808171282761],[178.38792681580316,-8.034481185063276],[178.38758030083926,-8.035216951013423],[178.38599999386847,-8.037663885251304],[178.3857623418486,-8.038302746762387],[178.3856336605952,-8.039292856475711],[178.38522447479,-8.040218037651822],[178.38510516648168,-8.040651085047994],[178.38515801569906,-8.041193485644529],[178.385008250174,-8.043364305544047],[178.38521881241863,-8.044177463507788],[178.38522748983004,-8.044448723568735],[178.38509628415542,-8.045263034089558],[178.38475809997036,-8.045806753325133],[178.3847071667068,-8.046349503808141],[178.3846026702124,-8.046621145563316],[178.38324941891673,-8.048796022810285],[178.382831758853,-8.049611298622464],[178.38222914106723,-8.050427197230714],[178.3815899773533,-8.05097192872047],[178.38145104374635,-8.051188068622569],[178.38147672782551,-8.051514889287384],[178.3814014552111,-8.05178643235141],[178.3811819048886,-8.052089098167318],[178.38073746728662,-8.053145115748972],[178.38038775088955,-8.053688872049408],[178.38017941583735,-8.054503442296669],[178.37974044480322,-8.05559007824132],[178.3791988997693,-8.057490928536689],[178.37886373070594,-8.059391084712077],[178.3786530443143,-8.059663083147658],[178.37658609513988,-8.06140095232199],[178.37577214836682,-8.062185410662131],[178.3752287671543,-8.062486893009153],[178.37468485894783,-8.062632588934555],[178.37359759528994,-8.063088226880913],[178.3727833857985,-8.063797633486356],[178.37251168241295,-8.06394526770575],[178.372103310058,-8.063924420193834]],[[178.3723791685372,-8.065008914659593],[178.3725152445111,-8.065001482957188],[178.37264403968305,-8.065109057239104],[178.37265545930953,-8.065244664203997]],[[178.3734709360299,-8.065885699491277],[178.37360688105304,-8.065839414196661],[178.37387939620427,-8.06593201380705],[178.37415229481448,-8.066138127228024],[178.37439913009567,-8.066459624245766],[178.37464069204177,-8.067679619599254]],[[178.37379351070777,-8.070395365065211],[178.37430969381202,-8.071071858200154],[178.374686645381,-8.072155753193792],[178.3751696039289,-8.07283235616467]],[[178.37540074885345,-8.07309970759084],[178.37586750093644,-8.073508235751278],[178.37690120645658,-8.074079466045196],[178.37744625295306,-8.074265737355713],[178.37799082639387,-8.07431235598686],[178.37853488635633,-8.074207571002255],[178.37907814826215,-8.0738676753176],[178.37950477882737,-8.07349599171665],[178.37985411775028,-8.072952234924838],[178.38023278654586,-8.071594510468703],[178.3803795688876,-8.07078014694648],[178.38040885664444,-8.069966179585984],[178.38098381699263,-8.068607793282847],[178.3810191188153,-8.068336384739252],[178.3808506391362,-8.066166636659412],[178.38062338426315,-8.065082244389322],[178.3804294233587,-8.063455160335721],[178.3800099322563,-8.06128625589923],[178.3799688113439,-8.05884478693298],[178.38013434955434,-8.058030360571829],[178.38018039163194,-8.057216336433328],[178.3804158663419,-8.056130384995567],[178.38118619567823,-8.053957474312845],[178.38166892066027,-8.05314197993867],[178.38199948700313,-8.052385457728676],[178.3830848876701,-8.051392449144899],[178.38362717251687,-8.050774119253052],[178.3843643447719,-8.050148711018894],[178.3849778055048,-8.04933277345454],[178.38561750265384,-8.048788036022007],[178.38572553959872,-8.048516382103756],[178.38579119924117,-8.047702292796508],[178.38596680842775,-8.047159121568717],[178.38607210893932,-8.045802320052129],[178.38592096646752,-8.043361226973074],[178.38576880646238,-8.042547872493138],[178.38570753697107,-8.041191632651334],[178.38589255358403,-8.039563272791995],[178.3862252560266,-8.03874828278649],[178.38738938954563,-8.03652252505026],[178.39031283691972,-8.033308697958415],[178.39064223163456,-8.032606132671054],[178.3914565249058,-8.031947786898105],[178.3924760323474,-8.03058849247004],[178.39273806721837,-8.030045028114172],[178.39308151533464,-8.02957837786051]],[[178.31282220908196,-8.022440177553579],[178.31249206829415,-8.022097656995584],[178.3122789316312,-8.02217061167809],[178.312493289958,-8.022478489321808],[178.3127658890981,-8.022609078965994],[178.31282220908196,-8.022440177553579]],[[178.3122216016373,-8.02298468677155],[178.31167691450167,-8.02252998279916],[178.31138069400026,-8.022716068094118],[178.3113668760622,-8.022987409655338],[178.31167906186755,-8.023199753635193],[178.3119512120776,-8.023190249317166],[178.3122216016373,-8.02298468677155]],[[178.3129078952911,-8.023253796566499],[178.31276738954196,-8.023076685645558],[178.3124953949296,-8.023134633566716],[178.31232160435025,-8.023255665532524],[178.31276861137573,-8.02345744394825],[178.3129078952911,-8.023253796566499]],[[178.3140179732315,-8.030575280762037],[178.31415188282108,-8.03041744071411],[178.31469591014866,-8.03031076756902],[178.31496747985508,-8.030119479339591],[178.31523956008158,-8.030086933033814],[178.315358719878,-8.030299699159203],[178.31522177874075,-8.030842731073724],[178.31530700779092,-8.031113755625256],[178.3158107287035,-8.031519090214468]],[[178.3180233765531,-8.030969413056587],[178.31544192703575,-8.027043868442204],[178.3151724532504,-8.026502135406117],[178.31495248087273,-8.02545582552605],[178.31467930554075,-8.02514676604099],[178.31440682075103,-8.025052453934974],[178.31413491245385,-8.02513753481721],[178.31223331965464,-8.026284459763316],[178.31196152222105,-8.026404551442226],[178.31168937737073,-8.026416389864265],[178.3108706703132,-8.025743038930088],[178.3103244150546,-8.025153051582214],[178.3100517847952,-8.025013154009676]],[[178.3096531920845,-8.02543454304238],[178.3097921360111,-8.025705398667606],[178.31059967786132,-8.02611438011188],[178.3109812794096,-8.026515505924708],[178.3110876822747,-8.026786464549527],[178.31094903284168,-8.027058203735054],[178.31060252476644,-8.027002655081704],[178.31032987353205,-8.026856649632736],[178.309783824828,-8.026331490639059],[178.30923830822826,-8.025972106053308],[178.30869351130838,-8.025837343012157],[178.30842183659342,-8.025996146300734],[178.30760788411547,-8.026808124767449],[178.306846567763,-8.027885144388522],[178.30638402311376,-8.028700506994566],[178.30588195775718,-8.030058590863637],[178.30573798031259,-8.030872941982683],[178.3057867835265,-8.031144085117697],[178.3059896683346,-8.031467666184241],[178.30735453562716,-8.032697198655692],[178.30844516777273,-8.033285034203175],[178.31002372789638,-8.034386185175345],[178.31062723522533,-8.03470840839988],[178.31117220454323,-8.034892975413406],[178.3125329354285,-8.03482714913219],[178.31294207443452,-8.035093628377812]],[[178.31383465517087,-8.033967081003523],[178.31402150719205,-8.032745646824957],[178.31397804449637,-8.032474488518838],[178.31333897330197,-8.0315521536066],[178.31270045429167,-8.031122081473049],[178.31251076950107,-8.030851389383377],[178.31279131053554,-8.030527758568972],[178.31333709305954,-8.03096706149024],[178.31360925096237,-8.030958416225912],[178.31388078334643,-8.030755205587552]],[[178.31522525877213,-8.03179225961077],[178.3149724501829,-8.031664292921326],[178.31470046830518,-8.031727745546043],[178.31462137087556,-8.031929838608276],[178.31443210143507,-8.033693874696075]],[[178.3142998599292,-8.034112484657738],[178.31426721298004,-8.034236995914148]],[[178.3204428582282,-8.036930176336266],[178.32080577653878,-8.036522065853301],[178.32114945258732,-8.035978368811586],[178.32125811339785,-8.035706723265102],[178.32127026783925,-8.035435387848768],[178.32120002142378,-8.035164317215946],[178.3210101694397,-8.034893630827765],[178.32061134024718,-8.03462361551905],[178.32028856641512,-8.034293203933892]],[[178.32465683225178,-8.036780970969957],[178.32467209863034,-8.03650962579352],[178.32451430531248,-8.036402915680505],[178.32439968268613,-8.036510503494256],[178.32446263860288,-8.03678159667701],[178.32465683225178,-8.036780970969957]],[[178.32839821334886,-8.041109626991092],[178.3291557586876,-8.040783188171385],[178.33160330788442,-8.040119561699312],[178.33175322128403,-8.04001358544789],[178.33187435581908,-8.039769550656807],[178.33187317125333,-8.03940645201213],[178.3316002258353,-8.039174651575632],[178.3307846314659,-8.039473302340888],[178.33051250419592,-8.039492409820857],[178.32996778623865,-8.039388420099884],[178.3291500755845,-8.03903768046239],[178.32860450735927,-8.038672185454772],[178.32656052813005,-8.037884446405767]],[[178.3279323764973,-8.04123678543162],[178.32839821334886,-8.041109626991092]]]}},{"type":"Feature","properties":{"year":2015,"certainty":"unstable data"},"geometry":{"type":"MultiLineString","coordinates":[[[178.4146138653229,-7.949126951544884],[178.4148504512044,-7.949084161882138],[178.41491115226293,-7.948854652094621],[178.4148678284426,-7.948312225247986],[178.4149366337636,-7.948040703779269],[178.41457299652586,-7.9475267607333215],[178.41430055306566,-7.94743209636155],[178.41416217722684,-7.947500765530984],[178.41406878456306,-7.947772370616786],[178.4141956961229,-7.948585800546875],[178.41432823850943,-7.948856636671265],[178.4146138653229,-7.949126951544884]],[[178.4167342309705,-7.950204874819961],[178.4170357731764,-7.9499325594574515],[178.41736697711406,-7.949388855857947],[178.4173909754922,-7.94911748709581],[178.4172991781862,-7.948980892848804],[178.4170265472218,-7.948831972982163],[178.4167546764647,-7.948904593963967],[178.41626881041154,-7.949663887729116],[178.41617552874342,-7.9499354927295185],[178.41621493046344,-7.950214912932741],[178.4164874367584,-7.950327259666723],[178.4167342309705,-7.950204874819961]],[[178.41962504689195,-7.952365299318404],[178.4197595468256,-7.952264182241523],[178.41989468311775,-7.951995376085242]],[[178.42034582790637,-7.95087075908388],[178.4202984131668,-7.950701220329341],[178.42002549004152,-7.950467931602559],[178.41975314070478,-7.950401422496434],[178.4195278405043,-7.950737911834584],[178.41915635193158,-7.9518243277850065],[178.4192149555553,-7.952163098740269],[178.4193555644543,-7.952366220349161],[178.41948804583072,-7.952444724257149],[178.41962504689195,-7.952365299318404]],[[178.42343731595963,-7.953460940976771],[178.4234636124205,-7.953166019458042],[178.423392350179,-7.952894977551715],[178.42316229750634,-7.952620980030682]],[[178.42297051119334,-7.952489493822341],[178.4228895526583,-7.952440208472556]],[[178.42532157603353,-7.955872506057317],[178.4255549450343,-7.955600418881751],[178.4256162681694,-7.955328922427919],[178.4255619679608,-7.955057822988406],[178.42512621879047,-7.954516747028103],[178.42466436978322,-7.95418637226658],[178.42452829469727,-7.954182371521186]],[[178.4243080904485,-7.956011627429289],[178.4246711186548,-7.956141074123663],[178.4249430328736,-7.956080386114172],[178.42532157603353,-7.955872506057317]],[[178.43175600913546,-7.961682995374257],[178.43162866188598,-7.961440733737816]],[[178.4314803050216,-7.961141376531417],[178.4313549754585,-7.9609913992201236]],[[178.42905794387406,-7.958436873130313],[178.4287593145659,-7.957972206309773],[178.42807702570275,-7.9574010565529605]],[[178.42803671261134,-7.957355246061532],[178.42780388052887,-7.957106102715622]],[[178.4269499869534,-7.956816412060955],[178.4270302941543,-7.956680493135605],[178.42704302082436,-7.956409163678974],[178.42684833019405,-7.956205227552843],[178.42657634501228,-7.956245271375158],[178.42630555814222,-7.956631955224437],[178.42620588767207,-7.957090255118924]],[[178.42617156532134,-7.957230489998255],[178.42600209873842,-7.957362241091144]],[[178.4265755286872,-7.957088984890148],[178.42671510024672,-7.957024105027466]],[[178.41840258510916,-7.99281963743795],[178.41824404300542,-7.992927350621968]],[[178.372103310058,-8.063924420193834],[178.37196714837896,-8.063906330159318],[178.371695475006,-8.064063003450482],[178.37164319762638,-8.064298537670558],[178.3716953370322,-8.065112234812007],[178.37197134882538,-8.065152310669509],[178.3723791685372,-8.065008914659593]],[[178.37265545930953,-8.065244664203997],[178.37266687895118,-8.065380271166422],[178.37247657782592,-8.065923489701765],[178.37265777438517,-8.066194173011679],[178.37279166957433,-8.066253235667649],[178.37306363369814,-8.066182491165907],[178.3734709360299,-8.065885699491277]],[[178.37464069204177,-8.067679619599254],[178.37461427463623,-8.06808664357532],[178.37475873900084,-8.068628739013253],[178.37474553625273,-8.068900073516314],[178.3744353155997,-8.069340082458892],[178.37389233889485,-8.069764254108463],[178.37375816861837,-8.069988548247926],[178.37372719801107,-8.070259942435376],[178.37379351070777,-8.070395365065211]],[[178.3751696039289,-8.07283235616467],[178.37540074885345,-8.07309970759084]],[[178.3158107287035,-8.031519090214468],[178.31606200021508,-8.031914652968412],[178.3163342932349,-8.031947866081993],[178.31715016453202,-8.031734814111866],[178.31769441961418,-8.031698687604791],[178.31796606509292,-8.031531174646169],[178.31806214252828,-8.031376233976372],[178.3180963663445,-8.031104827570896],[178.3180233765531,-8.030969413056587]],[[178.31294207443452,-8.035093628377812],[178.3130784946755,-8.035195041866816],[178.31335050904505,-8.035140872142607],[178.31353231005005,-8.034917587001008],[178.31375498721138,-8.03437428127443],[178.31383465517087,-8.033967081003523]],[[178.31460720662304,-8.034914151815459],[178.3149813915785,-8.034442570321264],[178.31513762545984,-8.034098564604282],[178.31556751288107,-8.032740704630488],[178.31536371677026,-8.031927465390368],[178.31522525877213,-8.03179225961077]],[[178.31443210143507,-8.033693874696075],[178.3142998599292,-8.034112484657738]],[[178.31426721298004,-8.034236995914148],[178.31419770653127,-8.034644163727576],[178.31430259870373,-8.03491512557553],[178.3144388780563,-8.035021319018245],[178.31460720662304,-8.034914151815459]],[[178.32029936852086,-8.037066285437577],[178.3204428582282,-8.036930176336266]],[[178.32028856641512,-8.034293203933892],[178.32008708188297,-8.034082705915953],[178.31996266321335,-8.033811808784371],[178.32006347886679,-8.033268892162189],[178.3199784019777,-8.032997868707547],[178.31987584163437,-8.032917596087692],[178.31960363357723,-8.032910868026443],[178.31933181310396,-8.033024180169082],[178.31906088796762,-8.0334148768201],[178.31868445341695,-8.034358502810097],[178.31824193429136,-8.036258998413967],[178.3183292284329,-8.036530015152394],[178.31880061029187,-8.037103529889327],[178.31988972686912,-8.037214893721504],[178.3201618256983,-8.037186949759139],[178.32029936852086,-8.037066285437577]],[[178.31659711111814,-8.034907785006267],[178.31586074315362,-8.035995329891064],[178.31583594695348,-8.03626670617545],[178.31607649820492,-8.036415108267942],[178.31634873725767,-8.036430627467267],[178.3172380614391,-8.03626221610779],[178.31740736887326,-8.035990376844905],[178.31773293290223,-8.034904146565326],[178.31828141715357,-8.033817201704725],[178.318351335823,-8.033274384184857],[178.31824303562084,-8.033014422010258],[178.3179709459401,-8.03304445781185],[178.3177632909993,-8.033276268805647],[178.31742991263388,-8.034080251866628],[178.31715880311503,-8.034414554987265],[178.31661596183426,-8.034890503730402]],[[178.32656052813005,-8.037884446405767],[178.32642065564974,-8.037860466751326],[178.32625393542045,-8.038132300526968],[178.32643533728267,-8.039216898236077],[178.32633842165862,-8.039488506801666],[178.32615875795065,-8.039889700603652],[178.325887677735,-8.040231489143682],[178.32561527343435,-8.040165670771383],[178.32551640528737,-8.04030504656723],[178.32561641963127,-8.040518634053111],[178.3261506698322,-8.04111688740592],[178.32643555294908,-8.041306770388136],[178.32670786414207,-8.041343686569535],[178.32725194331633,-8.041250448665773],[178.3279323764973,-8.04123678543162]],[[178.3674765774318,-8.062684719137321],[178.3673347904571,-8.062438759621031],[178.36706268631283,-8.062467581116804],[178.36693272981515,-8.062686533569048],[178.3670636502568,-8.06275461204925],[178.3674765774318,-8.062684719137321]]]}},{"type":"Feature","properties":{"year":2016,"certainty":"good"},"geometry":{"type":"MultiLineString","coordinates":[[[178.37715624382892,-7.9297198057215255],[178.37731448949614,-7.929447990819243],[178.37727464701553,-7.929176830948162],[178.37695831934306,-7.92893065571221],[178.37668639299807,-7.928986272740549],[178.3765111153665,-7.929179354997672],[178.37652417365462,-7.929450603548021],[178.37666707681223,-7.9297214229182815],[178.37696139988884,-7.929856852046667],[178.37715624382892,-7.9297198057215255]],[[178.38347113501683,-7.933496949731602],[178.38377521348215,-7.93315475553621],[178.3839127407238,-7.932681609370144],[178.38293175857234,-7.931328414217627],[178.3813150177301,-7.929806411346102],[178.3810423811425,-7.929648974762902],[178.38022518586953,-7.929390640332029],[178.37859173540795,-7.929155596259438],[178.37831966883863,-7.929169016640524],[178.3780479676204,-7.929292213172172],[178.37755057718,-7.929718501628743],[178.3775997188578,-7.929989630667967],[178.3782992433617,-7.931072482186939],[178.37908776828854,-7.931883745689279],[178.37919971888866,-7.932154666257374],[178.37919335216745,-7.932697270094406],[178.37942054696023,-7.9328997660058995],[178.38023637466162,-7.932745967337822],[178.38159706810853,-7.932783932937696],[178.3824142692439,-7.93304178528739],[178.3826925402866,-7.933228245546387],[178.38296032249335,-7.933588305982354],[178.38323250689322,-7.933609469412123],[178.38347113501683,-7.933496949731602]],[[178.38570178170116,-7.934845983767938],[178.38641059543883,-7.93457233281354],[178.38645139797902,-7.934300906359864],[178.38628854131812,-7.934030158205382],[178.38595399164586,-7.933713890047707],[178.385136151515,-7.9332658741100985],[178.3848650830595,-7.933578040678162],[178.38469128177624,-7.934306765250036],[178.384735993396,-7.934577907246661],[178.3848690870109,-7.9347742607884655],[178.38509978381097,-7.9348479875222],[178.38570178170116,-7.934845983767938]],[[178.40668885444012,-7.945627112472421],[178.40694610540095,-7.945313345632953],[178.40716543466021,-7.944811635088172],[178.40694349470292,-7.944546670774209],[178.40667176261073,-7.94466008879741],[178.40650264173632,-7.945085166259735],[178.40645958471077,-7.945356600117265],[178.40662098051445,-7.945627342162152],[178.40668885444012,-7.945627112472421]],[[178.414886263346,-7.948854736847647],[178.4146982358031,-7.948312802668004],[178.41477680414746,-7.9480412479689075],[178.41469019065894,-7.947770255630298],[178.41430102306282,-7.947569355670213],[178.4141298094503,-7.9477721629566895],[178.41408745854116,-7.948314881636579],[178.41415157391444,-7.948585950712121],[178.41457820366318,-7.949047020001588],[178.4148499739526,-7.948944864944831],[178.414886263346,-7.948854736847647]],[[178.41666647954227,-7.950205105862738],[178.41696151118396,-7.9499328127471465],[178.4172450376695,-7.949389271826444],[178.4172358258969,-7.949118016338298],[178.41702706584374,-7.948983114209356],[178.41675549655812,-7.94914363488073],[178.41648469728722,-7.949528698596605],[178.4163077239345,-7.949663755075443],[178.41616057813522,-7.949935543692542],[178.41621502784977,-7.950243305578092],[178.41648740905146,-7.950319183454285],[178.41666647954227,-7.950205105862738]],[[178.41953112634891,-7.952365620337676],[178.41975949328494,-7.952248615655971],[178.42034891019625,-7.951006391813109],[178.4202698795234,-7.950735375486932],[178.4200257191223,-7.9505345377039855],[178.41975332257078,-7.950454311367121],[178.41944961470372,-7.950738179139294],[178.41917192222135,-7.951824274584997],[178.41925490691753,-7.952095277684303],[178.41953112634891,-7.952365620337676]],[[178.4233288332599,-7.953709053750149],[178.42344265903967,-7.9534373774346205],[178.42342319837414,-7.953166157982621],[178.4232119424113,-7.9527599527479005]],[[178.42316258663217,-7.952704835991923],[178.4228906069618,-7.952489767583454]],[[178.42261696815842,-7.952305898811797],[178.42220804215967,-7.952090056010409],[178.42193591286346,-7.952087780173957],[178.42166436530692,-7.9522544245437485],[178.42137657253997,-7.9526305951349485],[178.42126371811122,-7.952902267766235],[178.42135785653986,-7.953444518377024],[178.4216697042169,-7.953804440302697],[178.4222140201,-7.95382494963843],[178.4227586709528,-7.953942643790239],[178.4230306280054,-7.953894637088444],[178.4233288332599,-7.953709053750149]],[[178.42526218793114,-7.955872709950037],[178.42552943332402,-7.955600506481663],[178.42558539165668,-7.955329028449865],[178.42549955118693,-7.95505803729379],[178.42493726552345,-7.954410302944349],[178.42466446438868,-7.954213776644639],[178.42439233797163,-7.9542126642845465],[178.42412112160696,-7.954475271370375],[178.42377565585528,-7.955063952508568],[178.42376216835373,-7.955335284856062],[178.4238446814069,-7.955606287968001],[178.4240857792294,-7.955876747075166],[178.42439853532574,-7.956007983501652],[178.424942796553,-7.956011960580506],[178.42526218793114,-7.955872709950037]],[[178.42622780392358,-7.957768394284237],[178.4262237548468,-7.957497122412473],[178.42634112174605,-7.957225433329738],[178.42672061517482,-7.956952843359073],[178.42691814590938,-7.956680878658559],[178.42684884995964,-7.95635551771981],[178.42657665253395,-7.956334208094517],[178.42650663114867,-7.956411007263553],[178.4263062766418,-7.956839776323015],[178.42626975074094,-7.957225678577393],[178.42603608724494,-7.9573994617299855],[178.4258669942602,-7.957769633969618],[178.42603804999382,-7.957967212007378],[178.42622780392358,-7.957768394284237]],[[178.42931005612357,-7.961555787081058],[178.4298590751161,-7.961220538940213],[178.43034110147573,-7.960738377720347],[178.43042217135516,-7.96046681295917],[178.43037456930327,-7.960195691787651],[178.4298981352146,-7.959383477906107],[178.42966232106954,-7.959113005035952],[178.429034505123,-7.958857143067985],[178.42895700873373,-7.95830157794406],[178.42877723017617,-7.958030911409916],[178.4276676589537,-7.957060010122628],[178.42739550897937,-7.957052535929901],[178.4271169985632,-7.957222766441811],[178.42673973186217,-7.957766634842048],[178.42665976449723,-7.958038195455463],[178.42676527244285,-7.958309118482699],[178.42718963654207,-7.9585789450519275],[178.4272964016725,-7.958849863529438],[178.42726942604233,-7.959663813244825],[178.4274053861717,-7.959906620936882],[178.42767824451798,-7.960118157526781],[178.42795053508434,-7.960165652793401],[178.42834246115737,-7.959660121061108],[178.42849172484875,-7.959281566217563],[178.42876315224837,-7.959080068794571],[178.42885125069677,-7.959115798480613],[178.42864885819938,-7.959659066276856],[178.42864976785293,-7.959930348626951],[178.42868934822283,-7.960201497822921],[178.42897664697492,-7.9607430793587035],[178.42900366320572,-7.961014271737918],[178.42889374315854,-7.961557221196589],[178.42904426920677,-7.961674666591238],[178.42931005612357,-7.961555787081058]],[[178.40392693552815,-8.009660433250623],[178.4044435314899,-8.009367790223097],[178.40534862774768,-8.008299153762284],[178.40706394924624,-8.006936869576231],[178.40886511964175,-8.005031712664504],[178.41029327326268,-8.002856538198174],[178.41093913209423,-8.002040470131234],[178.41155315257947,-8.000953223399668],[178.41230335837832,-7.999832890016239],[178.41311728957362,-7.999097928925468],[178.41447289760754,-7.9976010162737525],[178.41503296084935,-7.997143300009674],[178.41567832885113,-7.996327229141414],[178.41681785267735,-7.995238176938126],[178.41745580771936,-7.9944835156755705],[178.4182190085556,-7.9938769384350525],[178.4201685041398,-7.991938311819776],[178.4204398803677,-7.991715150782553],[178.42100608887299,-7.99142579002592],[178.42151752452926,-7.990338887843952],[178.42212487655993,-7.989522941402867],[178.42275358580594,-7.988435635165212],[178.4238466149338,-7.987346730119189],[178.4245072058339,-7.9862593127118355],[178.42532790826854,-7.9854426286938995],[178.42550156246173,-7.985170744761761],[178.42551090834291,-7.984899427024203],[178.42567529089555,-7.984627575021427],[178.4261468264399,-7.984354664264984],[178.4264304797574,-7.984082400904491],[178.42697968853486,-7.983266650819444],[178.42714941399458,-7.98272349469412],[178.42738020154815,-7.982451413295834],[178.4280260263258,-7.9819355571537365],[178.42856934934363,-7.98165979981246],[178.42986775927284,-7.980543829593777],[178.43029443665947,-7.980271070310269],[178.43053533668956,-7.979998952776294],[178.43073923453713,-7.979579680385449],[178.4310106880793,-7.979382748158419],[178.43128642695152,-7.978911216541278],[178.4315526292723,-7.978711548999902],[178.43182458054295,-7.978657910531304],[178.4325966505411,-7.978092830107093],[178.43345244115108,-7.977232476569431],[178.43359322111684,-7.97700424176658],[178.43378633530074,-7.9761897190648074],[178.43399178983753,-7.975917723000772],[178.43480708279026,-7.9754996144296175],[178.43589286842655,-7.974709637968162],[178.43714728380525,-7.97319394129078],[178.43743971887298,-7.9723790737458184],[178.4374709848649,-7.971836396627794],[178.4373806211725,-7.971294141446641],[178.4370130113813,-7.970481563320172],[178.4354314406886,-7.967502914137436],[178.4341728031429,-7.965608276996144],[178.43312361048396,-7.963712910185818],[178.43121893192347,-7.960997047109962],[178.43094656072063,-7.96092648015082],[178.43076910405037,-7.961008187210689],[178.43018427607777,-7.961552774207334],[178.43002423044447,-7.9618246112209725],[178.42999378661457,-7.962367286764129],[178.42985362273973,-7.962910340545515],[178.43041031640507,-7.963234611528271],[178.43078557509276,-7.963720982470211],[178.43089284143335,-7.964263182759602],[178.4307254825546,-7.9650776157123895],[178.4307898179634,-7.965348678908082],[178.43102266943612,-7.965619160536181],[178.43123639735785,-7.966027084678329],[178.43178075678838,-7.966055941379066],[178.43205351934978,-7.966238081190251],[178.43216645415075,-7.966429066598885],[178.43241916968998,-7.967513333430218],[178.4325305234008,-7.969411943174657],[178.43213757444616,-7.971854865723428],[178.43165639321862,-7.973484238514709],[178.42997136233967,-7.977559335622722],[178.42952619993434,-7.978374728294071],[178.42904298330419,-7.978918966929409],[178.42889178621505,-7.9791907740487655],[178.42886543784786,-7.979733435428174],[178.4290507538431,-7.980004080886846],[178.4294911728688,-7.980273845264367],[178.42937939071084,-7.98054551644944],[178.42911058985672,-7.980784969825467],[178.42883826091088,-7.98073047754405],[178.4287109547011,-7.980276539112922],[178.42856383415022,-7.9800719726189095],[178.42829178251736,-7.980097198725029],[178.42735357651392,-7.981366363699647],[178.42630359838805,-7.98245512557642],[178.42566963045522,-7.983542452429801],[178.42489404779235,-7.984358981023373],[178.42412197100268,-7.985989353642037],[178.42334431787773,-7.9870771734487525],[178.42233237565188,-7.988093519081972],[178.42191785963604,-7.988981081650304],[178.42134811623797,-7.989796898445437],[178.42072670907683,-7.990341606365069],[178.4198945549906,-7.991417322396916],[178.4190804674849,-7.992099152514177],[178.41853957801993,-7.992790693204615],[178.41685233844248,-7.994152913089044],[178.41555512301994,-7.99574984613211],[178.414199244778,-7.997165581645926],[178.41338520031178,-7.997866045319111],[178.41175782459104,-7.999476748572595],[178.4109460574324,-8.000841977379379],[178.4093227368613,-8.002317278705105],[178.40777594403198,-8.004221567835152],[178.40637323361707,-8.006396649804985],[178.40552502663397,-8.007282762730338],[178.40453685669783,-8.008030630953973],[178.40399383876297,-8.008846342501874],[178.40339308865967,-8.00939096238801],[178.4033560200342,-8.009699037493204],[178.40362842433476,-8.009769858148566],[178.40392693552815,-8.009660433250623]],[[178.43046732853568,-7.979646582394312],[178.43033469368106,-7.9791857910166994],[178.43044833325527,-7.978642828268366],[178.4302770690634,-7.978100849857499],[178.4303302280143,-7.977558096072622],[178.43084082567125,-7.976742476835822],[178.43100109941116,-7.976625871428001],[178.43181748017338,-7.976617522280941],[178.4319729064932,-7.976738563495234],[178.4319739458383,-7.977009844793494],[178.43167535251297,-7.9775534471400285],[178.43151630937237,-7.978639136762043],[178.43046732853568,-7.979646582394312]],[[178.33963479185385,-7.989255864929485],[178.34014604515477,-7.988989270372061],[178.3404304285233,-7.98871069651004],[178.34088734007176,-7.988166625376552],[178.3409247671412,-7.987895209159652],[178.34068614540246,-7.987699082296541],[178.34041406976488,-7.98772312036462],[178.34000665146718,-7.987972391924158]],[[178.3399273591226,-7.988034089617001],[178.33973520934933,-7.988190830140956]],[[178.33959555888106,-7.988306459586567],[178.3392542873966,-7.988714507546173],[178.33921231958357,-7.98898593849979],[178.3393302383953,-7.989191188433064],[178.33963479185385,-7.989255864929485]],[[178.34856539668013,-7.991125891373234],[178.3491182929341,-7.9905814993864315],[178.34924409003582,-7.990309794902751],[178.3492450069337,-7.990038497977918],[178.3491298527753,-7.98981467292179],[178.34884094094915,-7.989497228513462],[178.34803810916515,-7.988862155361154],[178.34749163958327,-7.988203041679681],[178.34721909967075,-7.988085226619437],[178.34694705579702,-7.988118700333646],[178.34672742372186,-7.988418941313199],[178.34662751482298,-7.989233149381185],[178.34701878630955,-7.990317051569642],[178.34722750525822,-7.99064860728072],[178.34777340780943,-7.99113382873305],[178.34804592920693,-7.991245310598206],[178.34831811065095,-7.99125319173885],[178.34856539668013,-7.991125891373234]],[[178.4015683856995,-8.011838758387984],[178.4024884218,-8.011021766562797],[178.40304955491195,-8.010205994453433],[178.40281288020975,-8.01004481354796],[178.40208817279745,-8.010751839783188],[178.40175219598132,-8.011295557760475],[178.40145738279531,-8.011598154587205],[178.40138640912272,-8.011839376918886],[178.40145862703554,-8.011961876221644],[178.4015683856995,-8.011838758387984]],[[178.4006925506681,-8.012926886577908],[178.40093658068346,-8.012654769445307],[178.40091637622032,-8.012568984367176],[178.40064473077263,-8.012720621999504],[178.40052928497215,-8.012927441241388],[178.4006925506681,-8.012926886577908]],[[178.39935163948772,-8.015101745187174],[178.39929173202074,-8.0150100914513],[178.3992926582099,-8.015281142885398],[178.39935163948772,-8.015101745187174]],[[178.3787558605056,-8.074041094767553],[178.37941154434313,-8.07349630597208],[178.3799436736054,-8.07268064343475],[178.3804231584639,-8.071051289499335],[178.38044085653263,-8.070779940295868],[178.3803176611559,-8.070237776589364],[178.38039498672296,-8.069694936803396],[178.3808490612851,-8.068743892456231]],[[178.38083250279377,-8.066844921640973],[178.38044322184714,-8.063997693080323],[178.38008428683614,-8.062371164255753],[178.37997303586752,-8.061286380126905],[178.37991838527503,-8.059658825844432],[178.3799650654356,-8.058844799541264],[178.38010782758528,-8.058030449842814],[178.38009676008483,-8.057216617906821],[178.38106783734614,-8.053957872792598],[178.38193340508067,-8.052327220384026],[178.384278532468,-8.050149000460374],[178.3847116021801,-8.049497645711876],[178.38543548397615,-8.048788650397332],[178.38558808229695,-8.048516846097595],[178.3857507044018,-8.04743114025751],[178.38592498690494,-8.046887973529056],[178.38602157241618,-8.04580249063266],[178.38587666460953,-8.043361376449043],[178.38572339924414,-8.042548025666662],[178.38563960382163,-8.041463151081462],[178.38586905875854,-8.039292062709915],[178.3872858482231,-8.036574390644814],[178.38831539143197,-8.035485758669092],[178.38928691360218,-8.034245463624423],[178.39015464467403,-8.033309232723237],[178.39064193309483,-8.03251841382843],[178.39118479789462,-8.032080226674909],[178.39172618483363,-8.031208435350933],[178.39234850651778,-8.030588924101322],[178.39259387368745,-8.030045516216719],[178.39347334403632,-8.028686095395344],[178.39378742822214,-8.027871165917809],[178.3942744657366,-8.027326939030909],[178.3950498111811,-8.026239157738415],[178.39534804387677,-8.025695569975971],[178.39546310185102,-8.024881314662624],[178.39563989880102,-8.02433813850312],[178.39588276059138,-8.023794738358683],[178.39637803618797,-8.022979193887004],[178.39651314506395,-8.02243615900791],[178.39683662709535,-8.021621196927905],[178.39727023791707,-8.020796275798915]],[[178.3973329731914,-8.020670004222508],[178.39758332300252,-8.019990934200584],[178.39794595780822,-8.019419027118033],[178.39835133259217,-8.018576501865763]],[[178.39850520927286,-8.01822443227941],[178.39875335895462,-8.01675435756086],[178.39848189621804,-8.016960525416959],[178.39821142610072,-8.017457414506811],[178.39803565089545,-8.018361669983186],[178.39782653405683,-8.018904956012229],[178.39763454360258,-8.019176895653192],[178.39676932411513,-8.021078848539656],[178.39591046719738,-8.022438202413575],[178.39579573590282,-8.022709879736714],[178.39563593536565,-8.023795575096951],[178.39377016519336,-8.02624349283288],[178.39309940709794,-8.027330918271531],[178.39244897131442,-8.028146985669618],[178.39142858177777,-8.029235592473285],[178.39011627141326,-8.031681628845046],[178.3892827272688,-8.03301437214666],[178.3886723654691,-8.033585529654172],[178.38800222702847,-8.03440165946771],[178.38765689038152,-8.035144871563602],[178.38602452704114,-8.037663802525845],[178.3857625082646,-8.038351780760456],[178.3856888699943,-8.03929267032097],[178.38549452123962,-8.039588195437192],[178.38513997402598,-8.040650967710464],[178.38499758287497,-8.043364341512614],[178.3852164191866,-8.044448760908121],[178.38510873346223,-8.045262992099662],[178.38483611481055,-8.045806490231925],[178.38472060064058,-8.046349458503986],[178.3845826205867,-8.046621213174312],[178.38283345499627,-8.049611292907972],[178.382041898504,-8.050699117418247],[178.38150156371972,-8.05124351602275],[178.3814444585059,-8.05178628757818],[178.38080834645928,-8.053144877203046],[178.38044123550043,-8.053688692080303],[178.38021319367635,-8.054503328645195],[178.37971601219135,-8.05559016043203],[178.3796187419045,-8.05613306724032],[178.37905681891286,-8.05803398607941],[178.37890260629635,-8.05939095395565],[178.37866711608743,-8.059663035823943],[178.37577205915377,-8.062159012707866],[178.37522872214976,-8.062473571513031],[178.3735977642837,-8.063138305040036],[178.37278344129572,-8.063814087384555],[178.37251172032558,-8.063956510114835],[178.37196732180942,-8.06395777886287],[178.37181405373465,-8.064026675088341],[178.3717213075708,-8.064298276168683],[178.3717756997892,-8.064840675178088],[178.3719709249249,-8.065026577889423],[178.37251497293764,-8.064920962405225],[178.37271431788395,-8.065108821762784],[178.37273877747847,-8.065380030248942],[178.37260272972077,-8.065923067014761],[178.37279136759514,-8.06616373199364],[178.37306328357172,-8.06607873666761],[178.37333464204963,-8.065828605100847],[178.37360665254064,-8.065771722145895],[178.3738791863983,-8.065869876234267],[178.3741520865208,-8.066076451397585],[178.3744505745292,-8.06645945162703],[178.37472364374048,-8.06754369606834],[178.37465562685216,-8.068086504771959],[178.3748254497783,-8.06862851505078],[178.374813353759,-8.068899845832956],[178.37463822481072,-8.069171723957796],[178.37402243566737,-8.069716371237465],[178.37387492601053,-8.069988156482184],[178.3738612871549,-8.070259492507562],[178.37423479714894,-8.07080081941443],[178.37458917169383,-8.07188479037998],[178.3749091600676,-8.072426295961051],[178.37555101689998,-8.07323800955744],[178.37608304217122,-8.073624212140283],[178.37690112581836,-8.074055660545596],[178.37744607999804,-8.074214699982624],[178.37799065931947,-8.0742630737129],[178.37853475704802,-8.074169443255892],[178.3787558605056,-8.074041094767553]],[[178.31169869666738,-8.022986352791095],[178.31167825480657,-8.0229480353041],[178.3116673563942,-8.022986452622776],[178.31169869666738,-8.022986352791095]],[[178.3140486735673,-8.030575182703329],[178.3149670700564,-8.029992097261259],[178.31523919746556,-8.02997424020889],[178.31534679277857,-8.030028440243928],[178.31544979607708,-8.030299407962499],[178.3153287491707,-8.030842389069653],[178.31541926371355,-8.031113396686719],[178.31606118327028,-8.03166098002809],[178.31633366014702,-8.031751325548417],[178.31742223424285,-8.031698803940987],[178.31770700261305,-8.031648668533668],[178.3180790950672,-8.03137617965725],[178.31811800040666,-8.031104758251647],[178.3174892341648,-8.030021585192083],[178.31621348850425,-8.028397886655949],[178.31538955867734,-8.027044035814237],[178.31512500911387,-8.026502286999326],[178.31499662586552,-8.025688805774328],[178.31481602447633,-8.025342145218831]],[[178.31399895320834,-8.02517850500267],[178.31359164108832,-8.025477583158702],[178.3122331879901,-8.026243428138354],[178.31196147388545,-8.02638948538929],[178.3116894406784,-8.026436126700908],[178.31124454815384,-8.026243369784961],[178.31032488237332,-8.025298917009566],[178.31005250350935,-8.025237537681104],[178.30981777139164,-8.025434019412698],[178.3100522347913,-8.025704570985571],[178.31059894545325,-8.025885841932828],[178.3109917916123,-8.026244174889872],[178.31117073145342,-8.02678619999351],[178.31120437073426,-8.02705739035321],[178.3111475167428,-8.02719767334248],[178.31087542003277,-8.027224725527907],[178.31033022639085,-8.026966764477732],[178.30978397762735,-8.026379197193505],[178.3092385181603,-8.026037680628464],[178.30869380232525,-8.02592828457257],[178.30842200009548,-8.026047249734011],[178.30785772324316,-8.026525442820475],[178.3067062369475,-8.02815688797263],[178.30642792374354,-8.02870036761922],[178.30592297639188,-8.030058460666796],[178.3057857208868,-8.030872790451163],[178.3058183690571,-8.031143984856861],[178.30594851626554,-8.031414869728788],[178.30680859549034,-8.032207809798846],[178.30762702992843,-8.03279307663796],[178.3084450644245,-8.033252762265878],[178.3091619336712,-8.033846334464416],[178.3100819403296,-8.034422195528279],[178.31062727191465,-8.034719843980596],[178.31117220190447,-8.034892153309995],[178.31253285013096,-8.034800601942068],[178.31307845553238,-8.03518286498139],[178.3133504829433,-8.035132753869929],[178.31366885018488,-8.034645853630922],[178.31383373072242,-8.034102732536505],[178.31405076576226,-8.032745553346546],[178.31398058716508,-8.03247448039587],[178.31341067373245,-8.031662409000981],[178.31264873869708,-8.031122246495821],[178.31242766869465,-8.030851654505147],[178.31279094586787,-8.030414223023858],[178.31287290529374,-8.030578936541447],[178.3133369280877,-8.030915723606347],[178.3136090881438,-8.030907758865176],[178.3138807187586,-8.030735114206673]],[[178.3146032203308,-8.03491416456016],[178.31498107489068,-8.034344185799027],[178.31524923575998,-8.033555613621601],[178.31541257674024,-8.03328379419608],[178.3155369088662,-8.03274080252026],[178.31523773922228,-8.031927868224452],[178.31497261379064,-8.03171513816357],[178.3147006650164,-8.031788890654688],[178.31463395458022,-8.031929798390383],[178.31447782349585,-8.033558080006804],[178.31413371592424,-8.034644368238812],[178.3141665268528,-8.034970684403945],[178.31443898174248,-8.035053541602915],[178.3146032203308,-8.03491416456016]],[[178.31694857649924,-8.036263143532864],[178.31716457030691,-8.036203059004446],[178.31728849882825,-8.035990757730854],[178.31764871426458,-8.034904416455241],[178.31831408646744,-8.033817096977087],[178.3183711488911,-8.033545617360675],[178.31824354951914,-8.033173704275999],[178.3179712921135,-8.033151776029488],[178.31780113687543,-8.033276147538968],[178.3176385489739,-8.033547965248824],[178.3174609621536,-8.034091127755229],[178.31677193989765,-8.034907225171807],[178.3163463329871,-8.035684631528145],[178.3159866433893,-8.035994926914912],[178.31592768280916,-8.036266412550894],[178.31607631499745,-8.03635825337671],[178.31634858451108,-8.036383235452242],[178.31694857649924,-8.036263143532864]],[[178.32030352320862,-8.037066272093442],[178.3211282430109,-8.035978436967302],[178.32125100965084,-8.035706746093823],[178.3212564555798,-8.03543543223491],[178.3209711815105,-8.034957229153369],[178.32042559907075,-8.034583735983166],[178.3200119807539,-8.034082946994557],[178.31991809485336,-8.033811951834643],[178.31993628677702,-8.033269300399933],[178.3198767356151,-8.033194342912415],[178.31960425309188,-8.033102690027894],[178.31933221680612,-8.033149204079416],[178.31906083492868,-8.033398448289605],[178.31871198461386,-8.03435841452105],[178.31830633281427,-8.036258791915001],[178.31833333502573,-8.036530001983277],[178.31852802078873,-8.036979555326749],[178.3188009769857,-8.037217079961186],[178.31989006650693,-8.037319977417907],[178.3201619601593,-8.037228543639625],[178.32030352320862,-8.037066272093442]],[[178.32456782796095,-8.037052553750843],[178.32475799867908,-8.03678064496752],[178.32451427936047,-8.03639491331703],[178.32430423718537,-8.036510810968752],[178.32429386945293,-8.036782140389853],[178.32444491959163,-8.037052949768238],[178.32456782796095,-8.037052553750843]],[[178.32824064864553,-8.0411101363853],[178.32915556870873,-8.040724844400925],[178.33133128062022,-8.040169425850268],[178.33160294329792,-8.0400077909172],[178.33177372023073,-8.039742223824737],[178.3318472065172,-8.039470690480046],[178.33160038945994,-8.039224819325407],[178.33078468121928,-8.039488565678369],[178.33051257598405,-8.039514437406881],[178.3299678635788,-8.03941216130131],[178.32915031278145,-8.039110540938333],[178.32860487936958,-8.038786508855779],[178.3277872724684,-8.038467051263131],[178.3266966941709,-8.037906479650692],[178.32642449205878,-8.037902422013746],[178.32630469571137,-8.038132136734161],[178.32662587807428,-8.039216283203634],[178.32658779897207,-8.039487701869701],[178.32590591694623,-8.040575085708046],[178.32596835843748,-8.04084618000993],[178.32618272570622,-8.041116783939744],[178.3264353867977,-8.04125564291778],[178.32779623458725,-8.041222521178284],[178.32824064864553,-8.0411101363853]],[[178.36732634542585,-8.062685220426548],[178.36706319034826,-8.062617667673392],[178.36700065548678,-8.062686306988946],[178.36706351586847,-8.06271459624993],[178.36732634542585,-8.062685220426548]]]}},{"type":"Feature","properties":{"year":2016,"certainty":"unstable data"},"geometry":{"type":"MultiLineString","coordinates":[[[178.4232119424113,-7.9527599527479005],[178.42316258663217,-7.952704835991923]],[[178.4228906069618,-7.952489767583454],[178.42261696815842,-7.952305898811797]],[[178.34000665146718,-7.987972391924158],[178.3399273591226,-7.988034089617001]],[[178.33973520934933,-7.988190830140956],[178.33959555888106,-7.988306459586567]],[[178.3808490612851,-8.068743892456231],[178.38089644397866,-8.068336798418361],[178.38083250279377,-8.066844921640973]],[[178.39727023791707,-8.020796275798915],[178.3973329731914,-8.020670004222508]],[[178.39835133259217,-8.018576501865763],[178.39850520927286,-8.01822443227941]],[[178.31481602447633,-8.025342145218831],[178.31440689796136,-8.025076479408725],[178.31399895320834,-8.02517850500267]]]}},{"type":"Feature","properties":{"year":2017,"certainty":"good"},"geometry":{"type":"MultiLineString","coordinates":[[[178.37699854226796,-7.929991618796252],[178.37723291093295,-7.929676255276066],[178.37731132976762,-7.929176709648693],[178.3772307027695,-7.929012476221216],[178.3769581019564,-7.928865292058622],[178.37668614307788,-7.928911112573391],[178.37644494331352,-7.929179573680449],[178.37668906412975,-7.929789534126017],[178.37699854226796,-7.929991618796252]],[[178.38347966005077,-7.933496921400114],[178.3841747924863,-7.932952029033315],[178.3841815484903,-7.93268071575379],[178.38359017128786,-7.932140099705778],[178.38294069885345,-7.931328384525623],[178.38131511034743,-7.929834168317934],[178.38022521091997,-7.929398154168543],[178.37831954053726,-7.929130478443033],[178.37804789625974,-7.929270774532437],[178.37752361936262,-7.929718590792348],[178.37753224770745,-7.929989853842476],[178.37859978357895,-7.931572185843707],[178.37901112032108,-7.931883999550142],[178.3791456699376,-7.9320705677315],[178.37919892067086,-7.932697251647516],[178.3794206026637,-7.932916476415017],[178.38023638670964,-7.932749579541196],[178.38159706399176,-7.932782699883705],[178.38241425981874,-7.933038964018951],[178.3826869309874,-7.9332282641767256],[178.38296019243452,-7.933549393005077],[178.38323256226693,-7.933626033594565],[178.38347966005077,-7.933496921400114]],[[178.3870746132228,-7.93565528243191],[178.3874098953056,-7.9353828744223165],[178.38743203935798,-7.935111510176409],[178.38731882276525,-7.934985648195745],[178.38685040047048,-7.934842158167082],[178.38649990988554,-7.9342186513013155],[178.38540843125992,-7.933315618089602],[178.3848632294965,-7.933024207322832],[178.38459123972163,-7.933061064201532],[178.3844932554075,-7.933222260869546],[178.38465427883798,-7.933764306841895],[178.38468330452068,-7.934578082528641],[178.38486463433998,-7.93484876998245],[178.38568595463312,-7.934931019512659],[178.38622972575504,-7.934794539347249],[178.38677441548313,-7.934932243561435],[178.3868683188749,-7.935384679445005],[178.3870746132228,-7.93565528243191]],[[178.39680373094706,-7.941184174489407],[178.3968632009857,-7.941026048569482],[178.39659087304034,-7.940963618656042],[178.3965464979681,-7.9411850383332485]],[[178.4065373252816,-7.94513650549897],[178.40652797332575,-7.945220724635523]],[[178.41487765438137,-7.948854766162992],[178.4147272074252,-7.94858399123653],[178.414676504445,-7.948312876652772],[178.41478985527448,-7.948041203534589],[178.4147296994476,-7.947770121128761],[178.41430102206155,-7.947569063258963],[178.41414452773319,-7.947772112870863],[178.4142098076814,-7.948585752518693],[178.41430519422246,-7.948787405761584],[178.4145781530477,-7.949032243904572],[178.41484992979102,-7.948931975235256],[178.41487765438137,-7.948854766162992]],[[178.4167455688469,-7.949119688310401],[178.41634565686923,-7.949663625761019],[178.41622588685482,-7.949935321066885],[178.4162837157896,-7.950206410938409],[178.41648741047013,-7.950319596976913],[178.41675918097636,-7.950217477950316],[178.41703041513188,-7.949959120852941],[178.41734452440815,-7.949388932452903],[178.4173203817544,-7.949117727910615],[178.41702699188858,-7.948961561750628],[178.41675536183664,-7.949104366751973]],[[178.41982695881572,-7.952093322533985],[178.42028045816,-7.951006625863832],[178.42018751287145,-7.950735657088009],[178.42002597087597,-7.950607735370036],[178.41975363866138,-7.95054623353254],[178.4195590143841,-7.9507378053064794],[178.41922993912712,-7.9515527896953175],[178.41920203257058,-7.9518241717033735],[178.41929230375237,-7.952095149894032],[178.41948764112647,-7.9523270386419265],[178.4197594128098,-7.952225217992817],[178.41982695881572,-7.952093322533985]],[[178.42330445659994,-7.953709137302545],[178.42336449413582,-7.953573288437729]],[[178.42152892618955,-7.952434950327594],[178.42127857155114,-7.9529022169334445],[178.42129192441885,-7.953037814437803]],[[178.4220779006866,-7.953808083482797],[178.4227584880895,-7.953889600862602],[178.42303047629423,-7.953850638587523],[178.42330445659994,-7.953709137302545]],[[178.4252056717384,-7.955872903974952],[178.42548535454299,-7.955522976822801],[178.42553664920007,-7.955329195814165],[178.42547242874073,-7.9550581304146535],[178.42474232060258,-7.954246778493298],[178.42466437410192,-7.954187623268703],[178.424392308692,-7.954204181242117],[178.42412125297906,-7.954513339040644],[178.42381603285378,-7.955063814044521],[178.42378850750612,-7.955335194530023],[178.42389622461602,-7.955606111190887],[178.42412589956172,-7.955859657351756],[178.4243984954121,-7.955996422208887],[178.42467079487662,-7.956047308313823],[178.4252056717384,-7.955872903974952]],[[178.42664184582767,-7.956953114091486],[178.4268593880978,-7.956681080633442],[178.42657699619616,-7.9564335956035075],[178.42638752572893,-7.956953988094656],[178.42657896487898,-7.957002916296173],[178.42664184582767,-7.956953114091486]],[[178.4292428591627,-7.961556018589521],[178.42974951629796,-7.961282987438488],[178.43027349440774,-7.960738610786473],[178.43040032461357,-7.960466888275795],[178.43034686036097,-7.960195787307667],[178.42986340911574,-7.959383597564033],[178.42957960100873,-7.959101124006158],[178.4293070787154,-7.958986554482705],[178.42903526946662,-7.9590777391686585],[178.42897180139008,-7.958844097931626],[178.42901279221,-7.958572671330343],[178.42893426019637,-7.9583016562684845],[178.42874829722857,-7.958031011011543],[178.42766782266662,-7.95710731568545],[178.42739560981389,-7.957081678114703],[178.42712418239495,-7.957283078264719],[178.42698289087912,-7.957494513210208],[178.42682736034754,-7.957766333608933],[178.42677313799933,-7.958037805726236],[178.42691526980923,-7.958308602794555],[178.42737398942512,-7.958578311033018],[178.42743193991348,-7.958849397349484],[178.42731625711627,-7.959663652162676],[178.4274576399588,-7.959934451442319],[178.4276781185894,-7.960081784156131],[178.42795023201793,-7.960078131638902],[178.42849138692347,-7.959184004272904],[178.42876285700768,-7.958994844342747],[178.42902018279455,-7.95911521678451],[178.42879150784208,-7.9596585751225],[178.42874723261244,-7.960201298509277],[178.42901955785808,-7.960742931564676],[178.4290555691112,-7.961014092953289],[178.42896308149855,-7.961285696942527],[178.42897595989322,-7.961556938009359],[178.4290440530785,-7.961612311769605],[178.4292428591627,-7.961556018589521]],[[178.4261391951881,-7.957768698758996],[178.42612511521617,-7.957497461341697],[178.42603625280267,-7.957447353047705],[178.42593270957738,-7.9577694082054595],[178.42603774529854,-7.957879077734468],[178.4261391951881,-7.957768698758996]],[[178.43265013448243,-7.978092645037784],[178.43345239445506,-7.977219072409591],[178.43358579403636,-7.977004267480269],[178.43379961834907,-7.976189673074909],[178.43399221380687,-7.975940892128574],[178.43480715456454,-7.975520202370399],[178.43589290777646,-7.974720917819841],[178.43674500109535,-7.973737905441418],[178.43744513844672,-7.972650339260419],[178.43753764096115,-7.9721074496835715],[178.4373835284001,-7.971294131361769],[178.4370749283474,-7.97048134860853],[178.43589552671287,-7.9684508028720495]],[[178.43573369613745,-7.968083037970419],[178.43563526728857,-7.967909135198081]],[[178.43545989631164,-7.96760394666637],[178.43531399421377,-7.9673676784763865]],[[178.435186184646,-7.967149961185643],[178.4349883834747,-7.966826236358614]],[[178.43491247445004,-7.966696207711339],[178.43481895886228,-7.9665555380500965]],[[178.43463887462786,-7.966273965235114],[178.43445054426397,-7.966014243383758]],[[178.4343654621759,-7.965905376588999],[178.43367619510764,-7.964796139817961],[178.4333044838073,-7.96398357005411],[178.4314924857833,-7.961408235957656],[178.4312191751359,-7.961067114712511],[178.43094671718643,-7.960971565788993],[178.43067506915392,-7.961109409090789],[178.43021258175673,-7.961552676625084],[178.4300479952263,-7.961824529299794],[178.43006747022494,-7.962367032748511],[178.4299341535477,-7.962910062933101],[178.4304102454629,-7.963214167773048],[178.43077627199443,-7.963721014563704],[178.4308982530396,-7.964263164088101],[178.43072973346656,-7.965077601045861],[178.43080258837773,-7.9653486348439335],[178.43103514243415,-7.965619117489837],[178.43123640099765,-7.966028132595105],[178.43178086420053,-7.966086854004846],[178.43215060213086,-7.96642912135541],[178.4323843369416,-7.967242168825235],[178.43252151093668,-7.96914068940238],[178.43239605810746,-7.9704975476322915],[178.4321405355943,-7.971854855488293],[178.43134703664032,-7.9742991625368],[178.42982560738324,-7.977831124111274],[178.42951948556077,-7.978374751478161],[178.428870801271,-7.979190846482458],[178.4286003855086,-7.980005635516244],[178.42829185304635,-7.980117509922758],[178.42774985166338,-7.980773535645919],[178.42720839127,-7.981585928937295],[178.4264929939566,-7.982183187264167],[178.42585340797075,-7.983235230159903],[178.4248461384101,-7.984359146031687],[178.42454022116587,-7.985174056468801],[178.4237086801481,-7.986533347859902],[178.42314601111957,-7.987284993905372],[178.42233215495025,-7.988029758587792],[178.42188827420102,-7.988981183392777],[178.42132095240214,-7.989796991832097],[178.42070719562344,-7.9903179495051],[178.419894616331,-7.991435066439483],[178.41890297096572,-7.992246873355547],[178.41853118104964,-7.992790722026228],[178.41745276972418,-7.993603487906691]],[[178.4239703864328,-7.9873463039610515],[178.4246367641225,-7.986258866480391],[178.42531707366703,-7.985442666026952],[178.4255757959397,-7.984899203419571],[178.42618316440823,-7.984354538996929],[178.4269425570524,-7.983403173769662],[178.42721223449882,-7.98269326945131],[178.42748328240862,-7.982378370718899],[178.42775476706845,-7.9821893802131845],[178.42829827311212,-7.981966160592421],[178.42843384876988,-7.9818237740576]],[[178.42862381100713,-7.981497623421302],[178.42883113734516,-7.981089979872068],[178.42873063343026,-7.980276471186521],[178.42883594022237,-7.980062436779158],[178.42910798361603,-7.980034873338885],[178.42938035022775,-7.980100340529057],[178.42954086750896,-7.980273673634558],[178.42944009380304,-7.9805453068085015],[178.4292004345136,-7.980817419594364],[178.42938318237907,-7.98091529028479],[178.43033304069,-7.98015891065898]],[[178.43035267942835,-7.980135226525622],[178.43046547654046,-7.979999194209615],[178.43047526844327,-7.979727875342545],[178.4302868918601,-7.979185956179204],[178.43027844613744,-7.977829560027019],[178.4303392617842,-7.977558064865264],[178.43082017990696,-7.97674254817471],[178.43100100231297,-7.976597949292029],[178.43127284916554,-7.976514638185162],[178.4318172168918,-7.976541854349593],[178.43206239040805,-7.976738254038145],[178.43203934098287,-7.977009618635466],[178.43170032657278,-7.977553360784978],[178.43169447911134,-7.978095950830061],[178.43155363971465,-7.978639007678252],[178.4316885298561,-7.978663159909221]],[[178.43211890456286,-7.978501410222178],[178.43223196425748,-7.978421475649359]],[[178.43248721932005,-7.978228851156956],[178.432639066686,-7.978104408540608]],[[178.33966321303086,-7.98925577284388],[178.34014628989792,-7.989064305150207],[178.34041761841755,-7.988810972770473],[178.34091971075327,-7.9881665204101004],[178.34100184086483,-7.98789495923447],[178.340958642961,-7.9878043605836995],[178.3406859890966,-7.987651172232136],[178.34041412273447,-7.987739359516021],[178.3401362703256,-7.9878977651750045],[178.33959974559943,-7.988379009980426],[178.3393922210191,-7.988714060774632],[178.33934503984915,-7.9889855086145705],[178.33957869435434,-7.989256046681604],[178.33966321303086,-7.98925577284388]],[[178.41744892699398,-7.993608294351034],[178.4166390514553,-7.994394822806682],[178.41555524013097,-7.9957838082464345],[178.41175785081543,-7.9994843705146925],[178.4113088033329,-8.000140197871618],[178.41113444587532,-8.000683367725768],[178.41094641491296,-8.000945917730514],[178.40990818447798,-8.001772705366076],[178.4090471671281,-8.00264558082344],[178.40818668949743,-8.003677592020852],[178.40589309231663,-8.006940861099858],[178.40552509726433,-8.007303361614415],[178.40454379277864,-8.008030607337906],[178.40389787294816,-8.008977884875584],[178.40340510324262,-8.009390921507084],[178.40335592360037,-8.009670878219532],[178.40362827416632,-8.00972601690203],[178.40390024449076,-8.00967015353416],[178.4044419164747,-8.009387392319082],[178.40535431380033,-8.00829913439051],[178.40688509498284,-8.007069863442174],[178.40817102717037,-8.005847943488465],[178.40911708452128,-8.004759565219556],[178.41012244678168,-8.003128408866823],[178.41230364877057,-7.99991725360746],[178.41311747158872,-7.999150781783077],[178.41438138251715,-7.997688104906905],[178.41500213776655,-7.997143405599761],[178.415617658898,-7.996327437049379],[178.41664255142018,-7.995409143160874],[178.41725657348772,-7.994694099527793],[178.4179987935745,-7.994102998627056],[178.42016842506084,-7.9919154423620835],[178.42101318710223,-7.991425765623626],[178.4213838097338,-7.990610633544851],[178.4221025598082,-7.989523018165233],[178.42253885416076,-7.98870765977731],[178.42297675244276,-7.988163581460809],[178.42396268713787,-7.987354927036977]],[[178.3485426281675,-7.991125965651497],[178.34917038646,-7.990581329377343],[178.34922718165316,-7.990309850085772],[178.34913025938252,-7.98993848915367],[178.34880981913452,-7.98949733004318],[178.34765407212709,-7.988415922339953],[178.34721928573848,-7.9881419793163975],[178.34694721534956,-7.988167375241581],[178.34674990415036,-7.988418868097686],[178.34667668102043,-7.9886614758072545],[178.34664642146203,-7.98923308780353],[178.3466917063024,-7.989504234527993],[178.34703488892995,-7.990316999102369],[178.34722743187086,-7.990626230638199],[178.347849703792,-7.991128225595346],[178.3480458639763,-7.991225434612106],[178.34831809628804,-7.991248816209219],[178.3485426281675,-7.991125965651497]],[[178.40151835439391,-8.012110216362714],[178.4018711473898,-8.011566441259312],[178.40255715093625,-8.011021532804188],[178.40291864504925,-8.010477727576337],[178.40306798364273,-8.010205931756666],[178.40281276932726,-8.010012424038559],[178.4020783154001,-8.010751873298135],[178.40185271111415,-8.01129521605697],[178.40145754896247,-8.011646730270542],[178.40126232945485,-8.012111086555601],[178.4014593691641,-8.01217881031088],[178.40151835439391,-8.012110216362714]],[[178.40039566366187,-8.013199183170464],[178.400700660641,-8.012926859024168],[178.40064511756503,-8.012833742202243],[178.40044600123417,-8.012927724156807],[178.40039566366187,-8.013199183170464]],[[178.39938500210732,-8.015101631914835],[178.3992918070884,-8.0150320605323],[178.3992530958968,-8.015102079745349],[178.39929278448832,-8.01531809781977],[178.39938500210732,-8.015101631914835]],[[178.39498701211238,-8.026510659042325],[178.39538021177597,-8.02569546093245],[178.39568751794772,-8.024066688660964],[178.39640088581487,-8.022979116399387],[178.396724582631,-8.021892865264737],[178.39717556378505,-8.02107747064287],[178.3973557164808,-8.020534282928494],[178.39848680102295,-8.018396297765866],[178.3988065605197,-8.017273900762135],[178.3987530813126,-8.016673089771219],[178.39848180843597,-8.016934826755335],[178.39821123485513,-8.017401418921704],[178.3980229723008,-8.018633001228368],[178.39767027070332,-8.019176774441831],[178.39722049482702,-8.020263453361709],[178.39646439056804,-8.021622459283943],[178.39591422546152,-8.02243818967375],[178.39581844503468,-8.022709802760192],[178.39572399805303,-8.02379527658115],[178.39415700100236,-8.0257018192114],[178.39312137796654,-8.027330843899739],[178.39144735873077,-8.02925542512661],[178.3899659022306,-8.031953425950107],[178.38925971263643,-8.033040967854095],[178.38846878611741,-8.033778110911724],[178.38801457029214,-8.034401617802926],[178.38765701404503,-8.035181273407066],[178.38702858299973,-8.036032680287091],[178.38603239064622,-8.037674082934256],[178.38581168126362,-8.03820709887318],[178.38565449716268,-8.039292786219962],[178.38549450377678,-8.039583049878607],[178.38515193849975,-8.040650927377094],[178.38519267574236,-8.041193368792106],[178.38502340086586,-8.043364254457664],[178.38525544754089,-8.044448629270827],[178.38511089787275,-8.045262984799345],[178.3847697833423,-8.045806713925678],[178.38472370108857,-8.046349448048074],[178.38459593369572,-8.046621168280195],[178.3832425040666,-8.048796046111857],[178.38266992323312,-8.049883133375554],[178.38150239154442,-8.05124351323585],[178.3814264741114,-8.051786348124292],[178.38105596541618,-8.052601464373177],[178.3804299766982,-8.05368872996536],[178.38020618090263,-8.054503352241134],[178.3797667356197,-8.055589989798026],[178.37923183180223,-8.057490817769901],[178.37889369240486,-8.05939098393748],[178.37875755546074,-8.059589949270212],[178.37767196381543,-8.060535654644147],[178.37634056620993,-8.06156988424803],[178.37550041276668,-8.062322803044587],[178.37359778973953,-8.063145848383327],[178.37251173902536,-8.063962055251878],[178.37196730362618,-8.063952384757537],[178.3718211852099,-8.064026651211524],[178.37169620153654,-8.064278567247474],[178.37177561944412,-8.064840675447108],[178.3719708981359,-8.065018631963214],[178.37251502680232,-8.064936933157153],[178.37271871492257,-8.065108807029528],[178.3727615036627,-8.065379954095462],[178.37259639418667,-8.065923088243654],[178.37278525887902,-8.066193745789073],[178.373063440901,-8.066125358919825],[178.3733346311603,-8.065825378745638],[178.37360660660755,-8.065758115351453],[178.3739704290864,-8.065918481881114],[178.37446491263773,-8.066459403515209],[178.37471857110106,-8.067543713095175],[178.37467507920516,-8.068086439476508],[178.37483514393165,-8.068628482504508],[178.3748250896498,-8.068899806430974],[178.37465034271432,-8.069171683277089],[178.37406202809916,-8.069716238372227],[178.3738269868653,-8.070259607604235],[178.37390292511319,-8.070530643037166],[178.37432694573235,-8.071071800284644],[178.37471699189555,-8.072141837776453],[178.37527910037815,-8.07296763329427],[178.3758784849944,-8.073508198824703],[178.3771736477765,-8.074148434938863],[178.37771849452957,-8.074275728051822],[178.3782628515942,-8.074258538925713],[178.37853475791414,-8.074169698643114],[178.37907802828676,-8.07383231190815],[178.3794851441301,-8.073480171973051]],[[178.3795782080023,-8.073360099406981],[178.3799341541797,-8.072680675528881],[178.38026700122313,-8.071594395105212],[178.38035830061844,-8.071051508192072],[178.38036597545812,-8.069966324156844],[178.3808211946035,-8.068879631178477],[178.38090217175974,-8.06833677910418],[178.38082807706377,-8.066438002256533],[178.38001906008475,-8.061286225165928],[178.37993230066684,-8.059116199552676],[178.38011835186194,-8.05721654523835],[178.38037145012393,-8.056130534492494],[178.38078347349602,-8.054998442656816]],[[178.3809153503776,-8.054636610324426],[178.3810527535574,-8.054138560327536]],[[178.38106792819534,-8.054093517320162],[178.3813230388625,-8.05357551096894]],[[178.38381800478254,-8.050557487608158],[178.38430529800897,-8.050081226412944]],[[178.38571095263708,-8.048109497508559],[178.38589867873353,-8.047159351551887],[178.38588557886308,-8.046345528098584],[178.38601496493789,-8.045802512935024],[178.38588559690194,-8.043632635576229],[178.38561141868644,-8.041463246138461],[178.38590247886737,-8.03949457968962]],[[178.38591650179646,-8.039427547371291],[178.38644294564642,-8.038346039908639]],[[178.386445778015,-8.038340605022835],[178.38670171849742,-8.037661518469378],[178.38725813163515,-8.036574484177333],[178.3892871728642,-8.034321699418042],[178.39029558082336,-8.033308756295158],[178.3906419893833,-8.03253495294196],[178.3912766091964,-8.031948994632533],[178.39172625038574,-8.031227684537019],[178.39234473042643,-8.030588936881498],[178.3925389909456,-8.030114919602559],[178.39286183999573,-8.029773320438629],[178.39339132992947,-8.028957661736868],[178.39383203824283,-8.027871014826346],[178.39465825451828,-8.026783061648448],[178.39497631169587,-8.026519882270932]],[[178.31185815585894,-8.022985844810961],[178.3117874082824,-8.02271477268201],[178.31167725263484,-8.022635451537596],[178.31152673525523,-8.0227156029892],[178.31150856465982,-8.022986958403193],[178.31167866908442,-8.02307724753537],[178.31185815585894,-8.022985844810961]],[[178.310516252823,-8.025703093987005],[178.3103802217206,-8.025432229409926],[178.31005209603882,-8.02511032554285],[178.30977959504852,-8.025010765263572],[178.30961397771802,-8.025163370087656],[178.30978130720783,-8.025545404636343],[178.31006635841788,-8.025704526036895],[178.310516252823,-8.025703093987005]],[[178.31424390745744,-8.030303261900348],[178.31496661804655,-8.029851591820492],[178.31523885255464,-8.0298670482204],[178.31553908563694,-8.03002782543071],[178.31551920144608,-8.030299186040114],[178.3153768175393,-8.030570938338998],[178.3153561953181,-8.030842301314811],[178.31544330789987,-8.031113319801406],[178.31578827876402,-8.031437787632694],[178.31616336787428,-8.031653610531876],[178.31633400186297,-8.031857411021498],[178.31660625806285,-8.031879210025757],[178.31769437644377,-8.031685299033361],[178.3179661558728,-8.031559323203435],[178.3181440469545,-8.03137597153273],[178.3181683875264,-8.031104596798269],[178.31752680021143,-8.030021464894558],[178.31622233461658,-8.028397858361418],[178.3155025398276,-8.02722626600219],[178.31515823418223,-8.02650218083937],[178.31495258249925,-8.025487433815867],[178.31467928710632,-8.025141031054003],[178.31440674629715,-8.025029286108882],[178.3141347344451,-8.025082132820874],[178.3119613733763,-8.02635815689588],[178.31168935310913,-8.026408826054968],[178.31114466834896,-8.026309325294005],[178.3111137904741,-8.026515083846325],[178.311258792633,-8.02705721697114],[178.3111479706411,-8.027339224327616],[178.31033014207924,-8.026940453927457],[178.3097838156206,-8.026328615919068],[178.30951108612817,-8.026157954218322],[178.30896601470695,-8.025937520277049],[178.30869377254112,-8.025918977200389],[178.3084219870957,-8.026043186592204],[178.30779691035838,-8.026525636047868],[178.3067951662339,-8.028007386628753],[178.3064440640293,-8.028700316375998],[178.30593372497773,-8.030058426549143],[178.30584526199348,-8.03087260145627],[178.30587685650582,-8.031143799195803],[178.30600948796203,-8.031414676155972],[178.30653548619816,-8.031919418781454],[178.30762696007693,-8.032771249544528],[178.3084449560138,-8.033218909369971],[178.30872051133312,-8.033440792935169]],[[178.3088543820033,-8.033576159912078],[178.30926388063924,-8.033955859970863],[178.3106272402015,-8.034709959409907],[178.31144437973006,-8.034888817568202],[178.312260738736,-8.03482456049933],[178.31253311180745,-8.034882043352313],[178.31307832841338,-8.035143319860866],[178.31346914626468,-8.034917788774262],[178.31380211636483,-8.034374130700987],[178.31384488947512,-8.033560102564202],[178.31407460560047,-8.032745477178945],[178.31398769831563,-8.03247445767805],[178.31361224247658,-8.031889100263816],[178.31279358345944,-8.031235372748936],[178.31224833883527,-8.030963580032035],[178.31170370671475,-8.030882435144779]],[[178.31139774479104,-8.031126236396153],[178.31108667904493,-8.031669822874074],[178.31089026818262,-8.031854820884275],[178.31061818414156,-8.031886788829327],[178.3102760605309,-8.031672405774097],[178.3102519647603,-8.031401184960922],[178.31038714485882,-8.030858159251686],[178.31025150280865,-8.029502103376242],[178.31002379213692,-8.028960233209396],[178.3100634270739,-8.028647093789047],[178.31033532600222,-8.02855799996211],[178.3105464917628,-8.028687271196691],[178.31075737039578,-8.029500492155458],[178.31141858037367,-8.030583575070459]],[[178.3114470713228,-8.030583484248732],[178.31170230149232,-8.030444581130515],[178.3119733799372,-8.030099683166853],[178.31224509703182,-8.029953857317564],[178.31279027596088,-8.030205650022117],[178.31333628202697,-8.03071467152273],[178.31360857068,-8.030746759374862],[178.3138805054186,-8.0306687500136]],[[178.31461245930757,-8.034914135021882],[178.31498124015224,-8.034395527302989],[178.31525075807897,-8.033566212170113],[178.31552999244246,-8.033012121637825],[178.3155357735298,-8.032740806151695],[178.315396658833,-8.032469954081375],[178.31526702024433,-8.031927774596975],[178.31497266952735,-8.031732459689035],[178.3147003097804,-8.031678469843257],[178.31459519222173,-8.0319299222748],[178.31459189858393,-8.032472527005337],[178.314449836675,-8.033015575252964],[178.3144751621323,-8.033558088513296],[178.314061732537,-8.034644598282739],[178.31416651186282,-8.034966024964302],[178.31443885968548,-8.035015609902812],[178.31461245930757,-8.034914135021882]],[[178.3168551672863,-8.036263442745167],[178.31716470339228,-8.036244326171552],[178.31740287223917,-8.035990391253742],[178.31757417113596,-8.03517595207719],[178.3183336743229,-8.03381703418328],[178.3183782590011,-8.033274297878826],[178.3182433740655,-8.033119322963197],[178.31797117615966,-8.033115829013491],[178.31778393501406,-8.033276202658026],[178.3174555576837,-8.03409114506981],[178.3167559511256,-8.034907276373934],[178.31634621349855,-8.035647554806573],[178.31596381205583,-8.03599499999534],[178.31586552921343,-8.03626661149194],[178.3163488767564,-8.036473908865565],[178.3168551672863,-8.036263442745167]],[[178.31989029345505,-8.037390194211602],[178.3201620613016,-8.037259830631672],[178.32114129304495,-8.035978395031917],[178.32135473529448,-8.035435116399775],[178.32120301050347,-8.035164307611204],[178.32010328845845,-8.034082653890191],[178.319957066429,-8.033811826748535],[178.31996124260462,-8.033269220304415],[178.3198766222168,-8.033159239098833],[178.31960415918795,-8.033073614600886],[178.3193321306917,-8.033122535179386],[178.31906058865545,-8.033322166030628],[178.3184852295772,-8.034901734964672],[178.3184252927591,-8.035444520474725],[178.31818972197536,-8.036259165829497],[178.3182378856731,-8.036530308061915],[178.31859655369377,-8.037071751048256],[178.31880100086988,-8.037224475857629],[178.31961407347612,-8.037339782422523]],[[178.32458487225787,-8.037052498830302],[178.3247419448318,-8.036780696701694],[178.32451447780835,-8.036456104993741],[178.3242423086208,-8.0364619674636],[178.32424427168328,-8.037067378542188],[178.32451658328296,-8.037105301343074],[178.32458487225787,-8.037052498830302]],[[178.3282164128468,-8.04111021473236],[178.33024327118002,-8.04039974189891],[178.3316032185494,-8.040092174525576],[178.33187438062436,-8.039777153902113],[178.33186981595586,-8.039470617205245],[178.33160049944715,-8.039258541514078],[178.33051269276788,-8.039550271420806],[178.32996793902288,-8.039435320402164],[178.3291503113071,-8.039110088055272],[178.3286048773205,-8.038785879144276],[178.3277873528989,-8.038491784559131],[178.32669673735737,-8.037919771858506],[178.32642459743815,-8.037934862973632],[178.32624641209065,-8.03813232480264],[178.32657852608833,-8.03921643605583],[178.32652299690318,-8.039487911050255],[178.32602162846982,-8.040303416516888],[178.32600652133897,-8.040846056852905],[178.32609363341916,-8.041117071495151],[178.32616309786388,-8.041225560547],[178.32643570039193,-8.041352140665433],[178.32725176019832,-8.041194134539767],[178.32779615305984,-8.041197459367648],[178.3282164128468,-8.04111021473236]],[[178.36712444378054,-8.062957185127642],[178.36730631767725,-8.062685287250318],[178.36706296987967,-8.062552019133221],[178.3667907407123,-8.062543641974043],[178.36648680342512,-8.062688020769034],[178.3666417672091,-8.062958795149262],[178.3667924552603,-8.063054267618224],[178.36712444378054,-8.062957185127642]]]}},{"type":"Feature","properties":{"year":2017,"certainty":"unstable data"},"geometry":{"type":"MultiLineString","coordinates":[[[178.3967272865736,-7.941320075881586],[178.39680373094706,-7.941184174489407]],[[178.3965464979681,-7.9411850383332485],[178.39659257810334,-7.9414682911679835],[178.3967272865736,-7.941320075881586]],[[178.40669227847573,-7.9456271008849715],[178.40694610956223,-7.945314567602756],[178.40714624839015,-7.944811700032379],[178.40694371950198,-7.944612689758883],[178.40667193355242,-7.9447102999854],[178.4065373252816,-7.94513650549897]],[[178.40652797332575,-7.945220724635523],[178.40662009025874,-7.945627345174755],[178.40669227847573,-7.9456271008849715]],[[178.42336449413582,-7.953573288437729],[178.42342453163857,-7.953437439570362],[178.42337267508435,-7.953166331152464],[178.42322041230977,-7.952895566815593],[178.4224807528626,-7.952261058297606],[178.42220806964554,-7.952098033737741],[178.42193576280195,-7.952044216549098],[178.421664209571,-7.952209205922761],[178.42152892618955,-7.952434950327594]],[[178.42129192441885,-7.953037814437803],[178.42139632515432,-7.953439631182076],[178.4215541256174,-7.953715132922294],[178.42166967025668,-7.953794581804836],[178.4220779006866,-7.953808083482797]],[[178.43589552671287,-7.9684508028720495],[178.43573369613745,-7.968083037970419]],[[178.43563526728857,-7.967909135198081],[178.43545989631164,-7.96760394666637]],[[178.43531399421377,-7.9673676784763865],[178.435186184646,-7.967149961185643]],[[178.4349883834747,-7.966826236358614],[178.43491247445004,-7.966696207711339]],[[178.43481895886228,-7.9665555380500965],[178.43463887462786,-7.966273965235114]],[[178.43445054426397,-7.966014243383758],[178.4343654621759,-7.965905376588999]],[[178.42843384876988,-7.9818237740576],[178.42862381100713,-7.981497623421302]],[[178.43033304069,-7.98015891065898],[178.43035267942835,-7.980135226525622]],[[178.4316885298561,-7.978663159909221],[178.4318246836589,-7.978687538351213],[178.43211890456286,-7.978501410222178]],[[178.43223196425748,-7.978421475649359],[178.43248721932005,-7.978228851156956]],[[178.3794851441301,-8.073480171973051],[178.3795782080023,-8.073360099406981]],[[178.38078347349602,-8.054998442656816],[178.3809153503776,-8.054636610324426]],[[178.3810527535574,-8.054138560327536],[178.38106792819534,-8.054093517320162]],[[178.3813230388625,-8.05357551096894],[178.3820129050033,-8.052326952618515],[178.38381800478254,-8.050557487608158]],[[178.38430529800897,-8.050081226412944],[178.38485452973615,-8.04933318939647],[178.3855379526312,-8.04878830454048],[178.38571095263708,-8.048109497508559]],[[178.38590247886737,-8.03949457968962],[178.38591650179646,-8.039427547371291]],[[178.38644294564642,-8.038346039908639],[178.386445778015,-8.038340605022835]],[[178.30872051133312,-8.033440792935169],[178.3088543820033,-8.033576159912078]]]}},{"type":"Feature","properties":{"year":2018,"certainty":"good"},"geometry":{"type":"MultiLineString","coordinates":[[[178.3835182727471,-7.9334967930752525],[178.38397783442898,-7.9329526838302895],[178.38405584822328,-7.932681133649529],[178.3834997513335,-7.93215307279068],[178.38268168236237,-7.93105795367692],[178.38158763728987,-7.929958689653969],[178.38131494657256,-7.929785085712895],[178.38022506794275,-7.9293552683046995],[178.37831953935174,-7.9291301223443975],[178.37750501560961,-7.929674141162486],[178.37723050577154,-7.92895325538204],[178.37695806772186,-7.928854998386631],[178.37666563246654,-7.928907552620912],[178.37644884661705,-7.929179560781262],[178.37668908740568,-7.929796533279963],[178.3769620761357,-7.9300601573587235],[178.37723343508733,-7.9298338088847995],[178.3775056773418,-7.929873008978592],[178.37752208188087,-7.92998988746706],[178.3777791418052,-7.930279420167347],[178.37859976952956,-7.9315679679514846],[178.3790082170671,-7.931884009165546],[178.3791735676461,-7.932154752882749],[178.37919813123716,-7.932697254262689],[178.37942062350982,-7.932922729995934],[178.38023637144596,-7.932745003226315],[178.38159704998273,-7.932778503881124],[178.38241425371353,-7.933037136526799],[178.38269213062676,-7.933228246907008],[178.38296029680927,-7.933580621441429],[178.38323264713426,-7.933651420263129],[178.3835182727471,-7.9334967930752525]],[[178.38598363987577,-7.934845045301786],[178.38650146067366,-7.934681402319135],[178.3865745633156,-7.934571786633451],[178.38649570731124,-7.934300758771586],[178.38595462266082,-7.933759979515655],[178.38540864429584,-7.9333792465262585],[178.38486359871197,-7.933134529853075],[178.3847189754993,-7.933221510139535],[178.38480834990816,-7.933763794331293],[178.38474335921546,-7.934577882741991],[178.38486918878422,-7.934804664153948],[178.38514155760654,-7.934880701656022],[178.38598363987577,-7.934845045301786]],[[178.38724501830794,-7.935383424016259],[178.3873291640186,-7.935111853098384],[178.38704699906324,-7.935072266600912],[178.38691090176874,-7.9353845375458],[178.38704835485538,-7.935476629164672],[178.38724501830794,-7.935383424016259]],[[178.39698548160717,-7.941319208680014],[178.39701659076985,-7.941047814896381],[178.39686267082823,-7.940869155184921],[178.39661843372804,-7.941049152107684],[178.3965598577855,-7.941320638140242],[178.39659238021142,-7.941409719894661],[178.39686466926082,-7.941460549265319],[178.39698548160717,-7.941319208680014]],[[178.40673415389335,-7.945626959169994],[178.40715468799968,-7.945082959567548],[178.40721654959867,-7.9448217073457945],[178.40694362394976,-7.944584628057029],[178.4066718452435,-7.944684360792905],[178.40658803714456,-7.944813589151574],[178.406505609591,-7.9453564443903675],[178.4065475275859,-7.945627590719094],[178.40667521154268,-7.9456730898465615],[178.40673415389335,-7.945626959169994]],[[178.41443706573577,-7.9475643906558116],[178.41429706634554,-7.947500306493071],[178.41418293628135,-7.94763633852772]],[[178.4195957175017,-7.952365399568184],[178.41975948887446,-7.95224733334153],[178.42030062143627,-7.951006556922868],[178.42021294471806,-7.95073557014151],[178.42002579432852,-7.950556404077008],[178.419753260685,-7.950436314269645],[178.4194812757493,-7.950475787777854],[178.41916487701735,-7.951553011995035],[178.41921424851802,-7.951957448325131],[178.4194114063358,-7.952366029508443],[178.41948798843933,-7.952428035288055],[178.4195957175017,-7.952365399568184]],[[178.4231448571734,-7.953709684303338],[178.4233738445158,-7.953437613307668],[178.4234022271501,-7.953166229862766],[178.42302640516633,-7.952669856835222],[178.4222080038698,-7.952078942414397],[178.42193573305877,-7.952035581917457],[178.4216643016541,-7.952235942698317],[178.4212635086775,-7.952902268482981],[178.42132609003647,-7.953444627103889],[178.4215333467972,-7.953715204054187],[178.42275845696832,-7.953880573534542],[178.4231448571734,-7.953709684303338]],[[178.42515079952673,-7.955873092348584],[178.42541271658115,-7.955600907233563],[178.4255024765714,-7.955329313147435],[178.4254471093161,-7.955058217343508],[178.42493728139357,-7.954414899041264],[178.42466451418596,-7.95422820138657],[178.42439246074088,-7.954248233527414],[178.4241162889085,-7.954520212138011],[178.42379503133273,-7.9550638860651075],[178.42385249762043,-7.955489255038109],[178.42412584211718,-7.955843014584181],[178.42439851185705,-7.956001185618274],[178.42467081647297,-7.956053562636362],[178.42515079952673,-7.955873092348584]],[[178.42667316281407,-7.956681720711763],[178.42657765908788,-7.956625301050396],[178.4265426703615,-7.956682169179982],[178.4265781444561,-7.956765664436044],[178.42667316281407,-7.956681720711763]],[[178.42807339422978,-7.959932332696197],[178.42849132091007,-7.95916494549103],[178.42891736352695,-7.9588442853764],[178.42901136867692,-7.958572676232036],[178.42891783550854,-7.958301712818783],[178.42844700311886,-7.957760762567865],[178.42766785336167,-7.9571161851216585],[178.42739566880667,-7.957098727566212],[178.42712432523183,-7.95732436617264],[178.42687734701363,-7.957766161765664],[178.4268127987378,-7.958037669382407],[178.4268553006759,-7.958220497683637],[178.42736946081357,-7.958578326608611],[178.42741370992354,-7.958849460053593],[178.427301050433,-7.9596637044688086],[178.4274053488738,-7.959895845436548],[178.42767813360717,-7.96008612192132],[178.42795017415042,-7.96006142022924],[178.42807339422978,-7.959932332696197]],[[178.42610815398635,-7.9577688054173965],[178.4260364564046,-7.957506249092471],[178.4259368901444,-7.9577693938428204],[178.42603775255597,-7.957881176983607],[178.42610815398635,-7.9577688054173965]],[[178.42965621832545,-7.961283308955943],[178.4302474857828,-7.9607387004447165],[178.43036969247603,-7.9604669938781365],[178.43032484695132,-7.960195863192365],[178.43000883254246,-7.959654381779773],[178.42957969684196,-7.959128771233122],[178.42930717193897,-7.959013454368294],[178.42903563992772,-7.959184655145028],[178.4288950546957,-7.9593869331142955],[178.42877594239195,-7.959658628717997],[178.4287756223133,-7.9602012007519125],[178.42886047489654,-7.960472194009373],[178.42907587980133,-7.960742737573432],[178.4291442744553,-7.961013787401688],[178.42908152107663,-7.961285288977949],[178.42931563757435,-7.961455842308356],[178.42965621832545,-7.961283308955943]],[[178.43264204458046,-7.978092673031542],[178.43345253763,-7.97726017090828],[178.43359377935892,-7.977004239833857],[178.4336728580113,-7.976461396644267],[178.4339922305061,-7.9759456846464225],[178.43480721018128,-7.975536155598967],[178.43573572467517,-7.974826542749765],[178.4367564303851,-7.973737865799994],[178.43740860052637,-7.972650466031605],[178.43747767513221,-7.971836373416924],[178.4373824251131,-7.971294135188959],[178.4370767677,-7.970481342230001],[178.43610335670414,-7.968857009654415],[178.43539365865155,-7.967503044959109],[178.43415038409586,-7.9656083545372685],[178.43326439706135,-7.963983708590426],[178.43271405010594,-7.963171755238985],[178.43121922786347,-7.9610823050307244],[178.43094677133556,-7.960987168804791],[178.43067515430982,-7.961133950889591],[178.430132863146,-7.961699528027875],[178.43006804165944,-7.961824460195324],[178.43004744007357,-7.9626383870903785],[178.42994731481923,-7.962910017561],[178.43041024225118,-7.963213242247091],[178.4307860809976,-7.963720980724955],[178.43088649018276,-7.964263204673029],[178.43073603818704,-7.965077579293191],[178.4308071892852,-7.965348618968464],[178.43103319560174,-7.965619124208697],[178.43123640772964,-7.9660300707812155],[178.43178083208966,-7.966077612684386],[178.43215842161501,-7.96642909434519],[178.43242458072427,-7.96751331473335],[178.43241539626436,-7.968327201323111],[178.43251922361932,-7.969140697307914],[178.43247303292708,-7.969954711726671],[178.432086054618,-7.9721263287364135],[178.43155242861943,-7.973755882783542],[178.43103382702913,-7.975114099823411],[178.42978410967305,-7.977831267417687],[178.42914977566724,-7.97891859827112],[178.42867891177505,-7.979462794017238],[178.42854310044322,-7.980005833223813],[178.42829188567885,-7.980126907529539],[178.4272082714262,-7.981551396067688],[178.42654933888016,-7.982182993028969],[178.42562771952115,-7.983542596842934],[178.42486883940742,-7.984359067846163],[178.42410742700676,-7.985989403717498],[178.4233693245689,-7.9870770873843115],[178.42233240883837,-7.988103106582766],[178.42192447362373,-7.988981058904919],[178.42136890175146,-7.989796826985633],[178.42070899615854,-7.990341667237992],[178.41989452365755,-7.991408258609213],[178.41891432262133,-7.992246834384649],[178.41853466316067,-7.992790710074314],[178.4168237250114,-7.9941530111999946],[178.41555519169808,-7.995769762762349],[178.41175772635037,-7.999448195563142],[178.4113230789624,-8.000140149078034],[178.41111560215265,-8.000683432128477],[178.4109463277522,-8.000920575169141],[178.40931391062438,-8.002317308838128],[178.40778815481556,-8.004221526183008],[178.40591096605365,-8.00694080019216],[178.40525369947403,-8.007525669807414],[178.40454613289882,-8.008030599370205],[178.4038979189725,-8.008991320266308],[178.40343598720779,-8.009390816419423],[178.40337152744075,-8.009662323486245],[178.40377758502487,-8.00966094161281],[178.40439221916964,-8.009387561542217],[178.4053679608986,-8.008299087896],[178.4068851170702,-8.007076299033018],[178.408241304824,-8.005734315692184],[178.4090910486998,-8.004759654119475],[178.41193617589212,-8.000409339953675],[178.41243922402865,-7.999771471290877]],[[178.4124821115837,-7.999729255659625],[178.41271055249373,-7.999531673969953]],[[178.41280530578962,-7.999456863214573],[178.41298193613056,-7.999307992342144]],[[178.41310862614768,-7.999184538593271],[178.41325311314492,-7.999024406392855]],[[178.4133503874207,-7.998912424497689],[178.41352415682564,-7.998702220538317]],[[178.41357240488486,-7.998640377891602],[178.41379516089796,-7.998368657407521]],[[178.41379544029135,-7.998368327728371],[178.41441266332546,-7.997687997788701],[178.41502645353015,-7.997143322301875],[178.41582858330548,-7.996129434631417],[178.41650699475065,-7.995559471529507]],[[178.41773649468922,-7.994285523631324],[178.41908375120786,-7.993049446586432],[178.4201683631722,-7.991897544267758],[178.420983112171,-7.991407649892714],[178.42152357947478,-7.990301560681113],[178.42209891992695,-7.989523030685124],[178.42271759853594,-7.988435758987454],[178.42396198018005,-7.987150900565304],[178.42473448033073,-7.985987244287953],[178.42527689306726,-7.985442804475756],[178.42558660792227,-7.98477568038421],[178.42647304299342,-7.984082254151401],[178.4269806723959,-7.983266647426286],[178.42710374705078,-7.982723652196851],[178.4274828152012,-7.98224378399642],[178.42876191909002,-7.981090218833796],[178.428784934258,-7.98081885417258],[178.42868217110708,-7.98027663846552],[178.42883584715918,-7.980035646111384],[178.42938023828,-7.980068125872274],[178.42956964278352,-7.980273574250992],[178.42951843074292,-7.980545036255105],[178.42923621339594,-7.98081729604279],[178.42938304496835,-7.980875752417476],[178.43022370220336,-7.980271314732018],[178.43046610255868,-7.979999192046177],[178.43046538338425,-7.97972790950299],[178.43029408739432,-7.9794572163727135],[178.43023684464794,-7.97918612909396],[178.4302900880227,-7.977829519809953],[178.4303691115294,-7.977557961747248],[178.43081611177664,-7.9767425622315065],[178.43100091989845,-7.976574249617076],[178.43154474302406,-7.976444879310974],[178.43181701506217,-7.976483847402776],[178.43210083699998,-7.976738121074564],[178.43205236077597,-7.97700957360748],[178.43172191479806,-7.977553286136223],[178.4317026877904,-7.978095922444083],[178.43155245699472,-7.978662039991727],[178.43182481617913,-7.9787256145827286],[178.43263903646695,-7.9780957301518205]],[[178.34039906536864,-7.988982093079568],[178.34068923349727,-7.988645568350062],[178.34096518726327,-7.988166372941884],[178.34102356082252,-7.9878948888010735],[178.34095859344617,-7.987789186875749],[178.34068612815196,-7.987693794777802],[178.34014260520863,-7.987934554703814],[178.33963425088425,-7.9884419817349706],[178.33947086247198,-7.988713806031785],[178.33952350557706,-7.988984930491175],[178.33960191258342,-7.989043673653886],[178.34014639074994,-7.989095224734214],[178.34039906536864,-7.988982093079568]],[[178.34852117090563,-7.991126035650881],[178.34897058529492,-7.990853275355184],[178.349221555609,-7.990581162378607],[178.34922732069063,-7.990309849632007],[178.3491305169156,-7.990016909687916],[178.34858364510714,-7.989236280178333],[178.34764610745623,-7.988415948297295],[178.34721959551885,-7.98823646479036],[178.34694750646733,-7.988256186165186],[178.34677203813177,-7.988418796009304],[178.34667668839782,-7.988663726743237],[178.34663403478535,-7.989233128146201],[178.34667532425973,-7.989504287886819],[178.3470291245264,-7.990317017884635],[178.34722739006256,-7.990613482780676],[178.34804584050366,-7.991218282412214],[178.34831803494268,-7.991230127874557],[178.34852117090563,-7.991126035650881]],[[178.40152931439286,-8.011838891196518],[178.4020009715073,-8.0113825969004],[178.40251991166025,-8.011021659462246],[178.4030677970003,-8.010205932391651],[178.40281278535576,-8.010017106084325],[178.4025414344524,-8.010254082417452],[178.40208824263883,-8.01075183954573],[178.40188029093443,-8.011295122294452],[178.40145785713966,-8.011736818971483],[178.40145850357473,-8.011925786396217],[178.40152931439286,-8.011838891196518]],[[178.39929695094798,-8.015373218980068],[178.39932429166922,-8.015101838036122],[178.39929192028723,-8.015065188846288],[178.3992747960101,-8.01537329419828],[178.39929695094798,-8.015373218980068]],[[178.3887845070118,-8.034941596248222],[178.38921563898018,-8.034397561814307],[178.39010087531864,-8.033488069361058],[178.39064204714384,-8.032551924556506],[178.39133190945682,-8.031948807578244],[178.39199758828386,-8.030981224428936],[178.39239329665273,-8.030588772506553],[178.39262114927607,-8.030045423891321],[178.39353748202657,-8.028685878189814],[178.39381495979293,-8.027871072670603],[178.395293020954,-8.025967044925597],[178.39546285952454,-8.025423892337766],[178.3955058271112,-8.024881169833312],[178.39576051483803,-8.024337729604795],[178.39588594794867,-8.023794727552565],[178.39632539486743,-8.023067633733636],[178.39672239726784,-8.021892872676531],[178.39849245161588,-8.018360119670136],[178.39876075517827,-8.017274056255856],[178.3987530476797,-8.016663245115508],[178.39848187366616,-8.016953923245921],[178.398211655744,-8.017524652175311],[178.39804604821106,-8.018632922922464],[178.39740258041277,-8.019700280159746],[178.39677282299562,-8.021078836673748],[178.3961471184093,-8.022166111756718],[178.39592421283933,-8.022438155818206],[178.395824997114,-8.022709780550555],[178.3958184337281,-8.023252379626564],[178.39570959296867,-8.023795325412943],[178.39415706154128,-8.025719577632225],[178.39311466894162,-8.027330866610034],[178.39144739650504,-8.029266522399165],[178.39082807679654,-8.030322778313142],[178.39044307840834,-8.031137946446627],[178.38961507204002,-8.032497189330646],[178.38924922215642,-8.033041003290752],[178.38846876108465,-8.033770745237064],[178.3879672000218,-8.034401777699632],[178.38758031513825,-8.035216950965165],[178.38649993572267,-8.036848331344613],[178.3858408924597,-8.038071355712225]],[[178.38503643898545,-8.04322856581358],[178.38505436196695,-8.043635439415368],[178.3852281766644,-8.044177431924789],[178.3851975200368,-8.04499140330245],[178.38505713087494,-8.045534455478872],[178.38487437273412,-8.04580636120747],[178.38474686065754,-8.046349369944304],[178.38248290418227,-8.050155052927925],[178.38150774250573,-8.05124349522162],[178.38142780938387,-8.051786343629002],[178.38042438464163,-8.053688748782116],[178.3802249116032,-8.054503289217525],[178.3797562253788,-8.055590025155073],[178.379133735216,-8.057762437545138],[178.378971710218,-8.059119431685312],[178.37887814804233,-8.059391036220395],[178.3786767723401,-8.059663003349451],[178.37767206802175,-8.06056645280893],[178.3755005658968,-8.0623681218861],[178.37347500216413,-8.06320723958148],[178.3725117501705,-8.063965360171272],[178.37196738733746,-8.06397721787739],[178.3717504258279,-8.064298178680756],[178.37182468059177,-8.06484051117193],[178.37197083450005,-8.06499975678159],[178.3725149831792,-8.064923999007735],[178.37274421625133,-8.065108721580732],[178.37277914555239,-8.065379894978141],[178.37259362836843,-8.065923097511233],[178.37279124761892,-8.066128171929897],[178.37306316919225,-8.066044841806187],[178.37333451930678,-8.065792237896957],[178.37360654025503,-8.06573845965346],[178.37399875669325,-8.065918386866176],[178.37447440098117,-8.066459371676597],[178.37470586455922,-8.067543755745719],[178.37469765827066,-8.0680863636845],[178.37484116522873,-8.068628462289038],[178.37481923025527,-8.068899826103298],[178.37413874238294,-8.069715980921695],[178.3738675993078,-8.07025947132644],[178.37396202563318,-8.070530444702596],[178.37435022420212,-8.071071722136569],[178.37476262061,-8.07215549803259],[178.37534043201717,-8.072967427205377],[178.37581015019538,-8.073421960769517],[178.37662838630746,-8.07389861882342],[178.3774461109878,-8.074223844795394],[178.37799073609438,-8.074285720207515],[178.37853466732594,-8.074142987767608],[178.379349357891,-8.073573669414609],[178.3798174938677,-8.072952358394728],[178.38026269008523,-8.07159440964147],[178.38036504663714,-8.069966327288245],[178.38078774661997,-8.068879743965274],[178.3809024893379,-8.068336778033302],[178.38088250985456,-8.06725168733982],[178.38073057748042,-8.065624462258544],[178.38012742167422,-8.062209010302844],[178.38000137056397,-8.061014995030213],[178.37993725765432,-8.05884489313787],[178.3801089304425,-8.058030446130715],[178.38012178015313,-8.057216533700121],[178.38027353997973,-8.056402153749927],[178.38089445192284,-8.05477232551696],[178.38112724745403,-8.053957672779473],[178.38199925495272,-8.052317019516844],[178.38220082101748,-8.05205503006857],[178.3841696106906,-8.050201424363268],[178.3847116023275,-8.049497689124818],[178.38525432116273,-8.04900853945187],[178.38543542737918,-8.048788650588348],[178.3856601051021,-8.048245313757796],[178.38569562919824,-8.047702615386264],[178.38586826258256,-8.047159454223037],[178.38592748927275,-8.04526022971395],[178.38585844488708,-8.043361437921611],[178.38574426457848,-8.042412310635171]],[[178.38572810724628,-8.04214107584065],[178.3856596048867,-8.041598728281869]],[[178.38629726025547,-8.038612395274498],[178.38726142231553,-8.036574473072685],[178.3887450647308,-8.034983932809979]],[[178.3119693077172,-8.02298549068425],[178.31167749548618,-8.022711199579751],[178.3115514847808,-8.022986821700878],[178.31167866183722,-8.023074987173748],[178.3119693077172,-8.02298549068425]],[[178.3142200515841,-8.030303338106446],[178.31496634447882,-8.029766553159945],[178.3152384933469,-8.029755411469448],[178.31551119989908,-8.029917567418556],[178.31563116114475,-8.03002753100814],[178.31561211554458,-8.030298888930675],[178.31539184389098,-8.03057089029459],[178.31533664282395,-8.030842363831095],[178.31541839613482,-8.031113399460924],[178.31600939126588,-8.031518454695101]],[[178.3179572578694,-8.030698328124972],[178.31741606635546,-8.029785309235468],[178.31686944696298,-8.02908676179284],[178.31621057043682,-8.028397895989428],[178.31570529601777,-8.027585620691918],[178.31513583907662,-8.026502252395979],[178.31495243364583,-8.025441136775928],[178.31467923457657,-8.025124688946658],[178.31440677032185,-8.025036761878305],[178.31413480887014,-8.025105296310324],[178.31331952826935,-8.025499137390998],[178.31196153033463,-8.026407080414502],[178.31115630917236,-8.026514948405406],[178.31124468352021,-8.027057261921883],[178.31114792403017,-8.027324688539009],[178.31087567767307,-8.02730508897186],[178.31060296085195,-8.027138710996176],[178.3103301273347,-8.026935852691329],[178.30978378029553,-8.026317586788817],[178.30951114801894,-8.026177282052972],[178.30869396963766,-8.025980568523343],[178.30842214038773,-8.02609109855008],[178.3078791534985,-8.026522310900248],[178.30766436994162,-8.026797355049311],[178.3069077292675,-8.027884950162642],[178.30645685015426,-8.028700275781334],[178.30589794509476,-8.030329838156907],[178.30586480394993,-8.031143837455808],[178.30599223610903,-8.031414730928034],[178.30655769033302,-8.031955531219394],[178.30789967417897,-8.032935767846455],[178.30856624750314,-8.033305634951985],[178.30980916271318,-8.034238409738084],[178.3106360061011,-8.034655531623738],[178.31117201171753,-8.034832900254399],[178.3121245716134,-8.034801857162638]],[[178.312366423997,-8.034785661145639],[178.3125513180048,-8.034785070989972]],[[178.31372401967778,-8.034238731626454],[178.31404298859024,-8.032745578194092],[178.31396962969308,-8.032474515401196],[178.31357368801784,-8.031933185683688],[178.31328546677273,-8.031662808763548],[178.31224863892444,-8.031057042003987],[178.31170388774026,-8.030938839195406]],[[178.31048279047315,-8.025703200517269],[178.31035839206658,-8.02543229889731],[178.31005231683753,-8.025179259060355],[178.30983817451676,-8.025433954493018],[178.31019074795154,-8.02570413014423],[178.31048279047315,-8.025703200517269]],[[178.3114752257449,-8.03112598939011],[178.31115661170404,-8.031669599970538],[178.31089043921847,-8.031908138886516],[178.31061837342662,-8.031945807768901],[178.31025085615303,-8.031672486058017],[178.31025897815633,-8.029773377160112],[178.31021696394606,-8.029502213362061],[178.309930069892,-8.028960531581005],[178.30991439649026,-8.02868928384131],[178.3100629988897,-8.028513473453211],[178.31033504498825,-8.028470323443683],[178.3106077111816,-8.028620629548826],[178.3107671261093,-8.02950046107677],[178.31115691605007,-8.030128379235807],[178.31143005036614,-8.03042414098579],[178.311701894309,-8.030317702049404],[178.31191305891252,-8.03003940370762],[178.3119004834425,-8.029768146393407],[178.3119720324549,-8.029679865763807],[178.31278986020274,-8.030076202492552],[178.31333604552927,-8.03064107287981],[178.31360842035153,-8.030699986771282],[178.31388041096366,-8.030639367502848]],[[178.31538262624096,-8.032253659874174],[178.31523872794742,-8.031927865062992],[178.31497269026096,-8.031738903142577],[178.31470063999586,-8.031781113370632],[178.314633198673,-8.031929800806298],[178.31462600289825,-8.032472418001324],[178.31452059116074,-8.033015349114288],[178.31450617705198,-8.033964935017002]],[[178.32000068315128,-8.037338541123184],[178.32016217025628,-8.03729353414229],[178.32113323876354,-8.03597842091384],[178.3212891895095,-8.035706623396951],[178.3213125681875,-8.035435251912343],[178.32097107227244,-8.034923448741175],[178.32007173542448,-8.034082755180018],[178.3199718875439,-8.033811779176604],[178.3200649229495,-8.03326888752702],[178.32001285125847,-8.033201275695717]],[[178.31948185219576,-8.037341516168759],[178.3198902940137,-8.037390367059784],[178.32000068315128,-8.037338541123184]],[[178.32478524266077,-8.036780557171252],[178.32459511466078,-8.036509873847544],[178.32451447166238,-8.036454209885871],[178.32440597491149,-8.036510483223283],[178.32434940482773,-8.03678196148271],[178.32451598713308,-8.036921491593892],[178.32478524266077,-8.036780557171252]],[[178.32818848887757,-8.041110305000387],[178.32969954847454,-8.040562826772913],[178.33133130961627,-8.040178316831142],[178.33162244008517,-8.040014009269473],[178.33180893973437,-8.039742109684058],[178.33184060332573,-8.039470711880059],[178.33160049044685,-8.039255782016852],[178.33051264426268,-8.03953538808171],[178.3299679298632,-8.03943250866225],[178.32724210546937,-8.038224446841113],[178.326696700113,-8.037908308553536],[178.32642445780974,-8.037891878444873],[178.32629269933167,-8.038132175444526],[178.32664566896722,-8.039216219317016],[178.3266191283744,-8.039487600734978],[178.32600207147178,-8.040574775421943],[178.32600724202777,-8.04084605452711],[178.32620720891921,-8.04111670491403],[178.3264353484767,-8.041243850883916],[178.32670764597205,-8.041276566146802],[178.32818848887757,-8.041110305000387]]]}},{"type":"Feature","properties":{"year":2018,"certainty":"unstable data"},"geometry":{"type":"MultiLineString","coordinates":[[[178.41486321362714,-7.94912610251905],[178.41493880134115,-7.948854557940805],[178.41491940789018,-7.948312049619296],[178.41503451060362,-7.94804037049678],[178.41480506843652,-7.947769864536327],[178.41443706573577,-7.9475643906558116]],[[178.41418293628135,-7.94763633852772],[178.41406880614434,-7.947772370543345],[178.41430556456567,-7.948895543011034],[178.41457871469007,-7.949196201606391],[178.41486321362714,-7.94912610251905]],[[178.41665943950375,-7.950205129869713],[178.4170300635139,-7.949856662660826],[178.41728243899908,-7.949389144244176],[178.41729946197844,-7.9490635808833225],[178.41702669513967,-7.948875080771955],[178.41675502508886,-7.949006211875282],[178.41620550504197,-7.949935390545917],[178.41627319265,-7.950206446813244],[178.41648730717472,-7.950289487641075],[178.41665943950375,-7.950205129869713]],[[178.41243922402865,-7.999771471290877],[178.4124821115837,-7.999729255659625]],[[178.41271055249373,-7.999531673969953],[178.41280530578962,-7.999456863214573]],[[178.41298193613056,-7.999307992342144],[178.41310862614768,-7.999184538593271]],[[178.41325311314492,-7.999024406392855],[178.4133503874207,-7.998912424497689]],[[178.41352415682564,-7.998702220538317],[178.41357240488486,-7.998640377891602]],[[178.41379516089796,-7.998368657407521],[178.41379544029135,-7.998368327728371]],[[178.41650699475065,-7.995559471529507],[178.417258999152,-7.994694091207559],[178.41773649468922,-7.994285523631324]],[[178.3858408924597,-8.038071355712225],[178.38561204783207,-8.039292929347486],[178.38514890804737,-8.040650937593071],[178.38519315409542,-8.041193367179371],[178.38503643898545,-8.04322856581358]],[[178.38574426457848,-8.042412310635171],[178.38572810724628,-8.04214107584065]],[[178.3856596048867,-8.041598728281869],[178.38565443585878,-8.04119181174108],[178.38584622057923,-8.03983471836207],[178.3859904272273,-8.039291653401119],[178.38629726025547,-8.038612395274498]],[[178.31600939126588,-8.031518454695101],[178.3163336452917,-8.03174671368909],[178.31742239823942,-8.031749674993211],[178.31787931494364,-8.03164811651063],[178.31814229212546,-8.031375977155843],[178.3181815749162,-8.031104554541436],[178.3179572578694,-8.030698328124972]],[[178.3121245716134,-8.034801857162638],[178.312366423997,-8.034785661145639]],[[178.3125513180048,-8.034785070989972],[178.31307807136707,-8.035063355379666],[178.31335000485157,-8.034984054386648],[178.31357511924207,-8.03464615306708],[178.31372401967778,-8.034238731626454]],[[178.31448941304689,-8.034643231319887],[178.31498037658042,-8.034127239275309],[178.315357166537,-8.033283971419854],[178.31556685504748,-8.033012003725837],[178.31562763004044,-8.032740512333566],[178.3155200663176,-8.032672030445182],[178.31538262624096,-8.032253659874174]],[[178.31450617705198,-8.033964935017002],[178.3143760523356,-8.034643593689466],[178.31443792872935,-8.034726290275183],[178.31448941304689,-8.034643231319887]],[[178.31666573145466,-8.036264049488803],[178.317164607067,-8.036214457609084],[178.31737505452887,-8.035990480390625],[178.31762988353944,-8.03517577354549],[178.3180871317953,-8.03436041789083],[178.31843175165795,-8.033545423078198],[178.31847024275524,-8.033274002998667],[178.31824301538742,-8.033008150620947],[178.31797091487647,-8.033034827622881],[178.3177215094599,-8.033276402679025],[178.3174060710708,-8.034091303609376],[178.31659811132283,-8.03517907865928],[178.31643881495617,-8.035450885577514],[178.31634694756156,-8.035875328195262],[178.31596386737434,-8.036266296727115],[178.31634848273617,-8.036351658043296],[178.31666573145466,-8.036264049488803]],[[178.32001285125847,-8.033201275695717],[178.31987618477643,-8.03302382266695],[178.31960396628975,-8.03301388729058],[178.31901895542072,-8.033272243516393],[178.31879953700118,-8.034086837105498],[178.31850258007438,-8.03463038267033],[178.31845717940783,-8.035444418224783],[178.31829406743137,-8.03598753458217],[178.31830748914965,-8.036530084865758],[178.31853806462235,-8.037071938658295],[178.31880114304175,-8.037268500177113],[178.31948185219576,-8.037341516168759]]]}},{"type":"Feature","properties":{"year":2019,"certainty":"good"},"geometry":{"type":"MultiLineString","coordinates":[[[178.38353505156397,-7.933496737311667],[178.38394321544123,-7.9329527989132265],[178.38396607570965,-7.932681432078738],[178.38364726414983,-7.93241120086239],[178.382890039218,-7.931328552771254],[178.38169254152947,-7.930111717951827]],[[178.38145143551986,-7.929914923769382],[178.381342925142,-7.929841586548911]],[[178.38090620182845,-7.929611900485655],[178.38081735592309,-7.929572038153038]],[[178.38063373997525,-7.929506783750533],[178.37995280644833,-7.929310178212351],[178.37831957201735,-7.929139934213433],[178.37750493074623,-7.929648637124356],[178.37736372841755,-7.9294478279892076],[178.37723078832292,-7.929038194830805],[178.37703448990464,-7.928906333346686],[178.37668623276184,-7.928938083918327],[178.3765018018124,-7.9291793857773705],[178.37668879173003,-7.929707622069313],[178.37696154541212,-7.929900602289721],[178.3772331627973,-7.929751962649168],[178.3777792017866,-7.93029744137658],[178.37859989303823,-7.9316050474664666],[178.37897009930774,-7.931884135407437],[178.37913660303332,-7.932154875324346],[178.379179920467,-7.932697314589558],[178.37942057589618,-7.932908446464152],[178.38023632967506,-7.932732479571855],[178.38159710491044,-7.93279495585781],[178.38241422631927,-7.9330289364913025],[178.38272702854533,-7.933228130997804],[178.3829602780138,-7.933574997925886],[178.38323282920902,-7.933705884660779],[178.38353505156397,-7.933496737311667]],[[178.3862441445344,-7.934844177763928],[178.38653574177664,-7.934571915954562],[178.38646053818937,-7.934300875915468],[178.38595420112372,-7.933776427973396],[178.38540854846792,-7.933350625226158],[178.38513599240383,-7.933218341642775],[178.38486375230642,-7.933180423789816],[178.3847589220027,-7.933492668013971],[178.38472306106132,-7.934306659532452],[178.38474311330452,-7.934577883560089],[178.3848691844371,-7.934803365506186],[178.3851417019543,-7.934923814426501],[178.38568606992004,-7.9349654388703845],[178.3862441445344,-7.934844177763928]],[[178.38726378162045,-7.935383361474726],[178.38704730220917,-7.935162681175001],[178.38693947035324,-7.9353844423441044],[178.38704855941208,-7.935537635985066],[178.38726378162045,-7.935383361474726]],[[178.39689741224495,-7.941319504497246],[178.39698037230013,-7.941047936551945],[178.39686257606775,-7.940841111690099],[178.3965910885522,-7.941027408692318],[178.39656504553298,-7.9413206207197815],[178.39659231220546,-7.941389591651398],[178.39689741224495,-7.941319504497246]],[[178.4068676401053,-7.945355219268971],[178.4070722391215,-7.945083238652226],[178.4071311214324,-7.944811751235471],[178.40694372497947,-7.944614298380364],[178.40667190337703,-7.9447014365026005],[178.40654434346936,-7.945356313328897],[178.40667497600586,-7.945603913526192],[178.4068676401053,-7.945355219268971]],[[178.4148991185147,-7.948854693072749],[178.4147908808968,-7.948312487243481],[178.4149796663106,-7.948040557251077],[178.4148238631575,-7.947769800547896],[178.41430081003637,-7.947507143122085],[178.4140994991677,-7.947772266099928],[178.41430482180647,-7.94867866174501],[178.4145782253802,-7.949053359805798],[178.41485011719072,-7.948986672556596],[178.4148991185147,-7.948854693072749]],[[178.4166968266874,-7.950205002375679],[178.41703019852872,-7.949896004883733],[178.4173217609703,-7.949389010106644],[178.4173242172872,-7.949117714826856],[178.4170267808368,-7.948900055422868],[178.4167552381968,-7.949068328494341],[178.4163290082083,-7.949663682517187],[178.41621295020684,-7.949935365166405],[178.416307301351,-7.950206330531003],[178.41648733843263,-7.9502985989496215],[178.4166968266874,-7.950205002375679]],[[178.41950671684086,-7.950737984017525],[178.41915039197536,-7.951553061485137],[178.41921440885704,-7.952004085359623],[178.4193775905636,-7.9523661450753975],[178.419488060419,-7.9524489664201665],[178.41975956031712,-7.952268104812201],[178.42029565545323,-7.951006573902324],[178.42020332238806,-7.950735603038553],[178.4200259389665,-7.950598457694872],[178.41975360587273,-7.950536698334126]],[[178.4232569249095,-7.95370930021601],[178.42343171061944,-7.953437414962886],[178.42340848668888,-7.953166208407929],[178.4232995517951,-7.9529670810073],[178.42297661226672,-7.952625116027601],[178.42220804948286,-7.95209218155297],[178.42186639986446,-7.952086345752776],[178.421373354069,-7.95263060614993],[178.4212458548643,-7.952902328898764],[178.42125600357767,-7.953173580575079],[178.42139665806704,-7.95353629662244],[178.42166963402852,-7.9537840649292],[178.4222139191383,-7.953795652187479],[178.42275859148842,-7.95391959370339],[178.42303048888684,-7.953854290638571],[178.4232569249095,-7.95370930021601]],[[178.4251482932902,-7.955873100952198],[178.42539952584085,-7.955600952522474],[178.4254649619134,-7.955329441952471],[178.42538758799427,-7.955058421691225],[178.42493738024595,-7.954443527296925],[178.42466457539928,-7.95424593296891],[178.42439257397268,-7.9542810393835985],[178.4241189154932,-7.954520203129285],[178.42385067898374,-7.954962218345477],[178.42379936422608,-7.955335157298101],[178.42385239439793,-7.955459342360719],[178.42412579573377,-7.955829576427508],[178.4243985031566,-7.955998665468261],[178.424670816291,-7.956053509932448],[178.4251482932902,-7.955873100952198]],[[178.42808595253385,-7.959932289474877],[178.428564873019,-7.959116784428501],[178.4288703425716,-7.958844447276936],[178.4289959674701,-7.958572729263124],[178.42892934389255,-7.958301673195417],[178.4282136142344,-7.957553095719226],[178.42766800798753,-7.957160864613976],[178.4273958197484,-7.957142350951194],[178.42701901537487,-7.957494389013258],[178.42688023445064,-7.957766151839102],[178.42685516196042,-7.958180398109611],[178.42695136557285,-7.958308478689905],[178.4274150811405,-7.958578169700912],[178.4274535501781,-7.958849323017497],[178.42729990662593,-7.959663708403115],[178.4274052941148,-7.959880025323803],[178.42767810386292,-7.960077530529389],[178.42795022926828,-7.96007733757163],[178.42808595253385,-7.959932289474877]],[[178.4260931425855,-7.957768856996145],[178.4260366094202,-7.957550511704003],[178.42595044540732,-7.957769347272455],[178.42603767216923,-7.9578579246565075],[178.4260931425855,-7.957768856996145]],[[178.42905185686547,-7.961556676575447],[178.42931569919105,-7.961473616269648],[178.43013008338232,-7.9608981177091716],[178.43030693088647,-7.960738495520155],[178.43039653387657,-7.960466901344241],[178.4303256005879,-7.960195860594449],[178.4299727898407,-7.9596545059880786],[178.42957988060547,-7.959181785470911],[178.42930733167822,-7.959059547284089],[178.42903578911134,-7.959227709484666],[178.4287371821355,-7.95965876217612],[178.42874456594663,-7.9602013076916025],[178.4290807902966,-7.961014006079126],[178.42905185686547,-7.961556676575447]],[[178.40729203356284,-8.006690958802741],[178.4081544068398,-8.005848000208552],[178.4086479105038,-8.005259269160277]],[[178.40872775917782,-8.00516782519156],[178.40891905723524,-8.004964918528517]],[[178.40935948624173,-8.004351806770755],[178.40946067021434,-8.004178571896741]],[[178.40969595812075,-8.003808083410469],[178.41000203745074,-8.003321311500674]],[[178.4100352188371,-8.003264350387159],[178.41027275994887,-8.002904214634771]],[[178.4103948935141,-8.002720547474658],[178.4118974256736,-8.000500833787122]],[[178.41354604910111,-7.998640468101488],[178.41433744236332,-7.997781211491772]],[[178.41457142051124,-7.997551810793446],[178.41488010513123,-7.997304818538197]],[[178.4177055840556,-7.99428562968681],[178.41962641886207,-7.992577904716015],[178.42016848848272,-7.9919337838232725],[178.42108035659248,-7.991425534702313],[178.42139360723493,-7.990610599857359],[178.42169457396938,-7.9900669931061366],[178.42231549418878,-7.989250999849452],[178.4227250639721,-7.9884357333012135],[178.4231483933774,-7.987972869419376],[178.42396245569267,-7.9872881330559355],[178.42450329602676,-7.986293182634307],[178.42549951712178,-7.985170751810091],[178.42551975132147,-7.984899396551632],[178.4256363475137,-7.984627709227652],[178.4264617847643,-7.984082292968894],[178.42702042777438,-7.98353779569418],[178.42712188420393,-7.98272358964343],[178.42748286385145,-7.982257798613055],[178.42860597735958,-7.981362042372511],[178.42916427437459,-7.981088829623381],[178.42965439525332,-7.9806486680659425],[178.43019751840907,-7.9803162989736895],[178.43046950544934,-7.979999180286224],[178.430459485142,-7.9797279298858115],[178.43022033028166,-7.979186186150309],[178.43025562898544,-7.978100923924093],[178.43037847413424,-7.977557929403038],[178.43080353932473,-7.976742605673431],[178.43100087151322,-7.976560335597843],[178.4315447354787,-7.976442710298698],[178.43181702893165,-7.976487833586838],[178.43207716401943,-7.976738202945554],[178.43204675054557,-7.977009593010099],[178.43174804656314,-7.977553195775096],[178.43174572043384,-7.978095773632613],[178.43153212306873,-7.978639082080613],[178.43155269274516,-7.978729789709269],[178.43182488903736,-7.97874654840649],[178.43236773600333,-7.97833614068397],[178.43346421390152,-7.977275973108676],[178.43360043608146,-7.9770042167871456],[178.4336226773705,-7.976461570372843],[178.43372708363444,-7.976189924206651],[178.43395468370193,-7.975917851485226],[178.43480709455645,-7.9755029894848315],[178.4359669863056,-7.974554456575071],[178.43673726120224,-7.973737932286335],[178.43728639681527,-7.972922174336346],[178.43743029474606,-7.9723791064426734],[178.4374773511714,-7.971836374540863],[178.43739823620524,-7.971294080341617],[178.4370743543505,-7.970481350599041],[178.43610837624172,-7.9688569922628085],[178.43573708948634,-7.968044424835131],[178.43474399895032,-7.966420155106342],[178.4341409420024,-7.96560838719443],[178.43324073347802,-7.963983790367903],[178.4323432510233,-7.962630465843077],[178.4312193465042,-7.961116484211029],[178.43094689494143,-7.961022785593697],[178.43067515140052,-7.961133112436301],[178.43013273855775,-7.961663610816229],[178.43003436944522,-7.961824576270309],[178.4300276950696,-7.962638455161555],[178.4299080847789,-7.962910152801213],[178.4304102567275,-7.9632174139519165],[178.43079605774318,-7.963720946307297],[178.43088240983275,-7.964263218751231],[178.43073545027653,-7.965077581321618],[178.4308183866886,-7.965348580331521],[178.43104271796304,-7.9656190913452685],[178.43123659808828,-7.9660848758874465],[178.43178077608914,-7.966061496036963],[178.43205355214332,-7.966247516997368],[178.43217230941065,-7.96642904637332],[178.4324300325685,-7.967513295895392],[178.4324228691143,-7.968327175499479],[178.43251997882527,-7.969140694697734],[178.43244670872122,-7.970226087636231],[178.43220750594324,-7.971583339072535],[178.431924242619,-7.972669457907575],[178.43105308042104,-7.975114033299018],[178.42978894233158,-7.977831250729005],[178.4291044704556,-7.979023643007811],[178.4286952580235,-7.979462737600719],[178.42856578911184,-7.980005754919508],[178.428167012054,-7.9802784163063105],[178.4277497185675,-7.9807351947932545],[178.42720823866966,-7.981541957280424],[178.4266655126825,-7.981990118801492],[178.42624668045397,-7.982455321759595],[178.4260044322422,-7.982998727652868],[178.42562135808865,-7.983542618762244],[178.4248745860591,-7.984359048053663],[178.4245154840207,-7.985174141655863],[178.4237377789665,-7.986533247692621],[178.42334660839242,-7.98707716556565],[178.42233237863113,-7.988094379780234],[178.42189912364995,-7.98898114608244],[178.42152647737956,-7.989524999284528],[178.42071307989713,-7.9903416532037195],[178.4204366346734,-7.990776601098833],[178.41985005196207,-7.991429762623498],[178.41888170876322,-7.992246946349094],[178.41848503987333,-7.99279088039735],[178.41684005348378,-7.994152955212478],[178.41559841354436,-7.995649286691287]],[[178.41541935713607,-7.995839657208437],[178.4153399966953,-7.995921458621722]],[[178.4151480867839,-7.99609516416195],[178.41487704064795,-7.996329974332733],[178.41446466500332,-7.996873959802251],[178.41297837417787,-7.9982735417998505]],[[178.41153198310553,-7.99973250459344],[178.41126345033825,-8.000140352883234],[178.41108269369883,-8.000683544598528],[178.41094622391356,-8.000890383296321],[178.4095860207956,-8.002045092633413],[178.40877592716092,-8.002912394505655],[178.4079631069448,-8.003975500688746],[178.40613052264308,-8.006668764495448],[178.40579638010468,-8.007047623200288],[178.40451565608421,-8.008030703137393],[178.40389794323832,-8.008998403917136],[178.40344597863967,-8.009390782421471],[178.40333446444697,-8.00966244959713],[178.4036282461264,-8.009717830695848],[178.40376416658458,-8.009671007508585]],[[178.4293824053644,-7.980691713366811],[178.42911053911925,-7.980770367877161],[178.4288380878245,-7.980680654337967],[178.42873691286707,-7.980276449511163],[178.4288361489758,-7.980122531566119],[178.4293803365217,-7.980096396408424],[178.42955343526634,-7.980273630228486],[178.42949288583668,-7.980545124481536],[178.4293824053644,-7.980691713366811]],[[178.34043083788777,-7.988981990080057],[178.340961005249,-7.988528243933237],[178.34117978415267,-7.988165676993846],[178.34118564628795,-7.987894363154902],[178.3409584706008,-7.987751541051769],[178.34043402013532,-7.987896800156773],[178.34014305742755,-7.9880732169437065],[178.3398294504277,-7.988441349305275],[178.33974350060052,-7.98871292276073],[178.33982741157976,-7.9889839458382506],[178.3401462966567,-7.989066377293837],[178.34043083788777,-7.988981990080057]],[[178.34854269668185,-7.99112596542798],[178.34913234209242,-7.990572665440239],[178.349202115698,-7.990309931890972],[178.34904090136962,-7.989767870081241],[178.348668967531,-7.989226495514127],[178.34774679330675,-7.988415620144812],[178.34721952242575,-7.988214170911975],[178.34694756655992,-7.988274518414771],[178.3468341854555,-7.98841859359474],[178.34664766791073,-7.989233083743896],[178.34668420284467,-7.989504258967987],[178.34703468410922,-7.99031699976974],[178.34722741934547,-7.990622411500984],[178.34786739157968,-7.991128167921812],[178.34831809511547,-7.991248458992763],[178.34854269668185,-7.99112596542798]],[[178.40294893473282,-8.010037077409441],[178.40281274512077,-8.010005353152046],[178.40270554070392,-8.010071520779112]],[[178.37870085095557,-8.074041280096363],[178.3790778561298,-8.073781567415212],[178.3796144553682,-8.073224332427891],[178.38003334172626,-8.07240905156293],[178.3802569537715,-8.071594428983047],[178.38025478471457,-8.070780567667294],[178.380342929719,-8.069966401852051],[178.3808600010449,-8.068336921302661],[178.3807793252289,-8.066166877053472],[178.38045536123127,-8.063997652180879],[178.38007302717924,-8.062099912499066],[178.37996283212075,-8.061015124781441],[178.37988915809746,-8.059387634496217],[178.3800663859622,-8.058030589328814],[178.38009750665555,-8.057216615394205],[178.38036735046626,-8.056130548290954],[178.38108033214996,-8.053957830727665],[178.38193146714167,-8.05232722691105],[178.3821376861085,-8.052055242737895],[178.3841695098531,-8.050171723099815],[178.38481501092332,-8.049333322728147],[178.38536583130505,-8.048788885477578],[178.38558686313507,-8.048245560975577],[178.38566712644024,-8.047431422352588],[178.38584940618168,-8.046888228647669],[178.38595929968722,-8.045531411589359],[178.3858799984182,-8.043361365200823],[178.38566154675715,-8.041463077075525],[178.38595364497132,-8.039291777451133],[178.3865340942538,-8.037933373205975],[178.38728219790534,-8.036574402963298],[178.38965731745074,-8.033853491466875],[178.39030176219626,-8.033037446495747],[178.39063738750227,-8.032493734027502],[178.39122594113059,-8.031949166011795],[178.39180660590887,-8.031133335335937],[178.3923232935014,-8.030589009434072],[178.39253882023337,-8.030064812570643],[178.39339482400152,-8.028686361292559],[178.39379326298337,-8.027871146156096],[178.39521089511564,-8.025967323304528],[178.39539930117624,-8.025424107792638],[178.39546620546324,-8.024881304142205],[178.3958581234829,-8.0237948218852],[178.39632506952958,-8.022972315366996],[178.39673443344785,-8.021892831854927],[178.39848655855866,-8.018325327996147],[178.3986791223851,-8.01740997744112]],[[178.3985563589261,-8.016867817778628],[178.39821176222245,-8.01755582798816],[178.39802557557752,-8.018632992394458],[178.39736430232546,-8.019720388970669],[178.39676479467488,-8.021078863900492],[178.3961511882493,-8.022166097958822],[178.39592802744892,-8.02243814288725],[178.39583103392766,-8.022709760087428],[178.39568477069773,-8.023795409556769],[178.3955118407769,-8.023935406953097],[178.39388614920276,-8.026089572204846],[178.3928030360096,-8.027728301250479],[178.3914441589326,-8.029235539795556],[178.39045057264224,-8.031137921115345],[178.3896261394947,-8.032497151937584],[178.38927014231902,-8.033040932622544],[178.38868465070388,-8.033585488169336],[178.38796875525918,-8.034401772450067],[178.38765693295917,-8.035157404827673],[178.38703635169838,-8.036032654077053],[178.38589951533834,-8.037935513381735],[178.38578415017335,-8.03820719169931],[178.38564963765654,-8.039292802605107],[178.38549441362417,-8.039556485703569],[178.3851516304823,-8.040650928415454],[178.38518909097508,-8.041193380877878],[178.3850156712413,-8.043364280521136],[178.38525217311403,-8.044448640315164],[178.38514250822567,-8.045262878179857],[178.3848468612684,-8.045806453989968],[178.3847737753488,-8.046349279175049],[178.38463752227176,-8.04662102803349],[178.38360887458634,-8.048252232452022],[178.38269183292005,-8.04988305956504],[178.38157541306637,-8.051243267399908],[178.3814883225542,-8.05178613990252],[178.380439421229,-8.053688698185217],[178.38021697919032,-8.054503315907994],[178.37975679335807,-8.055590023244365],[178.37919490631586,-8.057490941968481],[178.37903481426662,-8.05830534992734],[178.37899568074909,-8.059119351058198],[178.37889578570682,-8.059390976896683],[178.37767198295194,-8.060541310454857],[178.3755004711814,-8.062340090904373],[178.37359773878867,-8.063130750083891],[178.37278344430678,-8.063814980108079],[178.37251171118498,-8.063953799621487],[178.3719123841204,-8.064026345858432],[178.3717910868692,-8.06429804254413],[178.37186848173891,-8.064840364504253],[178.37197064794293,-8.064944421391324],[178.3725148072732,-8.064871843097029],[178.372807644952,-8.06510850903958],[178.3728247395041,-8.065379742190968],[178.37268766833125,-8.065651491952993],[178.3726506267392,-8.065922906519903],[178.37279107960202,-8.066078372700035],[178.37306308280805,-8.066019242876592],[178.37333441405613,-8.065761053289025],[178.37360644777746,-8.065711064804983],[178.37402803115134,-8.065918288673304],[178.374492440957,-8.066459311141951],[178.3748628000832,-8.068628389653004],[178.37482718170583,-8.068899799407085],[178.37411212331466,-8.069716070256016],[178.3739438231631,-8.069987925290253],[178.3739264329316,-8.070259273899097],[178.3743776235976,-8.071071630152451],[178.37460654639344,-8.071884732034704],[178.37513348197476,-8.072696832483377],[178.3758101724626,-8.073428540103519],[178.37717355000197,-8.074119576516134],[178.37799056379387,-8.074234896202],[178.37870085095557,-8.074041280096363]],[[178.3117943875488,-8.022986047961469],[178.31167780476804,-8.022807666969863],[178.31158843633753,-8.022986704005094],[178.31167853186054,-8.023034447991355],[178.3117943875488,-8.022986047961469]],[[178.313954195113,-8.030575484465839],[178.3141883564468,-8.03030343935244],[178.31495278700592,-8.029758402615247],[178.31523863279418,-8.029798749929302],[178.3155319469871,-8.030027848256541],[178.31550754286707,-8.030299223319021],[178.31527890860582,-8.030842548422532],[178.315337342146,-8.031113658634117],[178.31633372651393,-8.031771929219914],[178.317150208724,-8.031748525080621],[178.31769510887622,-8.031912447402995],[178.3179668749855,-8.031782298323858],[178.3181500018314,-8.03137595245108],[178.31818207538868,-8.031104552937748],[178.31807889399974,-8.030833586804013],[178.31768961944937,-8.030209856709588],[178.316487760452,-8.02866830624956],[178.31560613687125,-8.027314640633767],[178.31545595563674,-8.027043823604924],[178.31504303999728,-8.025688657501357],[178.31467947276886,-8.025198790771974],[178.31440687881084,-8.025070520359902],[178.31413480444078,-8.025103917752498],[178.31196164037135,-8.02644137841455],[178.31168961669945,-8.026491002843274],[178.31141726105312,-8.026437139337137],[178.31110043788698,-8.026243828838123],[178.31128562230015,-8.027057131492173],[178.31114848172888,-8.027498607114312],[178.31087598355006,-8.027400497369866],[178.31049045347896,-8.027059664147314],[178.31005631325374,-8.026426837502258],[178.30978346226982,-8.026218292632942],[178.3089661688852,-8.025985689825859],[178.3086939221639,-8.025965733347762],[178.3084221223082,-8.026085447741616],[178.30787573402884,-8.02652538559112],[178.30745901566226,-8.027069305348325],[178.30643256963083,-8.02870035286922],[178.30586287401482,-8.030601247515756],[178.30587564639305,-8.031143803037239],[178.3059893090677,-8.03135524270901],[178.30655027411183,-8.03195555477631],[178.3078996806922,-8.032937802628004],[178.3084449515303,-8.033217509327162],[178.31012732393734,-8.034385855128004],[178.31117192721885,-8.034806574408801],[178.31198842796613,-8.034786460590244],[178.31280436693336,-8.034591642158011],[178.31307769974902,-8.034947747338059],[178.31334979029924,-8.034917321876632],[178.31362724975787,-8.034374689357042],[178.31379590045646,-8.033288961898776],[178.31402297657957,-8.03274564213045],[178.3139522818926,-8.03247457082081],[178.3133394541597,-8.031701779410215],[178.31306662273676,-8.031500969208691],[178.31224840473757,-8.030984105224334],[178.31170404027054,-8.030986364360322]],[[178.310620001172,-8.025702763677954],[178.31032518916777,-8.025394676072917],[178.31005249969076,-8.025236345509956],[178.3098500823991,-8.025433916603458],[178.31005388101957,-8.025667580355655],[178.31032644503117,-8.025786653601713],[178.3105985526123,-8.02576325837776],[178.310620001172,-8.025702763677954]],[[178.31152908775672,-8.031125817671674],[178.31119356561467,-8.031669482178744],[178.31089064174603,-8.031971273522078],[178.31061854552897,-8.0319994687594],[178.31034585052632,-8.031840945291073],[178.31022357224555,-8.031672572964158],[178.31016851159552,-8.031401450766138],[178.31027036660123,-8.03058723363516],[178.31027024319613,-8.029773341285622],[178.31023756979963,-8.029502147744973],[178.30995550710153,-8.028960450601904],[178.31006343482827,-8.028649513607341],[178.31060852570187,-8.028874699886082],[178.31078191229963,-8.029500413972102],[178.31115681251455,-8.03009610286145],[178.31142965692345,-8.030301517768761],[178.31170157799068,-8.030219135234983],[178.31183235259718,-8.030039661047695],[178.3118084709972,-8.029768439770468],[178.31197164586766,-8.029559417668253],[178.31278974668083,-8.030040856740527],[178.31333625536834,-8.030706375333255],[178.3136085320675,-8.030734745657691],[178.3138804012869,-8.030636357303086]],[[178.31471027924945,-8.034371228146867],[178.3151230830164,-8.033827314088041],[178.3156446342625,-8.032740457940518],[178.31551972424614,-8.032565779798992],[178.3152956130248,-8.031927683168169],[178.3149723875375,-8.031644824195086],[178.31470042990733,-8.031715810029574],[178.31463588788534,-8.031929792211452],[178.31467104838225,-8.032472274022869],[178.31457726646843,-8.033015167965349],[178.31459743154355,-8.033828994769646],[178.31471027924945,-8.034371228146867]],[[178.3167089997769,-8.036263910912472],[178.3171647380441,-8.036255070996095],[178.31732401788784,-8.035990643923526],[178.31744374559898,-8.03544766676261],[178.31766837465727,-8.03490435345242],[178.31817438211831,-8.034088841510707],[178.3184170802392,-8.033545470113163],[178.31843646221475,-8.033274111294212],[178.3182428197237,-8.032947503935146],[178.3179709307029,-8.033039734061454],[178.31773349267473,-8.033276364283713],[178.31744654569482,-8.034091173941837],[178.3166719831507,-8.03517884210898],[178.31634725687695,-8.035971304090586],[178.31607559237185,-8.036133996496144],[178.31600809795827,-8.036266155144379],[178.3163484494891,-8.036341342535337],[178.3167089997769,-8.036263910912472]],[[178.32026921048026,-8.037066382298711],[178.3210895234392,-8.035978561387527],[178.32124374035715,-8.035706769454418],[178.32124532110822,-8.035435468015558],[178.32097118948533,-8.034959695263812],[178.32050027436333,-8.034623972206594],[178.32004949701368,-8.03408282656709],[178.3199562420797,-8.03381182939447],[178.32005612308802,-8.033268915772489],[178.31987629777697,-8.033058803961007],[178.31960412339183,-8.03306253103366],[178.31911080940927,-8.03327194890918],[178.31893490952044,-8.033543809692226],[178.31851446914857,-8.034901641205025],[178.31847629635308,-8.035715653572963],[178.31832639203833,-8.036258727591443],[178.31833569865563,-8.036529994403514],[178.31852802751732,-8.036981639376169],[178.31880095402292,-8.037209969371817],[178.31989000274035,-8.03730024818503],[178.32016187474596,-8.03720212208697],[178.32026921048026,-8.037066382298711]],[[178.32486481599486,-8.036780300728427],[178.32484774427485,-8.036509059782663],[178.32478671377046,-8.036470839543421],[178.32451432609182,-8.03640932302729],[178.32437334374274,-8.036510588346497],[178.32440568867517,-8.03678178015672],[178.32451580349021,-8.036864868469893],[178.32486481599486,-8.036780300728427]],[[178.328142695603,-8.041110453029278],[178.3291555670297,-8.040724328756218],[178.3313312285123,-8.040153448140376],[178.33160289218677,-8.039992121711785],[178.33177556729262,-8.039742217838786],[178.3318289450401,-8.03947074966266],[178.33160036467953,-8.039217221609627],[178.33078470384774,-8.039495507616435],[178.33051258720184,-8.039517879489484],[178.32996786212297,-8.039411714404036],[178.32778736254195,-8.038494749892541],[178.32669668811016,-8.0379046142448],[178.32642445021756,-8.03788954118757],[178.32615273331402,-8.038034889093746],[178.32609057262667,-8.038132827621885],[178.3265783239634,-8.038945140957592],[178.32665009648778,-8.03921620502449],[178.32648452002627,-8.039759331002347],[178.3259815489174,-8.040574841649144],[178.3260010636003,-8.040846074466007],[178.32621984313224,-8.041116664133366],[178.32670763311012,-8.041272609134223],[178.328142695603,-8.041110453029278]]]}},{"type":"Feature","properties":{"year":2019,"certainty":"unstable data"},"geometry":{"type":"MultiLineString","coordinates":[[[178.38169254152947,-7.930111717951827],[178.38145143551986,-7.929914923769382]],[[178.381342925142,-7.929841586548911],[178.38090620182845,-7.929611900485655]],[[178.38081735592309,-7.929572038153038],[178.38063373997525,-7.929506783750533]],[[178.40379354397953,-8.009660887293983],[178.40444353943306,-8.00937010797744],[178.40552803814398,-8.00816100173892],[178.40678386967073,-8.007209112068605],[178.40729203356284,-8.006690958802741]],[[178.4086479105038,-8.005259269160277],[178.40872775917782,-8.00516782519156]],[[178.40891905723524,-8.004964918528517],[178.40935948624173,-8.004351806770755]],[[178.40946067021434,-8.004178571896741],[178.40969595812075,-8.003808083410469]],[[178.41000203745074,-8.003321311500674],[178.4100352188371,-8.003264350387159]],[[178.41027275994887,-8.002904214634771],[178.4103948935141,-8.002720547474658]],[[178.4118974256736,-8.000500833787122],[178.41257478240908,-7.999620814137509],[178.41354604910111,-7.998640468101488]],[[178.41433744236332,-7.997781211491772],[178.41457142051124,-7.997551810793446]],[[178.41488010513123,-7.997304818538197],[178.41582868216904,-7.996158098085534],[178.41664258822675,-7.99541980931957],[178.41725422544394,-7.994694107581771],[178.4177055840556,-7.99428562968681]],[[178.41559841354436,-7.995649286691287],[178.41541935713607,-7.995839657208437]],[[178.4153399966953,-7.995921458621722],[178.4151480867839,-7.99609516416195]],[[178.41297837417787,-7.9982735417998505],[178.41153198310553,-7.99973250459344]],[[178.40376416658458,-8.009671007508585],[178.40379354397953,-8.009660887293983]],[[178.40256717364173,-8.01102149871443],[178.4031166018462,-8.010205766347733],[178.40308512435857,-8.010068801618162],[178.40294893473282,-8.010037077409441]],[[178.40270554070392,-8.010071520779112],[178.40254115685306,-8.01017298003071],[178.40208567536612,-8.01075184827443],[178.40186274396427,-8.01129518194872],[178.4014575950441,-8.011660201263926],[178.40072460620542,-8.012655489676602],[178.4003746174862,-8.012927966634495],[178.40064571476364,-8.013008393977042],[178.40118821625913,-8.012474301545979],[178.40189286032344,-8.011566367439073],[178.40254416065264,-8.011050513946167]],[[178.39902637230855,-8.015916713832118],[178.39904923720218,-8.015645348070269],[178.39929714816924,-8.015373218310481],[178.3993527509061,-8.015101741413744],[178.39929175810272,-8.01501772453367],[178.3992609105721,-8.015373341340112],[178.39902145772916,-8.01556372596779],[178.39902637230855,-8.015916713832118]],[[178.3986791223851,-8.01740997744112],[178.3987946946927,-8.01700265288948],[178.3987529008697,-8.016620272391254],[178.3985563589261,-8.016867817778628]]]}},{"type":"Feature","properties":{"year":2020,"certainty":"good"},"geometry":{"type":"MultiLineString","coordinates":[[[178.37711807123793,-7.929719931941608],[178.3772311962896,-7.929160834481186],[178.37695840546974,-7.928956552060341],[178.37668647845547,-7.929011972754648],[178.37654639418247,-7.9291792384053394],[178.37668867100746,-7.929671319855813],[178.37696137352836,-7.929848926983156],[178.37711807123793,-7.929719931941608]],[[178.3836006591879,-7.933496519261408],[178.38395500861904,-7.932952759709817],[178.38399134729914,-7.932681348070791],[178.38365635736247,-7.93241117064283],[178.38331087632983,-7.931869736799873],[178.38267997319684,-7.931123375326821],[178.381587983896,-7.930062542791581],[178.38117891726748,-7.92979298997238]],[[178.38090634009805,-7.929653352481217],[178.38071727155452,-7.9295723699549825]],[[178.38036145133782,-7.929453583562271],[178.37940837045085,-7.929246079881842],[178.37831961681377,-7.929153389827176],[178.37781569347408,-7.929446333097064],[178.37751752909517,-7.929718610935809],[178.37750723277844,-7.929989936581645],[178.377932794692,-7.930531111870498],[178.378600020825,-7.931643411151622],[178.3789375633244,-7.931884243160335],[178.37910543045737,-7.93215497857785],[178.37915228996488,-7.932697406119675],[178.37942055174767,-7.932901202178386],[178.3802362835698,-7.932718656365643],[178.38186936244028,-7.932838152891208],[178.3826869054512,-7.933198261008819],[178.38323289419372,-7.933725323564339],[178.38350469669948,-7.93363225040775],[178.3836006591879,-7.933496519261408]],[[178.38595407370372,-7.933738387814323],[178.38540846217202,-7.933324850790201],[178.38513595604275,-7.933207479175498],[178.38486369799264,-7.933164194893186],[178.3847945026798,-7.933221258913832],[178.38470428078725,-7.933492849769541],[178.38467144049793,-7.934306831253188],[178.38471319259722,-7.934577983099718],[178.38486939870452,-7.934867374532349],[178.38514191612927,-7.93498778226324],[178.38568626122728,-7.935022554023793],[178.38622981584018,-7.934821424541538],[178.38651380027324,-7.934571989043823],[178.3864982209902,-7.9343007503987275],[178.38631343174836,-7.934030075311864]],[[178.38727667713417,-7.9353833184911435],[178.38731912721292,-7.935076434216542],[178.38704675788577,-7.935000333628115],[178.38690032007412,-7.935113282321733],[178.38687371754784,-7.935384661455217],[178.38704855701243,-7.935536920317624],[178.38727667713417,-7.9353833184911435]],[[178.39688623470457,-7.941319542040287],[178.39694395814422,-7.941048058861633],[178.39686283412613,-7.94091748146504],[178.39665983227104,-7.941049013088336],[178.39658133371216,-7.94132056602364],[178.39688623470457,-7.941319542040287]],[[178.4068350357372,-7.945355329615986],[178.40704395423143,-7.945083334391175],[178.40709402149102,-7.944811876812366],[178.40694369806502,-7.9446063941751754],[178.40667200836444,-7.94473227462525],[178.40663208736814,-7.944813440102415],[178.40656888217626,-7.945356230296903],[178.40667485546177,-7.94556850992163],[178.4068350357372,-7.945355329615986]],[[178.41492790880443,-7.948854595033542],[178.41479436428054,-7.948312475383358],[178.41511032399953,-7.94804011232715],[178.4149374526712,-7.947769413803381],[178.41457307339724,-7.9475492060407245],[178.4143006569656,-7.947462439800299],[178.41421774759755,-7.947500576426098],[178.41406633424015,-7.947772378954742],[178.41430474503338,-7.948656244106645],[178.4145782297159,-7.94905462551509],[178.41485028956274,-7.949036983318268],[178.41492790880443,-7.948854595033542]],[[178.41670468829994,-7.950204975566363],[178.417033078129,-7.949932568649839],[178.41735661218158,-7.949388891216935],[178.41729936668796,-7.94903581636018],[178.4170266395096,-7.948858868491834],[178.4167549661124,-7.9489890213498],[178.41628963461304,-7.949663816741221],[178.41619832386445,-7.949935415025406],[178.4163167542761,-7.950206298303909],[178.41648730833927,-7.950289827099237],[178.41670468829994,-7.950204975566363]],[[178.41955800942702,-7.950737808740683],[178.4194686181666,-7.951009400841381],[178.4190940976071,-7.951553253817658],[178.41906591819378,-7.951824636764232],[178.41921490306063,-7.9521478302152975],[178.41948801221582,-7.952434949314196],[178.41975946512494,-7.952240428315297],[178.4202382817901,-7.951278056613925],[178.42029634969694,-7.951006571528607],[178.42020653061255,-7.950735592070227],[178.4200259172074,-7.950592131232124],[178.41975369270986,-7.95056195124125]],[[178.42331556931978,-7.953709099213237],[178.42344215644502,-7.953437379157385],[178.4233954367411,-7.953166253137075],[178.4229699371814,-7.952625138898278],[178.42220800506098,-7.952079288152606],[178.4219358039178,-7.952056152712205],[178.42166451675652,-7.952298398361004],[178.42131390693103,-7.9529020960033545],[178.42129979631565,-7.953173430697895],[178.42138399616678,-7.953444428907394],[178.42159276711777,-7.95371500063853],[178.4222138499249,-7.953775567515924],[178.4227586234754,-7.9539288721145205],[178.423030601944,-7.953887078904698],[178.42331556931978,-7.953709099213237]],[[178.42526629143873,-7.9558726958620465],[178.4254867734824,-7.955600652959855],[178.42557409038264,-7.955329067254938],[178.42553045891913,-7.955057931174555],[178.42493705313933,-7.954348794802449],[178.42466441168682,-7.954198510501222],[178.42439239150124,-7.95422817314227],[178.42412111247899,-7.95447262635775],[178.42379172941318,-7.955063897388302],[178.42378558675017,-7.955335204546391],[178.4238867809836,-7.955606143580075],[178.42412601815408,-7.955894015673415],[178.42467109560494,-7.956134398944113],[178.42494307876385,-7.956093673354135],[178.42526629143873,-7.9558726958620465]],[[178.42617830976388,-7.957768564356963],[178.42633102529018,-7.957225468024297],[178.42659283167626,-7.956953282546933],[178.42668789170887,-7.956681670089855],[178.42657764070935,-7.956619986125197],[178.4263065487564,-7.956918482149151],[178.42625545076686,-7.957225727714009],[178.42603592835417,-7.957353498705377],[178.42587094882506,-7.957769620384056],[178.42603809995842,-7.957981664362796],[178.42617830976388,-7.957768564356963]],[[178.42962499213672,-7.961283416560936],[178.43019577510293,-7.9607388786995426],[178.43036999504235,-7.960466992835069],[178.4303243989073,-7.960195864736851],[178.42985685979085,-7.95938362013114],[178.42962783745594,-7.959113123834809],[178.42916628828593,-7.958843428200596],[178.42898258823206,-7.9583014898709905],[178.4287607624964,-7.958030968100126],[178.42766779965564,-7.957100666574564],[178.4273953392794,-7.957003490668021],[178.42707637509577,-7.957222906111077],[178.42679682737602,-7.957766438571675],[178.4267843922484,-7.958037767037293],[178.42693570821004,-7.958308532523524],[178.4273368169775,-7.958578438881573],[178.42740860533462,-7.9588494776112615],[178.42728419787827,-7.959663762435564],[178.42740050108725,-7.9599346480048885],[178.42767823147304,-7.96011438962462],[178.42795032549,-7.9601051251106245],[178.42834959866212,-7.959660096492535],[178.42849204042284,-7.959372674064224],[178.4288029448292,-7.959115964803056],[178.4287795241933,-7.959387330914631],[178.42865732529387,-7.959659037125328],[178.42866781240332,-7.9599302864987],[178.4287676225185,-7.960370346005458],[178.42903775826372,-7.960742868877348],[178.42906764493327,-7.961014051358413],[178.4289809544131,-7.961285635381522],[178.4290435124415,-7.961456331254558],[178.42931560878796,-7.961447538569279],[178.42962499213672,-7.961283416560936]],[[178.43264835664905,-7.978092651189696],[178.4334523772301,-7.977214127950276],[178.43358536844636,-7.977004268953721],[178.43370630156878,-7.976461280857157],[178.43399239201548,-7.975992036092716],[178.43426379097343,-7.975780587608338],[178.43480713650743,-7.975515022825419],[178.43589269606352,-7.974660229076281],[178.43651780121812,-7.974009977805341],[178.4371122809466,-7.973221919989463]],[[178.43721968580212,-7.9708877731411265],[178.43705632998416,-7.970481413103699],[178.43540331201885,-7.967503011534299],[178.4341627990967,-7.965608311597452],[178.43328947017724,-7.963983621940366],[178.43182943927232,-7.961818384488679],[178.4312191076512,-7.961047672964898],[178.43094666520116,-7.960956586256719],[178.43067507431027,-7.961110895142532],[178.43021700658434,-7.9615526613705665],[178.43006299214082,-7.961824477602221],[178.43008907749976,-7.962366958257479],[178.42994926395974,-7.962910010841507],[178.43041017770778,-7.963194642415896],[178.43077270284618,-7.963721026876365],[178.43090503086188,-7.964263140702698],[178.43071898450026,-7.965077638131942],[178.4312365132606,-7.966060453665263],[178.43178073557087,-7.966049835074923],[178.43205346470214,-7.966222357220467],[178.4321793595581,-7.9664290220201925],[178.43238858016943,-7.967242154164359],[178.43250735159006,-7.969412023264765],[178.4320969580382,-7.971855006110848],[178.43153895996466,-7.973755929329107],[178.43100999917735,-7.975114182152258],[178.42999488999058,-7.977287969253601],[178.4294430994903,-7.978375015224327],[178.42885058560717,-7.97919091625983],[178.42860405645104,-7.980005622846477],[178.42829177353556,-7.980094612105061],[178.42759187376896,-7.980822971078493],[178.4272979103634,-7.981366555684097],[178.42706139750968,-7.981638656696595],[178.42616332150968,-7.982455609064792],[178.42598763580983,-7.982998785538853],[178.42585327789766,-7.983197721956624],[178.42485707641634,-7.984359108359762],[178.42405668876745,-7.985989578406929],[178.42331171195386,-7.987077285664866],[178.42233232815676,-7.988079797834359],[178.42187732194506,-7.988981221056363],[178.421496818182,-7.9895251012593365],[178.42093444989774,-7.990069606389329],[178.41984833750493,-7.99142976851265],[178.41887450762522,-7.992246971070486],[178.41850062047382,-7.992790826920373],[178.41691016469068,-7.994094376198719],[178.4158261857216,-7.995434272075201],[178.4144703973335,-7.996875518216281],[178.41175772748645,-7.999448525750671],[178.4113133460136,-8.000140182344952],[178.4109521221169,-8.000955277811354],[178.4090469980985,-8.002596378590072],[178.40796294420576,-8.003928101052901],[178.4063385203621,-8.00641243200401],[178.40579635973756,-8.007041684229408],[178.4045220603776,-8.008030681332297],[178.4038977683331,-8.0089473456457],[178.40334617964484,-8.009391121997693],[178.40327105555835,-8.00966266534509],[178.40335640542958,-8.009811574289996],[178.4036285029703,-8.009792815468565],[178.40405116066182,-8.009660010369478],[178.4044436964496,-8.009415923931737]],[[178.42829441842534,-7.981905688250519],[178.42870507644423,-7.9815610609701055]],[[178.42876380624492,-7.981497140127404],[178.4289763088668,-7.981299814586192]],[[178.4306372138467,-7.979862958168555],[178.43072789592148,-7.979727002241255],[178.43046733665201,-7.979648916346533],[178.43034257112274,-7.979457048847683],[178.4301549635777,-7.978915126908649],[178.4301392339094,-7.978643896169837],[178.43034540072517,-7.97755804365804],[178.43079425537547,-7.976742637752261],[178.43100078098576,-7.9765343027746125],[178.43127253753872,-7.976425040338785],[178.43154468557566,-7.976428365019082],[178.43181715581937,-7.976524301847677],[178.43200155405856,-7.976738464427105],[178.431966533648,-7.977009870426646],[178.43170799988306,-7.977553334251985],[178.43173914159786,-7.978095796383222],[178.431552402054,-7.978646251100334],[178.43182468953992,-7.978689228106636],[178.43263905325554,-7.978100551546977]],[[178.43101401918972,-7.979454728220495],[178.43105343745356,-7.979183306983188],[178.43100993499525,-7.979166261502161],[178.43098561069547,-7.979454826426657],[178.43101401918972,-7.979454728220495]],[[178.429109903842,-7.980587536473285],[178.42883775101683,-7.980583702771266],[178.42883648611146,-7.980219583346629],[178.42917544424094,-7.980274935553392],[178.429109903842,-7.980587536473285]],[[178.404469550841,-8.009387298219362],[178.4052569534084,-8.008474756204503],[178.40634227422,-8.00750663182128],[178.40688529793488,-8.007128997310442],[178.40756666689438,-8.006392580164396],[178.4084583950662,-8.005575675474493],[178.40919046789028,-8.004747475866779]],[[178.40940598890046,-8.004351647962807],[178.40946085342588,-8.004231875944521]],[[178.4096989995412,-8.003808073022297],[178.41230363893555,-7.999914396384752],[178.4131174344369,-7.999139993811652],[178.4139305078644,-7.998156913953771],[178.41497018289107,-7.997143515064589],[178.4151508174802,-7.996887218558055]],[[178.41526363980688,-7.996735579880014],[178.41542179425574,-7.996546449237163]],[[178.41572552010598,-7.996191424164379],[178.41596404984384,-7.995952849310893]],[[178.41635439432886,-7.995646695657485],[178.41650695578494,-7.995548178793151]],[[178.41671272183817,-7.995374180646941],[178.41726083737524,-7.9946940849022905],[178.41821368686317,-7.993876956699443],[178.42016862870113,-7.991974334514073],[178.42098313821413,-7.9914151776742095],[178.42119296032257,-7.991153861612598],[178.4213878499784,-7.990610619652999],[178.4217084018678,-7.990066945553309],[178.42233639630132,-7.989254988863467],[178.42277830614208,-7.988435550107559],[178.4234198795137,-7.987782650382758],[178.42397323133528,-7.987346294165315],[178.42450395079987,-7.9864820976207875],[178.42544863482757,-7.985442212684222],[178.4257526682682,-7.984627308353556],[178.4262450263971,-7.984354325732451],[178.42695746505873,-7.983538012849675],[178.42708934656835,-7.983266272614389],[178.427181001989,-7.98272338574595],[178.42748301942265,-7.9823026136063655],[178.42775434160228,-7.982066838215507]],[[178.34046018148774,-7.988981894952397],[178.34106906781463,-7.9884373309015],[178.3412066112168,-7.988165589984558],[178.34120458778142,-7.987894301723144],[178.3409585217382,-7.987767212073592],[178.3406865518066,-7.987823649811477],[178.34014320174896,-7.988117469165239],[178.33990291732457,-7.988441111255003],[178.33983383669758,-7.988712630057474],[178.33996934869324,-7.988983485886672],[178.34014626922763,-7.989057967962174],[178.34046018148774,-7.988981894952397]],[[178.34853439586053,-7.991125992507636],[178.34908454512757,-7.9905816095201025],[178.34917469356088,-7.990310021384059],[178.34913752896838,-7.990038848725107],[178.34890756640135,-7.9894970111511805],[178.34858319508248,-7.989099174982327],[178.34775832677246,-7.9884155825536975],[178.3474918553522,-7.988268839229138],[178.34721954032025,-7.988219628860924],[178.34694770414487,-7.988316490825895],[178.34677860137066,-7.988690068851573],[178.34668468503045,-7.989232963179003],[178.3467209007052,-7.989504139435737],[178.34705070590576,-7.990316947565195],[178.34722739397623,-7.990614676103211],[178.3478562214631,-7.991128204343648],[178.3483181005164,-7.991250104336967],[178.34853439586053,-7.991125992507636]],[[178.40116783211212,-8.012518339619866],[178.40132377261043,-8.012320665636517]],[[178.4013761196583,-8.012246343781175],[178.40193395234564,-8.011566227730135],[178.4022730513149,-8.011358292816087],[178.402608370222,-8.011021358591883],[178.4031620093102,-8.010205611857204],[178.4030847144533,-8.009949088533029],[178.40281266651652,-8.009982392230091],[178.40254123889144,-8.010196948153302],[178.40209147182318,-8.010751828566521],[178.401826948017,-8.011295303641544],[178.40076259999395,-8.01251971659736]],[[178.4005088249239,-8.012772152346349],[178.4004883243709,-8.012791936378497]],[[178.39987994497181,-8.01401479891782],[178.3999684364597,-8.013924849301068]],[[178.39991940657956,-8.013879020871492],[178.3998147497596,-8.014015020314341],[178.3998335605729,-8.014277868065033],[178.39987994497181,-8.01401479891782]],[[178.39909572706443,-8.015916478388165],[178.39915825557716,-8.015772917207698]],[[178.39931662633626,-8.015508796237274],[178.3994285346131,-8.01522070354013]],[[178.39957235645332,-8.014965351715299],[178.39968310273602,-8.0145580435221],[178.39956203933247,-8.014466304200369],[178.3990036093159,-8.01537421480748],[178.3989327635458,-8.015917031594526],[178.39902329488953,-8.0161014322829],[178.39909572706443,-8.015916478388165]],[[178.379686172885,-8.073224090671625],[178.37994765172047,-8.072680630022724],[178.38020765891375,-8.071865884732636],[178.38036322874387,-8.070780202040874],[178.38034896050473,-8.069966381520297],[178.38086255429874,-8.068336912693283],[178.3807778787963,-8.06616688192916],[178.38044725369613,-8.063997679496445],[178.3800911134191,-8.062371141266492],[178.379882151877,-8.059658947807819],[178.38012452207522,-8.057216524471912],[178.3804558660944,-8.055858960649635],[178.38107552436497,-8.053957846913569],[178.38190842146903,-8.052327304528719],[178.3841635351636,-8.05014938831357],[178.38479873193975,-8.04933337765036],[178.38535971426612,-8.048788906122239],[178.38558660105946,-8.048245561860153],[178.38569434110303,-8.047431330498634],[178.38585389204616,-8.04688821350626],[178.38597491746117,-8.045531358878021],[178.38589647042303,-8.04336130962415],[178.38575626397068,-8.042547914803604],[178.38565083270475,-8.041191823892893],[178.385817403262,-8.040377394175001],[178.3858973481607,-8.039291967308593],[178.38610020141553,-8.039019993867853],[178.38652903803757,-8.037933390262399],[178.38710589223098,-8.036846287105286],[178.38766007161286,-8.036081251342127],[178.3896714847622,-8.033853443591111],[178.3906417142242,-8.032493719398307],[178.39118496816542,-8.03213024007469],[178.39172630633757,-8.031244114599724],[178.39235275431932,-8.030588909724608],[178.3930258839857,-8.029230187759197],[178.39380210501164,-8.02787111620894],[178.39488453816872,-8.026375362100918]],[[178.39546121786663,-8.025016965263594],[178.39589943746122,-8.023794681818705],[178.39608618897566,-8.023522760248865],[178.39701932883102,-8.021349288914788],[178.3972125788324,-8.02107734507413],[178.39848688424362,-8.018420656480927],[178.39875933258412,-8.017274061085004],[178.3987531587337,-8.016695751555508],[178.39848180781428,-8.016934644746147],[178.3982116461632,-8.01752184700242],[178.3980723171556,-8.0183615455621],[178.39784224050922,-8.018904902719756],[178.39763757698952,-8.019176885361933],[178.39675232302088,-8.02107890619578],[178.39632067180722,-8.021683743868],[178.39590993832047,-8.022438204206368],[178.39564262433927,-8.023795552423262],[178.39469879516705,-8.024953294845732],[178.39289844482772,-8.027602887162166],[178.39143774738918,-8.029235561477739],[178.39046002075756,-8.031137889179544],[178.38945700767488,-8.032769012345414],[178.38928282703858,-8.033043714115195],[178.38869346632993,-8.033585458400465],[178.3879997621265,-8.034401667787963],[178.38764410280132,-8.035216735689634],[178.38702585524783,-8.03603268948995],[178.38630299756713,-8.03721003436321],[178.3857918509426,-8.038207165734939],[178.38569849432017,-8.03929263786896],[178.38549452591312,-8.03958957252055],[178.38515043028443,-8.040650932461451],[178.38518872065978,-8.04119338212637],[178.3850105460893,-8.043364297802523],[178.38525302258194,-8.044448637449987],[178.38514502731286,-8.045262869683052],[178.3848341198387,-8.045806496959846],[178.384769280143,-8.046349294335164],[178.38463404674783,-8.046621039753958],[178.38250044671037,-8.050154993835877],[178.38172278839616,-8.05105613770427],[178.38161297842868,-8.051243140926427],[178.38150489789103,-8.051786084097657],[178.38118255550128,-8.05228109979332],[178.38079837499242,-8.053144910763049],[178.38043637238187,-8.053688708444385],[178.38022397509306,-8.05450329236864],[178.37983212747469,-8.055392582338989],[178.37914189566672,-8.057762410098134],[178.37903656896557,-8.058305344025603],[178.37900396233044,-8.059119323202005],[178.37891378743373,-8.059390916347676],[178.37767188716822,-8.060513001492614],[178.37658599935915,-8.061372624965408],[178.3757720234541,-8.062148449221018],[178.37522865556556,-8.062453862322002],[178.37359772556206,-8.063126830635484],[178.372783362391,-8.063790693587261],[178.37251165130394,-8.063936042797016],[178.37196736959922,-8.063971955797214],[178.37178097807097,-8.064298076389623],[178.37183968726075,-8.064840460922786],[178.37197074909056,-8.064974423213481],[178.37251489318618,-8.064897316226864],[178.372770031173,-8.06510863507954],[178.3727862261507,-8.065379871251103],[178.37263358854878,-8.065922963612657],[178.37279115903436,-8.066101916020763],[178.3730631529767,-8.066040036523846],[178.3733344813904,-8.065781003709347],[178.37360648933384,-8.065723375167389],[178.37402127448507,-8.065918311336816],[178.37448043277186,-8.066459351436507],[178.37484860227582,-8.06862843732031],[178.3748053743261,-8.068899872622852],[178.3738930137301,-8.06996401653375],[178.37385440918615,-8.070259515587228],[178.37424911801116,-8.070800771342864],[178.37471682796624,-8.072093354802961],[178.3752640199137,-8.072914851384175],[178.37554431396134,-8.073238032085538],[178.37591708797126,-8.07350806904558],[178.37698351985836,-8.074047062117593],[178.3774460595139,-8.074208655288475],[178.37799069111915,-8.074272453757265],[178.37826274945022,-8.074228415083196],[178.37907803058138,-8.073832988260262]],[[178.31185743788689,-8.022985847098303],[178.31169295913466,-8.022715073544648],[178.31158196234165,-8.022715427091228],[178.3115379252969,-8.02298686488886],[178.31167859216126,-8.023053255562278],[178.31185743788689,-8.022985847098303]],[[178.3141902662197,-8.030303433251989],[178.3144228336794,-8.03003359492148],[178.31496635747288,-8.029770592390355],[178.31523885261925,-8.029867068302252],[178.31538675419822,-8.030028312483662],[178.31542649401214,-8.030299482467798],[178.31524948053317,-8.030842642508683],[178.31530093507405,-8.031113775041907],[178.31551575513066,-8.03133282858825],[178.31633398740985,-8.031852924082889],[178.3171504253967,-8.031815749445624],[178.3176951712516,-8.031931791486732],[178.31796690016543,-8.031790105740148],[178.3181635650023,-8.031375908989288],[178.31819668632306,-8.031104506118888],[178.31811291546796,-8.030833477797913],[178.3176895236627,-8.030180144383245],[178.31651335740614,-8.028668224356727],[178.31562657088622,-8.027314575313476],[178.31504323760836,-8.02568865687006],[178.31467948141778,-8.025201481455879],[178.3144068964674,-8.025076014536864],[178.3141348518101,-8.025118660595686],[178.31250502059945,-8.026134361237807],[178.3119615663126,-8.02641829461712],[178.31168954922487,-8.02646996708631],[178.311417096657,-8.026385876383978],[178.31124964214067,-8.026243353557499],[178.31032489351776,-8.025302395517347],[178.3100521091129,-8.025114407295549],[178.30977988082975,-8.02510000595649],[178.3097114760406,-8.02516305991197],[178.30973940599935,-8.02543426875022],[178.309923814952,-8.025704979661596],[178.31005436319575,-8.02581810454001],[178.3105990986024,-8.025933630649766],[178.31091815592197,-8.026244409412302],[178.3112009206408,-8.026786103820662],[178.31128467910258,-8.027057134497221],[178.31125872804446,-8.027328514691394],[178.31114863271114,-8.027545690320876],[178.31087598249644,-8.02740016873318],[178.31032979752186,-8.026832929318388],[178.31005625626167,-8.026409047444977],[178.30978335335763,-8.026184287722538],[178.30896604629098,-8.025947388024319],[178.30869371486799,-8.025900954655198],[178.3084306631646,-8.025981026270255],[178.3078789340264,-8.026453689283086],[178.30670301163448,-8.028156898213995],[178.30641830828694,-8.02870039814669],[178.30595779269618,-8.030058350153503],[178.3058127433309,-8.030872704677813],[178.30584831424267,-8.03114388980067],[178.3060126844054,-8.03141466600766],[178.30652677677398,-8.031955629412478]],[[178.3065356299505,-8.03196438061859],[178.3098090572521,-8.034205516306697],[178.31089949987833,-8.034732148860238],[178.31144420855207,-8.034835497849784],[178.3128046979329,-8.034694640186531],[178.31307770781652,-8.034950257109656],[178.31334980901843,-8.034923144156027],[178.31364214528875,-8.034374641772358],[178.3137447710713,-8.03356042240599],[178.31402441536164,-8.032745637533719],[178.31397847471595,-8.03247448714444],[178.31341606380474,-8.031662391790627],[178.3126613291074,-8.031122206320832],[178.31252035484147,-8.030910707997705],[178.31224770697358,-8.03076678471031],[178.3119756718966,-8.0308137068193],[178.31143096452678,-8.03070904749006],[178.31104761911433,-8.03166994736862],[178.31089014122574,-8.031815243633911],[178.31061793235043,-8.031808279856008],[178.3104261654408,-8.031671927610457],[178.3102929168879,-8.031401054518822],[178.31033654884342,-8.03031572527453],[178.31055017178593,-8.02950115217154],[178.31033801801954,-8.029397860718609],[178.31022225975923,-8.028959601302779],[178.31033635069147,-8.028877695190676],[178.3106086624346,-8.028917349615837],[178.31062237925448,-8.029500922171751],[178.3114304272384,-8.030541597931961],[178.31170196253615,-8.03033896189513],[178.31189416650852,-8.03003946394934],[178.3119722128188,-8.029736060710137],[178.3126778389892,-8.030036964344957],[178.31333643710335,-8.030762931278622],[178.31360868788136,-8.03078322474872],[178.31388053281762,-8.030677273118362]],[[178.31501689556728,-8.034098950694062],[178.3153765476873,-8.033283909432107],[178.31571361926356,-8.032740237264326],[178.3156669925657,-8.032469089435752],[178.3155189040474,-8.032311012352906],[178.31536870263076,-8.03192744944646],[178.31497223199943,-8.031596486373502],[178.31470028633484,-8.031671182018558],[178.31462832471726,-8.03192981638364],[178.314659065179,-8.032472312325153],[178.31459274743347,-8.03328641557303],[178.31466640061802,-8.034371368432243],[178.31470910476676,-8.03441182374627],[178.31498050314804,-8.034166560927728]],[[178.31704594221145,-8.036262831624349],[178.31716468232395,-8.036237793309452],[178.3173207836238,-8.035990654286621],[178.31741180856724,-8.03544776909541],[178.31763368862207,-8.034904464605114],[178.31846245143865,-8.03354532465635],[178.31850567789104,-8.03327388939575],[178.31824275068084,-8.032926103743472],[178.3179708709392,-8.033021206386751],[178.31772753061216,-8.033276383386749],[178.31746396950805,-8.034091118120374],[178.3173024609996,-8.034362932315863],[178.31662088697627,-8.035179005729132],[178.31629338359141,-8.0357226480749],[178.31597746164084,-8.035994956304764],[178.31591997960624,-8.036266437207793],[178.31634862103294,-8.036394566947424],[178.31704594221145,-8.036262831624349]],[[178.31993791848348,-8.037338742668316],[178.32016202550108,-8.037248756237592],[178.32109315017274,-8.035978549733654],[178.32124560277873,-8.035706763469355],[178.32126047715673,-8.035435419311494],[178.32097118237724,-8.034957497177967],[178.32049354475123,-8.034623993817746],[178.32005088485252,-8.034082822112055],[178.31995377367772,-8.033811837317343],[178.32004540659392,-8.033268950169644],[178.3198763397625,-8.033071801270406],[178.31960415436532,-8.033072121368717],[178.31908286823713,-8.033272038528262],[178.31891025085824,-8.03354388877507],[178.31881290020596,-8.0340867942493],[178.31860680646355,-8.03463004845494],[178.31854358900367,-8.035444141125337],[178.3183284031037,-8.036258721142545],[178.3183256352679,-8.036530026675006],[178.31852803074955,-8.036982640491747],[178.31880099952872,-8.037224060559714],[178.31993791848348,-8.037338742668316]],[[178.32491746456682,-8.036780131048202],[178.32486156300098,-8.036509015249205],[178.32478670482337,-8.03646808127668],[178.32451433237276,-8.03641125977522],[178.32434424141778,-8.036510682099147],[178.32436799541594,-8.03678190159148],[178.3245159320151,-8.036904496950097],[178.32478805413365,-8.036884044048417],[178.32491746456682,-8.036780131048202]],[[178.32816530055183,-8.041110379958367],[178.33010735636762,-8.040455073599007]],[[178.33021238403563,-8.040425519209284],[178.33065125656333,-8.04030774318258]],[[178.3309232476495,-8.040246707376578],[178.33119524456072,-8.040187491268348]],[[178.33133907501164,-8.04015057504178],[178.33160295107072,-8.040010173832874],[178.33178979298614,-8.039742171735924],[178.33184859793917,-8.039470685970631],[178.33160036367826,-8.039216914613839],[178.33078470393633,-8.03949553479775],[178.33024025717575,-8.039474782072137],[178.32915024951768,-8.039091108085088],[178.32778732956237,-8.038484608314697],[178.32696926179293,-8.03802301960264],[178.3266967598156,-8.037926684178831],[178.32615250218564,-8.037963722542612],[178.32603087031765,-8.038133020236966],[178.32654697807902,-8.03894524213576],[178.3266291782212,-8.039216272550556],[178.32646918009058,-8.03975938051823],[178.32590101905365,-8.040575101512706],[178.3259503678898,-8.040846238066718],[178.32616274578413,-8.041117196136502],[178.32643540054121,-8.041259872037031],[178.32670766364862,-8.0412820044034],[178.32816530055183,-8.041110379958367]]]}},{"type":"Feature","properties":{"year":2020,"certainty":"unstable data"},"geometry":{"type":"MultiLineString","coordinates":[[[178.38117891726748,-7.92979298997238],[178.38090634009805,-7.929653352481217]],[[178.38071727155452,-7.9295723699549825],[178.38036145133782,-7.929453583562271]],[[178.4371122809466,-7.973221919989463],[178.43737089799075,-7.97265059684015],[178.4374952366015,-7.972107596808253],[178.43743735616474,-7.971565228967162],[178.43721968580212,-7.9708877731411265]],[[178.42870507644423,-7.9815610609701055],[178.42876380624492,-7.981497140127404]],[[178.4289763088668,-7.981299814586192],[178.43029087700026,-7.980271082610903],[178.4306372138467,-7.979862958168555]],[[178.40919046789028,-8.004747475866779],[178.40940598890046,-8.004351647962807]],[[178.40946085342588,-8.004231875944521],[178.4096989995412,-8.003808073022297]],[[178.4151508174802,-7.996887218558055],[178.41526363980688,-7.996735579880014]],[[178.41542179425574,-7.996546449237163],[178.41572552010598,-7.996191424164379]],[[178.41596404984384,-7.995952849310893],[178.41635439432886,-7.995646695657485]],[[178.41650695578494,-7.995548178793151],[178.41671272183817,-7.995374180646941]],[[178.40051387468216,-8.013198781603016],[178.40116783211212,-8.012518339619866]],[[178.40132377261043,-8.012320665636517],[178.4013761196583,-8.012246343781175]],[[178.40076259999395,-8.01251971659736],[178.4005088249239,-8.012772152346349]],[[178.4004883243709,-8.012791936378497],[178.40034622805103,-8.012928063064841],[178.40028298054347,-8.013199565927858],[178.40037466030762,-8.013333009760453],[178.40051387468216,-8.013198781603016]],[[178.3999684364597,-8.013924849301068],[178.40012979567123,-8.013742662309516],[178.4001036973583,-8.01368451626936],[178.39991940657956,-8.013879020871492]],[[178.39915825557716,-8.015772917207698],[178.39931662633626,-8.015508796237274]],[[178.3994285346131,-8.01522070354013],[178.39957235645332,-8.014965351715299]],[[178.39488453816872,-8.026375362100918],[178.3952462956322,-8.025878035506617],[178.39546121786663,-8.025016965263594]],[[178.33010735636762,-8.040455073599007],[178.33021238403563,-8.040425519209284]],[[178.33065125656333,-8.04030774318258],[178.3309232476495,-8.040246707376578]],[[178.33119524456072,-8.040187491268348],[178.33133907501164,-8.04015057504178]]]}},{"type":"Feature","properties":{"year":2021,"certainty":"good"},"geometry":{"type":"MultiLineString","coordinates":[[[178.38356398185834,-7.933496641161638],[178.3840135916107,-7.932952564960662],[178.3840378453012,-7.9326811934978805],[178.38365508211754,-7.932411174880869],[178.38295280580445,-7.931339025324208],[178.38213396849486,-7.930590157896188],[178.3818607099343,-7.930246641430782],[178.38131489498417,-7.929769624830853],[178.3810423392267,-7.929636410022734],[178.38022495397547,-7.929321083770641],[178.37927226032602,-7.929229715149514]],[[178.37873572237152,-7.931536879045582],[178.37907561887292,-7.931883785929527],[178.37919607581037,-7.932154678325086],[178.37919452309688,-7.932697266215446],[178.37942060407673,-7.932916900300531],[178.3802362087784,-7.932696232501602],[178.3813248836606,-7.932762619384214],[178.38241429026436,-7.933048077416506],[178.38271069549495,-7.9332281852464135],[178.38296001240792,-7.933495529586529],[178.3832325603122,-7.93362544886337],[178.38356398185834,-7.933496641161638]],[[178.38554461181846,-7.9333526367308504],[178.38486343098333,-7.933084412301674],[178.38465182438657,-7.933221733492452],[178.38463970472108,-7.934442582195783]],[[178.4068071980673,-7.944476904969226],[178.4065664719264,-7.9445423739462715],[178.4064434472265,-7.944949722447658]],[[178.41490101616589,-7.948447755837006],[178.41490243107208,-7.94831210742629],[178.41511532424622,-7.948040095299171],[178.41503294328416,-7.947769088657181],[178.41481359983337,-7.947634191888462]],[[178.41618925579124,-7.949664158914325],[178.416079612411,-7.949935819675859],[178.41609166332523,-7.950207065629847],[178.4162153531713,-7.950338151181547],[178.41648758524886,-7.9503705425461755],[178.41680972382454,-7.950204617364723],[178.41712301694787,-7.949932261873098],[178.41746587942433,-7.94938851844908],[178.41746216351112,-7.949117244241601],[178.41729900746043,-7.948931148357389],[178.41702643409198,-7.948799003333555],[178.4167543960667,-7.948822861821898]],[[178.41947402517178,-7.950738095728077],[178.41921142332689,-7.951135652213193],[178.41897692012577,-7.951282367449417],[178.4189311209207,-7.951553810592632],[178.41905776374122,-7.952095951294745],[178.41948826293802,-7.95250785703994],[178.41980069864633,-7.952364698885846],[178.42037920860787,-7.951277574743934],[178.42044447238231,-7.9510060650486905],[178.42032939462078,-7.950735172002246],[178.42008512914117,-7.950464720531565],[178.41975310854787,-7.950392070838422]],[[178.42125651159495,-7.952088433186096],[178.421275344599,-7.951817082321995],[178.42111824977167,-7.9517105826313195],[178.42084615721137,-7.951718941597793],[178.42078880607815,-7.952090033371177],[178.4208476202291,-7.952143996055735],[178.42125651159495,-7.952088433186096]],[[178.4228971767153,-7.953981819276969],[178.4234735648648,-7.9537085576448545],[178.42358358270366,-7.953436894360105],[178.4235013065509,-7.953165890252796],[178.42312521178343,-7.952624606857015],[178.42220755424594,-7.951948438408448],[178.42193523745846,-7.951891704705012],[178.42156811887887,-7.9520873667756895],[178.42123446876016,-7.952902367864476],[178.42126520762838,-7.953444835478638],[178.42139708889061,-7.953661389920557],[178.4216698495988,-7.953846643858958],[178.4219422045923,-7.953914079532005],[178.4228971767153,-7.953981819276969]],[[178.42495304729664,-7.956145057112512],[178.42539151997525,-7.955872265913134],[178.42563421050568,-7.955600146696807],[178.42567556626508,-7.95532871880718],[178.4256131210228,-7.955057647349508],[178.42546011272455,-7.954786886793497],[178.42487103221714,-7.954246336835796],[178.42466404417962,-7.954092053898129],[178.42439177674234,-7.954050060418389],[178.42412066263006,-7.954342272252538],[178.42385047573205,-7.954903314237414],[178.4237940895803,-7.955335175386954],[178.42385272482406,-7.955555095596179],[178.42408926590917,-7.955876735114724],[178.42439877505382,-7.956077422228395],[178.42467126310282,-7.9561829057436055],[178.42495304729664,-7.956145057112512]],[[178.43238584934463,-7.978364844299234],[178.43345258961847,-7.977275094197682],[178.4336209880262,-7.9770041456321295],[178.43392830118228,-7.976189227514307],[178.43415243324574,-7.9759171667152895],[178.43480728727656,-7.975558269719258],[178.43562143823337,-7.974911662948501],[178.4370527845367,-7.973465553463578],[178.43736222442425,-7.972921911256529],[178.4374889123963,-7.972378903066226],[178.43742513926225,-7.97129398701579],[178.43709799726633,-7.970481268609261],[178.434816693073,-7.966419903544519],[178.4338926831922,-7.965066676137141],[178.4331644557065,-7.963712769046776],[178.43264253340945,-7.962900717280176],[178.43146674960985,-7.96127706587342],[178.4312188221115,-7.96096541092984],[178.43094634925993,-7.960865547312111],[178.43067429795798,-7.960887148011596],[178.43053875232744,-7.960737696282882],[178.43043500098983,-7.9601954834573005],[178.4302834164479,-7.959924720716734],[178.42967738065462,-7.959112953153558],[178.42925655074438,-7.958843117343709],[178.42900191631256,-7.9583014233212115],[178.42875931241747,-7.957971586061181],[178.42793804351928,-7.957219942720269],[178.4271218462171,-7.9566077598586356],[178.42684906572495,-7.9564179053636375],[178.42657705215302,-7.956449778273338],[178.42630559223963,-7.956641817795294],[178.42583969167052,-7.957769727764272],[178.4260383647698,-7.9580582610993575],[178.42631015704282,-7.957962058937045],[178.4265827125441,-7.958086582203233],[178.42685668975437,-7.958622037998711],[178.42712924895682,-7.95874746486587],[178.42724326099454,-7.959663903240935],[178.42736966761336,-7.959934754071385],[178.42767827027617,-7.960125597544379],[178.42795044235874,-7.960138875090323],[178.4281542320251,-7.959932054473945],[178.428491898177,-7.959331607098819],[178.42876378111703,-7.959261595462225],[178.4287826808706,-7.95938732004583],[178.42867755938707,-7.959658967460269],[178.4287027427556,-7.9602014517021695],[178.42897264718187,-7.960743093134602],[178.42899769445242,-7.961014292296271],[178.42888581125914,-7.9615572485163515],[178.42904431126465,-7.961686800583735],[178.4301307589509,-7.961092892874224],[178.43031577840088,-7.961281035572516],[178.43001549056507,-7.961824641348459],[178.4300287924775,-7.962367166087144],[178.4299522085255,-7.96263871539381],[178.42969314115467,-7.962910893724192],[178.42966179552994,-7.96318228709149]],[[178.43040297834142,-7.961119679602499],[178.4302863776288,-7.961009851655722],[178.43040233548257,-7.960934371109349],[178.43049084546988,-7.961009146717324],[178.43040297834142,-7.961119679602499]],[[178.4298661369201,-7.963256607808392],[178.4301382303304,-7.963246660248483],[178.4304107360865,-7.963355552007642],[178.43070530582472,-7.963721259373339],[178.43078224990387,-7.964263564314641],[178.4306691908943,-7.965077809926176],[178.43123670160801,-7.966114679534695],[178.43178088914084,-7.96609403166978],[178.43205364316682,-7.9662737074415535],[178.43215689403078,-7.966429099621816],[178.4324153090333,-7.967513346769994],[178.43240674656806,-7.968327231213359],[178.43253318256305,-7.9691406490621395],[178.43250006283674,-7.9696833333789385],[178.43240290320747,-7.970497523972],[178.43211876926097,-7.971854930722566],[178.43109683959523,-7.974842597082689],[178.43021516873242,-7.976744638258953],[178.42869270578342,-7.979462746409421],[178.42856316684464,-7.979879832848511],[178.42829158202022,-7.980039458524254],[178.42761322620916,-7.980822897427625],[178.42720790082478,-7.98144460669125],[178.42637951099488,-7.982183578445367],[178.42598412705325,-7.982998797631085],[178.42539543004474,-7.983814682730258],[178.4248848389788,-7.984359012740569],[178.42457551375875,-7.985173934929487],[178.4242769489707,-7.98571753435425],[178.42301765981136,-7.987349583343201],[178.42233222820778,-7.988050922678317],[178.4218923520821,-7.9889811693693185],[178.4212779686222,-7.989797139602561],[178.42071037549297,-7.990341662497743],[178.41984852731136,-7.991429767860666],[178.41908022934462,-7.992030231291685],[178.41849181376523,-7.99279085714753],[178.41683081321779,-7.994152986895832],[178.41573392220351,-7.995513179096951],[178.41501239761493,-7.996207291693173],[178.41447030358228,-7.996848313347018],[178.4136563218119,-7.997566662658171],[178.41175773709992,-7.999451319849563],[178.4113214307808,-8.000140154711481],[178.4110563556927,-8.000954921588162],[178.41013240340584,-8.001659761351874],[178.40877591806984,-8.002909747804098],[178.4079628667868,-8.003905551785527],[178.40666400079954,-8.005853083785503],[178.40602011218866,-8.006669140771212],[178.4055147545952,-8.00721343769049],[178.4045734900066,-8.008030506223054],[178.40389788754965,-8.008982147339186],[178.4032985557923,-8.009391284034178],[178.4031432767561,-8.00966310008127],[178.40254104066867,-8.010139035766661],[178.40210797777144,-8.010751772445973],[178.40182991027308,-8.011295293571099],[178.40145772012573,-8.011696766143691],[178.4009808884274,-8.012383330920047],[178.40033204850198,-8.012928111227756],[178.40025002174377,-8.013199677875136],[178.40037456185246,-8.013304212252399],[178.40064597488896,-8.013084466849758],[178.40124131863757,-8.012382445901439],[178.40134403745938,-8.012110808858813],[178.4014589987552,-8.012070535603815],[178.40200126938169,-8.011469642960568],[178.40254441998445,-8.011126270820657],[178.4033918063528,-8.009933542212712],[178.40444371233866,-8.009420560205701],[178.4052568518017,-8.008445121987675],[178.4070900664929,-8.006936780503047],[178.40826811002987,-8.005847612161103],[178.40934200852683,-8.00448751001935],[178.41016171308988,-8.003128274718916],[178.41100878458334,-8.002040232064223],[178.41144420790553,-8.001224882783651],[178.412303882411,-7.9999851292277935],[178.41311774605342,-7.999230479119073],[178.41366319090017,-7.998504423783604],[178.41506005583497,-7.997143207188963],[178.4158287409364,-7.996175136426507],[178.4166428140437,-7.995485248392215],[178.41731313867052,-7.994693905500709],[178.4182584146739,-7.993876803188593],[178.4201687766907,-7.992017132364305],[178.42044025607657,-7.9918237862684665],[178.420983830865,-7.991615386149181],[178.4211194609889,-7.9914871382273684]],[[178.42125892751935,-7.9912892777732125],[178.4214344365378,-7.990610459468363],[178.42233653129378,-7.989293981950327],[178.4228080593902,-7.988435447730717],[178.42382717563427,-7.987516779358624]],[[178.42385939108863,-7.987482328976359],[178.424097971822,-7.987127650394553]],[[178.42420799238445,-7.986938557274549],[178.42436869503007,-7.986717602440116]],[[178.42440369626783,-7.98666659765549],[178.42491048288915,-7.985996428767667]],[[178.42506529403488,-7.985850461871983],[178.42518176737298,-7.985748675798169]],[[178.4256314247872,-7.985305939987617],[178.42572392295423,-7.9851342707782305]],[[178.42576532894674,-7.985034192976261],[178.4269672787629,-7.9835379790032945],[178.42748352821445,-7.98244917815919]],[[178.4277779250541,-7.982178755874534],[178.4280262633952,-7.982003825846054],[178.4285698633089,-7.981807754064774],[178.43039946863,-7.980270707351734],[178.4315533983979,-7.978932575911232],[178.43209664949532,-7.978638107797545]],[[178.34020883593206,-7.989254004627961],[178.3404190063827,-7.989236416912798],[178.34069053434635,-7.989044237604471],[178.34115458592314,-7.988437053544853],[178.34126929748913,-7.98816538666488],[178.34110956493973,-7.987894609896032],[178.34095872386519,-7.987829153421799],[178.34068667276102,-7.98786072332868],[178.34014362277028,-7.988246562425734],[178.3399044441396,-7.988712401264445],[178.3398947246471,-7.9889837277142615],[178.3401399357303,-7.989254227954552],[178.34020883593206,-7.989254004627961]],[[178.34862294149747,-7.991125703637828],[178.34906462769604,-7.990852968463125],[178.3492337249643,-7.990581122661032],[178.3491431727901,-7.990038830307566],[178.34866002725718,-7.989226524675833],[178.3481140671487,-7.988685717002969],[178.34749211771762,-7.988348845363579],[178.34694761183272,-7.988288329601708],[178.34669178573498,-7.988419057378483],[178.34662505417518,-7.988690568935521],[178.34663291399184,-7.989504426020545],[178.3471627528122,-7.990587876613881],[178.3477733510834,-7.991116540400023],[178.34804591775062,-7.991241819814865],[178.34831817707152,-7.991273426136318],[178.34862294149747,-7.991125703637828]],[[178.39984305585713,-8.014014924190887],[178.39983257602665,-8.01398981283227],[178.39983307593485,-8.014136075632706],[178.39984305585713,-8.014014924190887]],[[178.3990890964109,-8.015916500898266],[178.39961174662494,-8.01482957391418],[178.39962817961168,-8.014558230022375],[178.3995621216869,-8.014490402807382],[178.39899071263216,-8.015374258583968],[178.39893658729943,-8.015917018614905],[178.3990235363485,-8.016172100539084],[178.3990890964109,-8.015916500898266]],[[178.37878911260222,-8.074040982736676],[178.37962091827472,-8.073383130376609],[178.38000544021213,-8.07268043518721],[178.38032096092343,-8.071594213160543],[178.38040874761515,-8.071051338091848],[178.38039407890201,-8.069966229408598],[178.3808332177367,-8.068879590635737],[178.3809589882239,-8.068336587513784],[178.38082555176413,-8.06616672122856],[178.3805798199683,-8.064811101614596],[178.38048928384697,-8.063726248280087],[178.38009040737956,-8.06209985397152],[178.38001701822404,-8.06128623204087],[178.37997407132198,-8.05911605895442],[178.38013091628622,-8.058301661846832],[178.38013671373352,-8.057487773167693],[178.38030385151973,-8.056673341451141],[178.38113094813772,-8.053957660320279],[178.38199210405003,-8.052327022680167],[178.38428040732464,-8.05014899413675],[178.3849136893709,-8.049332989791928],[178.38552577794454,-8.048792765884226],[178.38566792100787,-8.048516576603731],[178.38573724356277,-8.04824505337383],[178.38573677285777,-8.047702476511555],[178.38599617567607,-8.04715902243118],[178.38598076645465,-8.046345206808487],[178.38609128591798,-8.045802255320698],[178.38572730066903,-8.041462855303292],[178.38587257797573,-8.039563340158606],[178.38672851881125,-8.037661428053335],[178.38753260341107,-8.036302268691761],[178.3882029517662,-8.035645243523215],[178.38928729744606,-8.034358332348969],[178.39011814349755,-8.03358064502539],[178.3903455046234,-8.033308587518505],[178.39064217934182,-8.032590767760166],[178.39131956131445,-8.031948849346742],[178.39172643671532,-8.03128239944217],[178.3923911958822,-8.030588779616838],[178.3930803816942,-8.029245735573364],[178.39362232428593,-8.028539052446538],[178.39389226960878,-8.027884980775307],[178.39438699631697,-8.027326557779231],[178.3950975481426,-8.026238995941547],[178.3953358870807,-8.02569561118472],[178.39545896794763,-8.025016972890322]],[[178.39564985760757,-8.024501283539589],[178.39566312778607,-8.024473703964563]],[[178.39619022909307,-8.023337180155234],[178.3963085402537,-8.023115073732955]],[[178.39781158033423,-8.019918809378762],[178.3985517544696,-8.018359918368015],[178.3988255905629,-8.017273836160044],[178.3987527729876,-8.016582839836621],[178.39871523192798,-8.016731634458539],[178.39848177240478,-8.016924278405412],[178.39831369192274,-8.017275573617853],[178.39800601893265,-8.018497414645072]],[[178.39402164841584,-8.025917185266882],[178.39280313184315,-8.027756433067267],[178.39198942479268,-8.028584064448172],[178.3912816555759,-8.029507378149535],[178.39015820660433,-8.031681487122007],[178.38928253114543,-8.032956692600033],[178.3879857979224,-8.034401714923712],[178.38764307562656,-8.035216739156297],[178.38703471918453,-8.03603265958484],[178.38592562767482,-8.037935425334807],[178.3857628193188,-8.038443431147336],[178.38560773020862,-8.039564233250982],[178.3854196517514,-8.03983615672952],[178.38516920379385,-8.04065086917355],[178.38520762777057,-8.041193318382128],[178.38501986481717,-8.043364266380863],[178.38522928543713,-8.04444871751243],[178.38511778170474,-8.045262961580873],[178.38478121019858,-8.04580667539094],[178.38475175530996,-8.04634935343732],[178.38463333682873,-8.04662104214801],[178.38267167533917,-8.049883127473013],[178.38226517470363,-8.050467140534499],[178.38153931698358,-8.051243388923442],[178.38144113438932,-8.05178629876918],[178.38076142699725,-8.053145035113237],[178.38039193858293,-8.053688857958589],[178.37909726812262,-8.057762560197235],[178.37896811386668,-8.059119443781862],[178.37887741053314,-8.059391038700966],[178.37862967072815,-8.059663161752534],[178.37631436974306,-8.061541113276132],[178.37576364055005,-8.062114401545722],[178.37522850883178,-8.062410428358882],[178.3738691733182,-8.062903758067069],[178.3725115158455,-8.063895874481927],[178.3719672328117,-8.063931377444094],[178.37184891162616,-8.064026558379812],[178.37172815727882,-8.064298253236045],[178.37172322590942,-8.06484085087388],[178.371971139108,-8.065090106820938],[178.37224298016156,-8.064983016885467],[178.37251521980804,-8.064994158620285],[178.3726497105672,-8.06510903823851],[178.37266534102534,-8.065380276319562],[178.37248174638643,-8.06592347238465],[178.37251867823738,-8.066019498735763],[178.37279151030376,-8.0662060295531],[178.37306336231208,-8.066102070267615],[178.37333466818333,-8.065836348176688],[178.3736066753523,-8.065778479648964],[178.37387917625978,-8.065866873519793],[178.37415207271292,-8.066072362851777],[178.37444314599122,-8.066459476553442],[178.37451780017432,-8.066730516277557],[178.37448656455967,-8.06727320155669],[178.37459476407264,-8.068086709063273],[178.37475721425093,-8.068628744132042],[178.37470650689198,-8.068900204544288],[178.37443515547758,-8.069292699109125],[178.37392455668038,-8.069716699685692],[178.37368172403063,-8.070260095010529],[178.37381056799475,-8.070530952959993],[178.3742876510578,-8.071071932197668],[178.37458829931091,-8.071884793309472],[178.37508180603209,-8.07269700609564],[178.37581025225268,-8.073452115767463],[178.37717366521875,-8.074153583064332],[178.3777184591444,-8.074265288328931],[178.37826288101152,-8.074267214527158],[178.37878911260222,-8.074040982736676]],[[178.3119855663452,-8.022985438882197],[178.31167732726956,-8.022658731011507],[178.3114296959671,-8.02271591204087],[178.31147022967465,-8.022987080497884],[178.31167872920898,-8.023096000060962],[178.3119855663452,-8.022985438882197]],[[178.31680191292162,-8.031922863785736],[178.31715061164314,-8.031873533356853],[178.3176952383429,-8.03195259804646],[178.31796699108594,-8.031818296958745],[178.31812177034345,-8.031647339653718],[178.31819042613472,-8.031375822914232],[178.31814388799435,-8.030833378558293],[178.31788386629313,-8.030291618073926],[178.31734925220863,-8.029750736584436],[178.31605843135986,-8.027855788582318],[178.31520906705225,-8.026230721304257],[178.31491052864,-8.025417783652227],[178.31467940499013,-8.025177704822218],[178.31440683445203,-8.02505671726688],[178.31413480555466,-8.025104264431718],[178.31359163553168,-8.025475853113248],[178.3119614454715,-8.026380628824318],[178.31168936615597,-8.026412893545613],[178.3113773321601,-8.026242946766152],[178.31032471297326,-8.025246042033448],[178.3100520132201,-8.025084469318555],[178.30977975049984,-8.025059308056589],[178.3096499701114,-8.025163255586166],[178.30968756481985,-8.025434433686648],[178.30978136705144,-8.025564090763211],[178.31005437629221,-8.02582219291242],[178.31059950518167,-8.026060498338918],[178.31094961388177,-8.026515606780427],[178.31110757005928,-8.027057698731536],[178.31087536276019,-8.027206860882906],[178.3103848202448,-8.026788702869787],[178.31005601113986,-8.026332532312411],[178.30978321326364,-8.026140546910284],[178.3089658304565,-8.025879954946218],[178.30869359102954,-8.025862255650948],[178.30842175897646,-8.025971886588122],[178.3077015888915,-8.026525938905058],[178.30679470235816,-8.0278622542914],[178.3063821144026,-8.02870051305422],[178.3059148394678,-8.030058486494449],[178.3057705511711,-8.030872838601375],[178.3058066605552,-8.031144022023026],[178.3059569071686,-8.031414843089902],[178.30680853966496,-8.032190353342681],[178.31006218476506,-8.034386062658387],[178.3111720797425,-8.034854093605073],[178.31253302953925,-8.03485643915915],[178.31280550622094,-8.03494615164485],[178.3130783390639,-8.035146633111927],[178.31335038451843,-8.035102141300667],[178.31369144391937,-8.034645781448987],[178.31386616807336,-8.033288737420557],[178.31403511699705,-8.032745603343152],[178.3140049921034,-8.032474402429497],[178.31333897690354,-8.03155327430215],[178.31252059917682,-8.030986790412001],[178.31197576128463,-8.03084155291925]],[[178.31187788725867,-8.030853408084862],[178.31170366883325,-8.030870631948993],[178.3112448566231,-8.031669318681487],[178.31089073452455,-8.032000195518199],[178.31061860070903,-8.032016673649986],[178.31034593603346,-8.031867612109261],[178.31021038285007,-8.031672614975072],[178.3101722895397,-8.031401438733436],[178.31032490421129,-8.029773167208525],[178.31025412247482,-8.028959499845271],[178.3104426442276,-8.028958899502351],[178.31060960870423,-8.029212503999485],[178.31063021593204,-8.029500897209111],[178.31115696698328,-8.030144257210521],[178.3114298368311,-8.030357589341053]],[[178.31196724308367,-8.030039230927148],[178.31224471204337,-8.029833936456686],[178.31279388864334,-8.030036594065722],[178.3133363008386,-8.030720525718538],[178.31360865749255,-8.030773769765812],[178.31388040010742,-8.030635990397723]],[[178.31393696414105,-8.030575539498917],[178.31442269582752,-8.02999072696453],[178.314694586337,-8.0298991905207],[178.31526414942033,-8.030028704449892],[178.31546714105383,-8.030299352503352],[178.31523090608027,-8.030842701893036],[178.31525943432027,-8.031113907732278],[178.31606156412892,-8.031779243054977],[178.31643587981048,-8.031924035410091]],[[178.314547862126,-8.035185638614832],[178.31482333090523,-8.034913460779991],[178.3149812825207,-8.034408689782547],[178.31552190706003,-8.03324375762727],[178.31591227061037,-8.032739601733713],[178.31551866254165,-8.032235995036954],[178.31543386821005,-8.031927241052792],[178.3149720956491,-8.031554111437124],[178.31467940127217,-8.031658356040202],[178.31454772689597,-8.033557856568914],[178.31414542782315,-8.03491562792573],[178.3143048078962,-8.035186415610848],[178.314547862126,-8.035185638614832]],[[178.3209708532423,-8.034855716150505],[178.32054373834785,-8.034352536179231],[178.32015157445562,-8.03401519738666],[178.32003932532564,-8.033811562712067],[178.32010329265043,-8.033268764367163],[178.31987625225491,-8.033044711834021],[178.31960394046925,-8.03300589241919],[178.3193319434744,-8.03306455526054],[178.319005858759,-8.033272285520203],[178.31879062312217,-8.034010274642569],[178.31824899523116,-8.034861396840036],[178.31813696403034,-8.034631554856587],[178.31835108669495,-8.034088275047328],[178.31852576588278,-8.03327382499349],[178.31841373903217,-8.033002887451788],[178.31824245813056,-8.032835425577675],[178.31797052661767,-8.032914460481916],[178.31769915424942,-8.033166914418869],[178.31737967061184,-8.034091388185718],[178.31580268214609,-8.035910082436265],[178.3156905864397,-8.036267171397814],[178.3158043623928,-8.03643163677838],[178.3160466911124,-8.036537328500003],[178.31689394895142,-8.036689181392868],[178.3175006833899,-8.036261374567557],[178.317719406405,-8.035989376844059],[178.31775970801675,-8.035446654220593],[178.31797721528977,-8.03498780748309],[178.31825003479162,-8.03518352767165],[178.31836801669428,-8.035444704133928],[178.3183392992476,-8.035716092880703],[178.31807731549347,-8.03625952623135],[178.31798739671677,-8.036802407891699],[178.31825642239556,-8.03716257543119],[178.31907442609898,-8.037607105438303],[178.31961942102268,-8.037797702033838],[178.3198916637575,-8.037814146563184],[178.3201633484867,-8.037657992834182],[178.32070498095047,-8.036808790263871]],[[178.3207177949187,-8.036793644916067],[178.32132864874958,-8.035706496584872],[178.32135152813962,-8.035435126706771],[178.3210002409931,-8.034893662724818]],[[178.32501789828285,-8.036779807343299],[178.32498240780762,-8.036508625784156],[178.32451405666808,-8.036326245239586],[178.32424187151778,-8.036327157901718],[178.3240524445689,-8.036511622003939],[178.32407360909903,-8.036782849884428],[178.32424396030942,-8.036971353573463],[178.32451633271788,-8.03702804561802],[178.32478838100198,-8.036984807038698],[178.32501789828285,-8.036779807343299]],[[178.3268287244737,-8.04138599402515],[178.32725192638063,-8.041245240456693],[178.32806828136086,-8.04117819504175],[178.32915566038838,-8.040752999882079],[178.33070250634051,-8.040288284614645],[178.3316035405961,-8.040190902955265],[178.3318971565886,-8.040013118949803],[178.33206099910655,-8.03974129271254],[178.332004269832,-8.039470181428745],[178.33187280049697,-8.039292802554959],[178.33160024904674,-8.03918176828185],[178.33078467555987,-8.039486829480696],[178.33024033113648,-8.039497481008686],[178.32915014792545,-8.039059901705803],[178.3285122618154,-8.038667598425628],[178.3275713899362,-8.03839934300337],[178.32696929176862,-8.03803224367195],[178.3264243419627,-8.03785621482892],[178.32615218023886,-8.037864591072715],[178.32607920997003,-8.038132864281422],[178.32656445311423,-8.039216481482342],[178.32652316615258,-8.039487910503938],[178.32588841398598,-8.040458165819224],[178.3256156138939,-8.040270514559031],[178.32534347778883,-8.040287306867315],[178.32528481629447,-8.040577089428432],[178.32589029860762,-8.041038372323657],[178.32616354489087,-8.041363146000974],[178.32643603996658,-8.041456631628087],[178.3268287244737,-8.04138599402515]],[[178.36736309162035,-8.062685097818134],[178.36733490979836,-8.062474289161118],[178.367228423302,-8.062685547140228],[178.36736309162035,-8.062685097818134]]]}},{"type":"Feature","properties":{"year":2021,"certainty":"unstable data"},"geometry":{"type":"MultiLineString","coordinates":[[[178.37927226032602,-7.929229715149514],[178.3783194131157,-7.929092204326942],[178.37777643808457,-7.929467052548603],[178.37750463839143,-7.929560774936646],[178.3772303705904,-7.928912617440558],[178.37695794561375,-7.928818282723963],[178.37668586593895,-7.928827765865276],[178.37652863595392,-7.928908005385636],[178.37641528979884,-7.929179671674801],[178.37668898397786,-7.929765432113914],[178.37696167100668,-7.9299383609455845],[178.3772335555431,-7.929870015777937],[178.37750621461672,-7.93003447034463],[178.3777791687693,-7.930287521445476],[178.37831774492528,-7.931072420948126],[178.37873572237152,-7.931536879045582]],[[178.3860202122347,-7.9348449235176215],[178.3864827770563,-7.9345720923831715],[178.3864600944421,-7.934300877393517],[178.3859538120479,-7.933660272127198],[178.38554461181846,-7.9333526367308504]],[[178.38463970472108,-7.934442582195783],[178.3846662462688,-7.934578139275518],[178.38486930201898,-7.9348384913112895],[178.3851417675614,-7.934943409415414],[178.38568606194724,-7.934963058560002],[178.3860202122347,-7.9348449235176215]],[[178.38730367785894,-7.935383228490503],[178.38731914962594,-7.93508311772192],[178.3870467474664,-7.934997225957351],[178.38691279422724,-7.935113240754917],[178.38686781018924,-7.935384681140077],[178.38704856469124,-7.935539210430636],[178.38730367785894,-7.935383228490503]],[[178.39707825233774,-7.941318897051138],[178.3970913821955,-7.941047563666696],[178.39686233580488,-7.940770007625825],[178.3965910766636,-7.941023889755474],[178.39659237506214,-7.941408195820206],[178.39686474522736,-7.941483029061877],[178.39707825233774,-7.941318897051138]],[[178.4067947144059,-7.9456267542133805],[178.40725207059077,-7.9450826299120605],[178.40730310502093,-7.944811169057479],[178.4070803425811,-7.944540634998034],[178.4068071980673,-7.944476904969226]],[[178.4064434472265,-7.944949722447658],[178.4063574044647,-7.945628234015367],[178.40667542512986,-7.945735819094886],[178.4067947144059,-7.9456267542133805]],[[178.41486689684302,-7.949126089976654],[178.41494829824828,-7.948854525600421],[178.41490101616589,-7.948447755837006]],[[178.41481359983337,-7.947634191888462],[178.41430023829395,-7.947340168170002],[178.41402804079308,-7.94731730292247],[178.41384564120602,-7.9475018425552],[178.41406892656292,-7.948586231980993],[178.41457896376534,-7.949268911898456],[178.41486689684302,-7.949126089976654]],[[178.4211194609889,-7.9914871382273684],[178.42125892751935,-7.9912892777732125]],[[178.42382717563427,-7.987516779358624],[178.42385939108863,-7.987482328976359]],[[178.424097971822,-7.987127650394553],[178.42420799238445,-7.986938557274549]],[[178.42436869503007,-7.986717602440116],[178.42440369626783,-7.98666659765549]],[[178.42491048288915,-7.985996428767667],[178.42506529403488,-7.985850461871983]],[[178.42518176737298,-7.985748675798169],[178.4256314247872,-7.985305939987617]],[[178.42572392295423,-7.9851342707782305],[178.42576532894674,-7.985034192976261]],[[178.39545896794763,-8.025016972890322],[178.39564985760757,-8.024501283539589]],[[178.39566312778607,-8.024473703964563],[178.39619022909307,-8.023337180155234]],[[178.3963085402537,-8.023115073732955],[178.3968081530997,-8.021892581821549],[178.39781158033423,-8.019918809378762]],[[178.39800601893265,-8.018497414645072],[178.3978521920741,-8.018904868953479],[178.39740224121897,-8.019600936593399],[178.39672709603127,-8.021078991747236],[178.39615352685132,-8.021894801641922],[178.39590404393715,-8.022438224187173],[178.39577999972607,-8.022759221392569],[178.39566050297518,-8.023795491819314],[178.39524092835705,-8.024304708730197],[178.39510126272896,-8.024611252568283],[178.39402164841584,-8.025917185266882]]]}},{"type":"Feature","properties":{"year":2022,"certainty":"good"},"geometry":{"type":"MultiLineString","coordinates":[[[178.3772303124291,-7.928895133015186],[178.37695781202217,-7.9287781139906786],[178.37668570215808,-7.928778510016824],[178.37646819679972,-7.9289082051188595],[178.37639325244515,-7.929179744499073],[178.37660433777955,-7.9297216302933204],[178.3769621466439,-7.9300813544711835],[178.3772341111232,-7.930037011197276],[178.3775064697589,-7.9301111442504935],[178.3777793831134,-7.930351920139342],[178.37859947458358,-7.931479419159245],[178.37904333535357,-7.931883892854497],[178.37917598987255,-7.932154744859243],[178.3791762597325,-7.9326973267163865],[178.3794206161877,-7.932920533450723],[178.37996434899864,-7.932772286261893],[178.3805084659369,-7.932739335612377],[178.38186942129502,-7.932855777476236],[178.38241432880605,-7.933059614215371],[178.38266399614403,-7.933228340350143],[178.38296040914327,-7.933614231110888],[178.38323283018315,-7.933706176047903],[178.38350459562224,-7.933602020671611],[178.38406339833742,-7.932952399380214],[178.38410276903758,-7.932680977663778],[178.38375358414552,-7.93241084751573],[178.38295275615013,-7.931324164657883],[178.38131502659834,-7.92980906912507],[178.3810423860517,-7.929650446334275],[178.38022513204422,-7.929374495497576],[178.37831948890604,-7.9291149697936145],[178.37777637349802,-7.929447645642785],[178.37750446317824,-7.929508117164952],[178.37724004490772,-7.928905653734013]],[[178.38646206669543,-7.934843451909946],[178.38661839931257,-7.934571640603981],[178.38646624371637,-7.934300856911287],[178.38595401222432,-7.93372003360301],[178.38486344920528,-7.933089857059771],[178.3846299677046,-7.933221806188153],[178.3846109477214,-7.934307032480047],[178.38467061160395,-7.934578124753631],[178.38486944493374,-7.934881184709897],[178.38541426525586,-7.935057894758668],[178.38595846953527,-7.935050616914414],[178.38646206669543,-7.934843451909946]],[[178.3873788066532,-7.935382978056898],[178.387466385794,-7.935111395681232],[178.38731862348632,-7.934926222813818],[178.38704610878753,-7.934806731906213],[178.38678482456342,-7.934842376660141],[178.38677615344292,-7.935450694287866],[178.38704871924173,-7.935585303107895],[178.3873788066532,-7.935382978056898]],[[178.39693571860712,-7.941319375831842],[178.39706302627454,-7.94104765891782],[178.39686259021084,-7.940845297219308],[178.3965930819036,-7.941049237238937],[178.39656848897263,-7.941320609156669],[178.39659230401932,-7.941387168736084],[178.39686445135183,-7.941396065893445],[178.39693571860712,-7.941319375831842]],[[178.4068349480812,-7.94562661804456],[178.40705524967987,-7.945354584268907],[178.40727755186958,-7.944811255561404],[178.40711838693937,-7.944540506229943],[178.4069432762493,-7.944482514778305],[178.40662864149982,-7.9445421635969975],[178.40650042088015,-7.944813885597741],[178.40637808759038,-7.945628164036629],[178.40667554276328,-7.945770367098668],[178.4068349480812,-7.94562661804456]],[[178.4147249647811,-7.9491265732719985],[178.4148377281947,-7.948312327736765],[178.41495798801995,-7.948040631067404],[178.41482675363204,-7.947769790706922],[178.4145732033397,-7.947587147166403],[178.41430068368044,-7.94747024171813],[178.4141792240683,-7.947500707521704],[178.41399116351192,-7.947772634738611],[178.41426810841392,-7.949128128592467],[178.41457928173176,-7.949361731968779],[178.4147249647811,-7.9491265732719985]],[[178.416792859138,-7.950204674879989],[178.4170476416479,-7.949932518975738],[178.41730576418527,-7.949389064676312],[178.41726778242975,-7.94911790733369],[178.4170269696237,-7.948955073165806],[178.4167552402661,-7.949068931649995],[178.4162642755588,-7.949663903187899],[178.4161324029276,-7.9499356397335745],[178.41621512297863,-7.950271039967977],[178.41648757014352,-7.950366139563773],[178.416792859138,-7.950204674879989]],[[178.4196019574739,-7.95236537823972],[178.4202962730976,-7.95127785833048],[178.42038736574253,-7.951006260321227],[178.4202931632711,-7.9507352958798165],[178.42002566967034,-7.950520159406503],[178.4197532150062,-7.950423030313861],[178.41943931031025,-7.950466927705307],[178.41911497339274,-7.951281895824566],[178.41912897639017,-7.952095707981954],[178.4193454534345,-7.952366254902962],[178.41948804254957,-7.9524437701241775],[178.4196019574739,-7.95236537823972]],[[178.42295529020953,-7.953981620137663],[178.4233950906051,-7.953708826642091],[178.42349051172963,-7.953437213404968],[178.42331509634136,-7.952895242324157],[178.4230260839422,-7.952576681931055],[178.4223619206508,-7.952084649099889],[178.42193541568398,-7.951943445486233],[178.42166356737505,-7.952022738671852],[178.42158030055435,-7.9520873250817194],[178.42124571635753,-7.95290232937277],[178.42122217782156,-7.953173696337898],[178.4213970892201,-7.953661485591863],[178.42166983694997,-7.953842971979727],[178.4219421728509,-7.953904867041879],[178.42275901247373,-7.954041707381468],[178.42295529020953,-7.953981620137663]],[[178.42479925099857,-7.956145584993349],[178.42494318930358,-7.956125679358247],[178.42533731798392,-7.955872452010233],[178.42557872737245,-7.955600337218599],[178.42563070759158,-7.955328872845894],[178.42548327528712,-7.954921103473978],[178.4249370060141,-7.954335146888433],[178.42466426894612,-7.954157162663181],[178.42439210173293,-7.954144219721408],[178.42412079459874,-7.954380513453795],[178.42386633276595,-7.954792355459121],[178.42377184376642,-7.955063965581087],[178.42377448898043,-7.9553352426045905],[178.42388336076743,-7.955606155310474],[178.42413257095626,-7.9558765865619225],[178.42439870885886,-7.956058248509413],[178.42479925099857,-7.956145584993349]],[[178.43242613166385,-7.978364704927747],[178.43263874173454,-7.978011087605307],[178.43345246851288,-7.977240330809019],[178.43372196558042,-7.976461226624837],[178.43399242588958,-7.97600175755843],[178.4348070834978,-7.975499817372628],[178.43602612030068,-7.974554251561595],[178.43676285616692,-7.973737843512633],[178.43714834418228,-7.973193937612189],[178.43739367215426,-7.972650517825841],[178.43750501194995,-7.972107562892433],[178.4374306203581,-7.971293968001832],[178.43708885146216,-7.970481300325581],[178.43627934342246,-7.969127684357329],[178.43482398919573,-7.966419878295202],[178.43418051016835,-7.965608250339451],[178.433303232528,-7.963983574378485],[178.4318459464347,-7.961818327514054],[178.4312189020246,-7.960988433434256],[178.4309463874324,-7.96087654682399],[178.43067449069835,-7.960942696995812],[178.43046265958554,-7.96073795863767],[178.43049178310423,-7.9604665729650295],[178.430417526635,-7.9601955436987595],[178.4298525899582,-7.959350255728529],[178.42957932665962,-7.9590219756290965],[178.42927090135117,-7.958843067919527],[178.42894087138086,-7.9583016335059495],[178.42848641541238,-7.957748543393428],[178.42766764172535,-7.9570550319002304],[178.42739515954287,-7.956951544397962],[178.4271231140782,-7.95697426752439],[178.4266520208474,-7.957766936340347],[178.4265824561148,-7.958012438576457],[178.42642711408087,-7.957767709351354],[178.42644895343662,-7.957225062771277],[178.42677595924138,-7.956952653131055],[178.42691842173443,-7.95668087771041],[178.4268496878555,-7.956597789038272],[178.42657734967636,-7.956535821159223],[178.42639847015448,-7.956682664710442],[178.42603408155122,-7.95722648830531],[178.42584074462937,-7.957769724146996],[178.42596405432323,-7.958040586329113],[178.4260384622787,-7.958086465378907],[178.42622176393155,-7.958039700821685],[178.42631007178426,-7.957937402362853],[178.42653142808254,-7.958038636583362],[178.4266448015497,-7.958309532620129],[178.42685636287618,-7.958527549343594],[178.4271286820493,-7.958583625605875],[178.4272249021756,-7.958850109432105],[178.42723406534475,-7.959663934869481],[178.42736684316432,-7.9599347637873175],[178.42767822835316,-7.960113488477483],[178.42795035847845,-7.960114651705493],[178.42816232393733,-7.959932026622866],[178.4284919851886,-7.9593567277327635],[178.42863011367945,-7.959387845324612],[178.4286664718869,-7.960201576590906],[178.42893565456922,-7.960743220540952],[178.42896470239373,-7.961014405930226],[178.42887050893322,-7.9615573012215775],[178.4290447184222,-7.961804267403223],[178.43013091952847,-7.961139188739049],[178.43029140914015,-7.961281119587567],[178.43003472762027,-7.961824575035619],[178.43002564999523,-7.962367176920463],[178.42970313158156,-7.962910859289089],[178.42986580192806,-7.963160034593568],[178.43041055483846,-7.963303321613586],[178.4306838108312,-7.9636283399046],[178.43080663072885,-7.963992195017988],[178.4306928401622,-7.9650777283339576],[178.4307931435525,-7.965348667433218],[178.43101033109699,-7.965619203117427],[178.43123680724952,-7.9661450939208915],[178.43178082546063,-7.966075704893765],[178.43205360167923,-7.966261770112167],[178.43216098830695,-7.966429085479239],[178.4323787435029,-7.967242188151188],[178.43241314130074,-7.968327209115475],[178.43254010373082,-7.969411910061212],[178.43214237042892,-7.971854849146224],[178.43156236781033,-7.973755848434972],[178.4304560754128,-7.976409930018672],[178.42920815352429,-7.97864711154744],[178.42881727414212,-7.979191031237143],[178.4285632149278,-7.979893677769601],[178.4282916821391,-7.980068291321555],[178.42720811725965,-7.981506972914021],[178.4261891744472,-7.982455519961772],[178.4258532159921,-7.983179870643682],[178.42531141219382,-7.983895088189236],[178.42485035014633,-7.9843591315259514],[178.42454283038057,-7.985174047483386],[178.42407868594202,-7.985989502672434],[178.42303505251826,-7.987349523495397],[178.42233225802778,-7.988059537658017],[178.42187067107056,-7.988981243927845],[178.4212505679154,-7.989797233798906],[178.42070716888594,-7.990310218436094],[178.41984456113383,-7.991429781484437],[178.4188629017178,-7.992247010913126],[178.41853834643112,-7.992728999473262],[178.41826709334643,-7.992988344298735],[178.41683418168034,-7.994152975345951],[178.41555497506874,-7.995706940184676],[178.41490818753252,-7.996329867653392],[178.41446457961806,-7.996873960094628],[178.4117577865924,-7.999465704537292],[178.41133529453646,-8.00014010732525],[178.41113404224149,-8.000954656073581],[178.4097709720226,-8.002044461064207],[178.40877610138662,-8.00296311696891],[178.40794194103654,-8.003949714284698],[178.40621017956195,-8.006397205555855],[178.40525329432862,-8.007407491496823],[178.40454094754875,-8.0080306170254],[178.40389785224082,-8.008971839998559],[178.40335922835055,-8.009391077599517],[178.40319143717758,-8.009662936231836],[178.40281232607225,-8.0098829449955],[178.40254119313195,-8.010183579182298],[178.40145831392212,-8.011870347182711],[178.40254411016227,-8.011035764437318],[178.40335659641667,-8.00986734258711],[178.40390044085362,-8.009727470359365],[178.4044437432401,-8.009429576925635],[178.40536558929364,-8.008299095975888],[178.40688505504264,-8.007058226072026],[178.40824139098294,-8.005759399817338],[178.4091251095994,-8.004759537817408],[178.41139142297263,-8.001225063237493],[178.41235572375118,-7.999865331386253],[178.415015584715,-7.997131796306857],[178.41582874466042,-7.996176216112143],[178.41658158732045,-7.9955102735020285],[178.41728235260726,-7.994694011102497],[178.41820821583198,-7.993876975476302],[178.42016855858176,-7.991954056253812],[178.42103466144292,-7.991425691798394],[178.4217189883684,-7.9900669091470276],[178.422193551065,-7.989522705177357],[178.42279567727877,-7.988435490336121],[178.42396266859257,-7.987349574972152],[178.4242080620994,-7.986802914205914],[178.42463129726949,-7.986258885310432],[178.42551270955616,-7.9854419918758515],[178.42572982957063,-7.98489867257423],[178.42640116450687,-7.984236367955688],[178.4269502559357,-7.983538037712997],[178.42748327779134,-7.982377040649673],[178.42802613640558,-7.9819672568196705],[178.42856951451614,-7.981707348026064],[178.43035295780717,-7.980270868082276],[178.43075085847443,-7.979726922873152],[178.4308660774114,-7.979455239623436],[178.43116217339497,-7.979182931074789],[178.43182587423348,-7.979029612165595]],[[178.43040305407692,-7.96114151059087],[178.4302872814683,-7.961009848539797],[178.4304020738631,-7.960858956222129],[178.43054659816323,-7.9610089544827485],[178.43040305407692,-7.96114151059087]],[[178.43046731431778,-7.979642493865405],[178.43036200035732,-7.979456981712575],[178.43028869331076,-7.978914664896271],[178.43042237994837,-7.978371632892723],[178.43034175753183,-7.977829341312918],[178.4304402811561,-7.977557715878161],[178.4307302786155,-7.977004333085764],[178.43100120632306,-7.976656615518361],[178.43154509263465,-7.976545378668005],[178.43181750161693,-7.9766236851908525],[178.43192166803442,-7.976738740681546],[178.4319042114555,-7.97701008594666],[178.431627747287,-7.977553611744723],[178.43161487010417,-7.978096226113125],[178.43128071065144,-7.978774601042998],[178.43073868870064,-7.979422745276422],[178.43046731431778,-7.979642493865405]],[[178.34042614662337,-7.989253300182459],[178.34079409353492,-7.988980812311716],[178.34112757200495,-7.988437141159668],[178.34123361636276,-7.988165502395928],[178.3409677066689,-7.987895069922411],[178.34068686915842,-7.987920920369953],[178.34041522392303,-7.988076948543131],[178.3400843492661,-7.988440523316307],[178.3399089893213,-7.9889836814890245],[178.34005959187812,-7.989254488359009],[178.34042614662337,-7.989253300182459]],[[178.34886843070439,-7.991124902658759],[178.34913371911364,-7.990991933981449],[178.3492332570831,-7.990852418115023],[178.34924300710435,-7.990581092366321],[178.34895959161693,-7.989768135383878],[178.3485833754103,-7.989154114220259],[178.34805436462844,-7.988685911646153],[178.34749240462446,-7.988436334237796],[178.34694771351306,-7.988319348722977],[178.3467067673168,-7.9884190085870594],[178.34660300966073,-7.988690640727062],[178.3466274204723,-7.989504443913072],[178.3471889589172,-7.990587791214084],[178.3480458801071,-7.991230349720747],[178.34831816412222,-7.991269481260094],[178.34886843070439,-7.991124902658759]],[[178.4006915027843,-8.012926890138093],[178.40064505106076,-8.012814292664967],[178.40050041112332,-8.01292753932795],[178.40064561700893,-8.012979805709548],[178.4006915027843,-8.012926890138093]],[[178.3993129505322,-8.015373164659156],[178.39939473760026,-8.015101598860506],[178.3992915392977,-8.014953689410586],[178.39921549211408,-8.015373495535021],[178.3993129505322,-8.015373164659156]],[[178.37875711448686,-8.074041090542769],[178.3794527902415,-8.073496166951598],[178.37968641310593,-8.073224089861835],[178.3799454190038,-8.072680637550228],[178.38037251697318,-8.071051460257141],[178.3803364172689,-8.070237713355167],[178.38038989010903,-8.069966243530859],[178.38077155568232,-8.06915108807335],[178.38090919828605,-8.06833675541051],[178.38082774591595,-8.066438003372854],[178.38061400774177,-8.06535356556604],[178.3805251423238,-8.063997417070723],[178.38009596281896,-8.062371124935542],[178.37999353698189,-8.06128631110143],[178.37996233525726,-8.058844808730697],[178.38007676998413,-8.05803055437822],[178.38007284056314,-8.05748798814343],[178.38030392514895,-8.056402051483389],[178.38108021648915,-8.05395783111705],[178.38195502920343,-8.052327147552845],[178.38219554040947,-8.052055047856618],[178.38281336135046,-8.051588626473583],[178.38362690514353,-8.050695340089186],[178.38424340059552,-8.050149118953607],[178.38471161863868,-8.049502492036686],[178.38546541755088,-8.048788549366813],[178.38564016078,-8.048516670309544],[178.38579334500412,-8.04743240857637],[178.3858933904816,-8.04715936940279],[178.3859995805703,-8.045802564861797],[178.3858628866433,-8.04336142293539],[178.38563077584075,-8.041463180854855],[178.385932977556,-8.039291847151587],[178.38652399468555,-8.037933407275366],[178.38729798175478,-8.036574349698359],[178.38901582893985,-8.034567508249134],[178.39010071505916,-8.033440967923621],[178.39064209335916,-8.03256550383985],[178.39134378109495,-8.031948767421213],[178.39189579166376,-8.031133033574452],[178.3924128581195,-8.030588706298118],[178.3927411288202,-8.029773729078507],[178.39349757219836,-8.028686013347007],[178.39380297560874,-8.027871113260296],[178.39530548485732,-8.025967002675731],[178.39540173673336,-8.025695387965225],[178.39547516169705,-8.024881273782821],[178.39591587476232,-8.023794626090282],[178.396366426854,-8.022979233256072],[178.39653163162546,-8.022436096314475],[178.3970356274778,-8.021349233628515],[178.3985577959801,-8.01835989785977],[178.39877549822913,-8.017274006208714],[178.3987529808736,-8.016643690352714],[178.39848167370124,-8.016895382285186],[178.39830897282093,-8.017275589632208],[178.3978456394571,-8.018904891186938],[178.39740236765556,-8.019637967671237],[178.3964440743992,-8.021622528171958],[178.39592236098315,-8.022438162095707],[178.39581987597913,-8.02270979790972],[178.39566278121973,-8.023795484096594],[178.39511777841574,-8.024611196600594],[178.39399443663262,-8.025971444770546],[178.39280301530633,-8.027722223805402],[178.39144737140398,-8.0292591482504],[178.39045257209472,-8.031137914356966],[178.38961518895715,-8.032497188935622],[178.38800655075826,-8.034401644872966],[178.38765710717894,-8.035208688395493],[178.38711511377747,-8.035905864228278],[178.38592249737792,-8.037935435889795],[178.38576286496652,-8.03845688089972],[178.38566511416494,-8.039292750421653],[178.38522475141716,-8.040299556852638],[178.38515159493824,-8.040650928535277],[178.38519447717454,-8.041193362718698],[178.38501810208112,-8.043364272324617],[178.38521015230688,-8.044177492715749],[178.38520829032285,-8.044720077651396],[178.3851272958164,-8.045262929490546],[178.38483680725773,-8.045806487896686],[178.38478437266207,-8.04634924343534],[178.3845178757196,-8.046892720874808],[178.382504881991,-8.050154978895504],[178.38159831920714,-8.051243190280886],[178.38145546158822,-8.051786250534901],[178.38118251351446,-8.052268709243927],[178.38095485367634,-8.052873094397976],[178.38043192734392,-8.053688723401603],[178.3802922561654,-8.054231772866512],[178.3797668719758,-8.055589989339316],[178.3791402500392,-8.057762415633082],[178.3790091812063,-8.059119305647537],[178.37892111379793,-8.059390891705146],[178.37869251553937,-8.059662950403748],[178.37631440150267,-8.061550507917298],[178.3757813716945,-8.062114342022785],[178.37550038391439,-8.06231426417839],[178.37386916196522,-8.062900394388173],[178.37335711863687,-8.063207634687124],[178.3727832002901,-8.063742633427754],[178.37251152707606,-8.063899204747644],[178.371967262397,-8.063940154015013],[178.37183968240845,-8.06402658928066],[178.3717546262156,-8.064298164617684],[178.3718007898971,-8.0648405911677],[178.3719708912939,-8.065016602528342],[178.3725148870513,-8.064895497245788],[178.3727815387849,-8.065108596519066],[178.37276244998677,-8.065379950924383],[178.37262365690847,-8.065651706442019],[178.37258370096126,-8.065923130775383],[178.37279131822916,-8.066149100307968],[178.3730632547319,-8.066070190381897],[178.37333455833664,-8.065803801988341],[178.37360658623126,-8.065752079264977],[178.37396810678783,-8.065918489670361],[178.37446183756782,-8.06645941383371],[178.37465612765337,-8.068086503090944],[178.37480962276788,-8.068628568186448],[178.37470629254503,-8.068976816603943],[178.37381660585146,-8.069988352172802],[178.37375731274304,-8.070259841391081],[178.3738905541027,-8.070530684551784],[178.374176674433,-8.070801014512778],[178.3743252370643,-8.071071806020752],[178.3745832696533,-8.071884810199215],[178.37506327658943,-8.072697068346205],[178.37552277911314,-8.07323810446189],[178.3758102445211,-8.073449831303614],[178.37717366376762,-8.074153154765435],[178.37799073303566,-8.074284817968383],[178.3785347599639,-8.074170303031465],[178.37875711448686,-8.074041090542769]],[[178.31181112447126,-8.022985994642612],[178.31167773709058,-8.022786557949264],[178.3115694251028,-8.022986764558901],[178.31167855039416,-8.023040228568366],[178.31181112447126,-8.022985994642612]],[[178.31395992936646,-8.03057546615135],[178.3142126120308,-8.030303361871349],[178.3146949682884,-8.030017942596103],[178.31496700029132,-8.029970411233297],[178.3152552644386,-8.030028732853662],[178.3154008359141,-8.030299564504672],[178.31523845802005,-8.030842677748844],[178.31528310069362,-8.031113832064293],[178.31633398929844,-8.03185351039699],[178.31715040854328,-8.031810520557494],[178.31769520476075,-8.031942183456518],[178.31809784874602,-8.031647416307806],[178.3181953201022,-8.031375807231584],[178.3181565309051,-8.030833338048248],[178.3160620635093,-8.027855776966943],[178.3151866584176,-8.026230792904506],[178.31495260848135,-8.025495514857989],[178.31467942072885,-8.025182601136311],[178.3144068538839,-8.025062763869368],[178.31413481049364,-8.025105801595682],[178.3122333252835,-8.02628621391925],[178.3119615533676,-8.02641425971654],[178.3116894333747,-8.026433849702581],[178.31087104591322,-8.025860218558927],[178.31045990306913,-8.025431975761249],[178.30977998644306,-8.02513298548372],[178.30971424221252,-8.025434348811428],[178.30978136958853,-8.025564882960628],[178.31005444616517,-8.02584400537117],[178.31059936079063,-8.026015443249662],[178.3108146635198,-8.02624473900315],[178.31096927490654,-8.026515544159722],[178.3111064264898,-8.027057702374474],[178.31087550984032,-8.027252738485354],[178.31060268982935,-8.027054153943405],[178.31005586110328,-8.026285697798274],[178.3097830914771,-8.02610252194177],[178.30896601765065,-8.025938439972844],[178.30869386499575,-8.025947868701842],[178.3081500421571,-8.026253216028321],[178.30781682079575,-8.026525572785257],[178.30760787442222,-8.026805093507111],[178.30685958802343,-8.027885103041848],[178.306414139457,-8.028700411381957],[178.30594847125204,-8.030058379741751],[178.30578785001245,-8.030872783693058],[178.3058256294584,-8.031143961810079],[178.30596110046577,-8.031414829777235],[178.3065408754406,-8.031955584630103],[178.31008196939268,-8.03443125821635],[178.31117220477907,-8.03489304889801],[178.3114445588147,-8.034944599719143],[178.3125328894825,-8.03481284935533],[178.31307814854551,-8.035087364886785],[178.31335014808684,-8.035028604741646],[178.3137012328496,-8.034374453008226],[178.31388218831296,-8.033288686240327],[178.31405957421828,-8.032745525203945],[178.31403505016618,-8.03247430640112],[178.31333884233993,-8.031511402387032],[178.31271699605614,-8.031122028687445],[178.31256751252442,-8.030851208342877],[178.31262728712056,-8.030579720294561],[178.31279086620577,-8.030389420823667],[178.31291427863124,-8.030578804507133],[178.31333662701823,-8.030822032374502],[178.31360880735986,-8.030820398443913],[178.31388055520648,-8.030684237699896]],[[178.3146049142708,-8.034914159144416],[178.31482350808173,-8.034642163167785],[178.31498045747992,-8.034152372921072],[178.31571066597124,-8.032740246711857],[178.3153434936606,-8.031927530059713],[178.31497214705837,-8.031570088437535],[178.31467722746817,-8.03165836298778],[178.31455708513067,-8.033557826655535],[178.3142957989436,-8.03464385020909],[178.31434046339362,-8.03491500454328],[178.31443877789582,-8.034990191995535],[178.3146049142708,-8.034914159144416]],[[178.3170337548892,-8.036534167460255],[178.31750819166277,-8.035990053759429],[178.31770523803144,-8.03505310941729],[178.31835650597966,-8.033816960989475],[178.3184620452764,-8.033274029278857],[178.31824269858691,-8.03290995691448],[178.3179707378472,-8.032979945615676],[178.31769936361147,-8.03323183191046],[178.31745059787653,-8.034091160959742],[178.3172872586832,-8.034362981015885],[178.31634529193434,-8.035361591959065],[178.31580242296562,-8.035829628817993],[178.3157092618211,-8.035995814695019],[178.31567907478868,-8.036267208238343],[178.31580435577544,-8.036429582791062],[178.3166215232371,-8.036615803855039],[178.31689369771195,-8.036611265103803],[178.3170337548892,-8.036534167460255]],[[178.32097085202906,-8.034855340964114],[178.32060983933866,-8.034623620339417],[178.32012353896914,-8.034082588881828],[178.31997052710395,-8.03381178354328],[178.32004845745277,-8.033268940377209],[178.3198761838277,-8.033023528963511],[178.31960391847434,-8.03299908207865],[178.3193319589144,-8.033069336948365],[178.31906033226937,-8.033242750550166],[178.3188226025917,-8.034086763133185],[178.31834070014338,-8.035173495054549],[178.31838503332864,-8.035444649569884],[178.31810398998604,-8.036530737389551],[178.3181707957568,-8.036801819856485],[178.31880163248155,-8.037420056073259],[178.319891001392,-8.037609222854474],[178.32016281835106,-8.037494009582014],[178.3213007243854,-8.035706586327152],[178.321334798535,-8.035435180471138],[178.3212622389397,-8.035164117289389]],[[178.32451669445982,-8.037139579805784],[178.3247884514871,-8.03700653516769],[178.3249292571507,-8.036780093041145],[178.32476233603552,-8.03650933501657],[178.32451436143253,-8.036420220412612],[178.32420881269084,-8.036511118353424],[178.32417075701264,-8.036782536969678],[178.32442403357388,-8.03705301706046]],[[178.32561528951527,-8.040170622889617],[178.3253435763271,-8.040317657420257],[178.32525558972185,-8.040577183692566],[178.32534479186944,-8.040692044205507],[178.32589001875095,-8.040952217361863],[178.32616333161985,-8.04129750599582],[178.32643582356903,-8.041390043819248],[178.3272517694804,-8.041196989063517],[178.3280681791016,-8.041146766431531],[178.32997144346876,-8.040511005798098],[178.33160329894375,-8.040116820788302],[178.33181662258,-8.040013379968846],[178.33195182699683,-8.03974164657872],[178.3318730120707,-8.039357657310118],[178.3316429792318,-8.039200057093458],[178.3313282950378,-8.039253911358694],[178.33078467277363,-8.039485974719542],[178.33024031717775,-8.039493197002193],[178.3291501469687,-8.039059607814398],[178.32848537073252,-8.03866768534841],[178.32778732000796,-8.038481670226048],[178.32696915045614,-8.037988759108782],[178.32642400310903,-8.037751897467562],[178.3261123259931,-8.037861461624134],[178.32607897042206,-8.038132865054276],[178.32648697068294,-8.03921673158119],[178.32641587580585,-8.039488256813895],[178.3261588716875,-8.039924712643959]]]}},{"type":"Feature","properties":{"year":2023,"certainty":"good"},"geometry":{"type":"MultiLineString","coordinates":[[[178.37723032663456,-7.928899403454426],[178.37695787937022,-7.928798364438214],[178.3766857659319,-7.928797689548065],[178.3764919138745,-7.928908126742107],[178.37637009179605,-7.929179821034111],[178.3764329015282,-7.92945090519069],[178.3766893515504,-7.929875962112562],[178.37696232153002,-7.930133930810403]],[[178.3815876933709,-7.9299754932381505],[178.3804971994347,-7.929361363003708],[178.37940830991812,-7.92922791208379],[178.37831909579705,-7.928996889237501],[178.37777628783542,-7.92942190574128],[178.37750446665177,-7.929509161084187],[178.37723695148574,-7.92890566396234]],[[178.37750682684154,-7.930218451443663],[178.3778774549712,-7.930531294975099],[178.3789530780859,-7.931884191778757],[178.37906981363508,-7.932155096549256],[178.37914986377677,-7.932697414156695],[178.37942069015205,-7.9329427218349755],[178.38023643982072,-7.932765503143625],[178.3815971760323,-7.932816258254096],[178.38241433073338,-7.933060191130719],[178.38266176029487,-7.933228347775997],[178.38296038203978,-7.933606121915625],[178.38323281994536,-7.933703113612159],[178.38350453562316,-7.933584076355499],[178.38404678894378,-7.9329939605377175],[178.38416713801806,-7.932952054482715],[178.38422249245713,-7.932680579625685],[178.38377245043617,-7.932328464398925],[178.38295273172164,-7.931316853635742],[178.38158869739274,-7.9299764168898434]],[[178.3873119236021,-7.935383201004882],[178.38741662987647,-7.935111561543589],[178.38731871794195,-7.934954389732234],[178.38704605463607,-7.934790580327752],[178.38677383265588,-7.934758372549061],[178.38595383254747,-7.933666392171188],[178.3856809570703,-7.9334388298128165],[178.38486318264447,-7.933010207706684],[178.38458004400616,-7.932950681461182],[178.38463102510372,-7.934306965694389],[178.3846718725239,-7.934578120559],[178.3848694687771,-7.93488830749654],[178.38541454836596,-7.935142433305492],[178.3859587104811,-7.935122536798043],[178.386502304579,-7.934933209704097],[178.38674207900297,-7.935113809585748],[178.38686368559,-7.93538469488426],[178.3870486302256,-7.935558755232948],[178.3873119236021,-7.935383201004882]],[[178.3968927988695,-7.941319519992649],[178.3969796934207,-7.941047938832233],[178.39686253698167,-7.940829544491448],[178.3965919208335,-7.941049241137764],[178.3966771878271,-7.941320244130056],[178.3968927988695,-7.941319519992649]],[[178.40670786585798,-7.945627048134575],[178.40694629152938,-7.945368002416034],[178.40717751392054,-7.9448115942002495],[178.40694344255698,-7.944531356476854],[178.4066717159123,-7.9446463718817695],[178.40650353703916,-7.945085163230504],[178.4064542506346,-7.945356618164978],[178.40651576853065,-7.945627698184361],[178.40670786585798,-7.945627048134575]],[[178.4146515430081,-7.9491268232627394],[178.41478857990964,-7.948312495077796],[178.4149703560933,-7.948040588953254],[178.4148601754038,-7.9477696769169555],[178.41457308925817,-7.947553837192955],[178.41430066923382,-7.947466022670564],[178.41420672608885,-7.9475006139326645],[178.41404717013788,-7.947772444165834],[178.4142404810416,-7.948856935377796],[178.4143142437731,-7.949127971552179],[178.4145789486829,-7.9492645090394864],[178.4146515430081,-7.9491268232627394]],[[178.41668600846322,-7.95020503926725],[178.41700867601878,-7.949932651880844],[178.41727965711746,-7.949389153733763],[178.4172536708605,-7.949117955468942],[178.41702701857196,-7.948969337984087],[178.41675530169064,-7.949086835558032],[178.41619645700308,-7.949935421389222],[178.41630382456162,-7.950206342384086],[178.41648729426083,-7.9502857233880375],[178.41668600846322,-7.95020503926725]],[[178.41952846902694,-7.952365629420064],[178.41975920986718,-7.9521662133362145],[178.41991623287956,-7.951821730770185],[178.42034318892652,-7.951277697910307],[178.42041373308976,-7.951006170160729],[178.42029853000417,-7.9507351837765565],[178.41975330578254,-7.950449429155882],[178.41946567608258,-7.950466837616346],[178.4193473088959,-7.950738528705363],[178.41933787311595,-7.951281134245941],[178.4192085512893,-7.951824149429805],[178.41927623706962,-7.952095204796571],[178.41944838707616,-7.95236590312192],[178.41952846902694,-7.952365629420064]],[[178.42278787466003,-7.953982193803667],[178.4233577638264,-7.953708954587129],[178.42349132330585,-7.953437210622998],[178.4234431452796,-7.9531660896124095],[178.4230262258321,-7.952617838931905],[178.42220788061414,-7.952043167491657],[178.42193553829435,-7.951979040378478],[178.42166409447725,-7.952175787767749],[178.42128618429734,-7.952902190880204],[178.42130486850056,-7.953444699737246],[178.42147674738519,-7.9537153978050235],[178.42166980797546,-7.953834560860984],[178.42221414288275,-7.9538605790563786],[178.42278787466003,-7.953982193803667]],[[178.42526881631653,-7.955872687193718],[178.42549441944476,-7.955600626706748],[178.42556334518338,-7.955329104150338],[178.42549895518806,-7.955058039340081],[178.42476426547185,-7.954246703195099],[178.42466432158716,-7.954172411269888],[178.42439210173325,-7.95414421981965],[178.42412099283624,-7.954437957318773],[178.4238091637727,-7.955063837600803],[178.4237911862122,-7.955335185343728],[178.42390314544676,-7.95560608745411],[178.4241259782707,-7.9558824607645935],[178.42467099012177,-7.956103851235125],[178.42494296484088,-7.95606068761426],[178.42526881631653,-7.955872687193718]],[[178.42617623872405,-7.957768571473376],[178.42636764555064,-7.957225342184548],[178.42658327090382,-7.956953315405423],[178.42668824877762,-7.956681668862633],[178.4265776224521,-7.95661470626801],[178.42630648289233,-7.956899431843322],[178.42595747453424,-7.957498037307187],[178.4258888504574,-7.957769558884077],[178.4260381111923,-7.95798491377642],[178.42617623872405,-7.957768571473376]],[[178.4293407736885,-7.9615556812486],[178.4302512012759,-7.960738687636584],[178.43037357195166,-7.9604669805040125],[178.43032204333264,-7.960195872856921],[178.42960327388062,-7.959113208456574],[178.4290351445254,-7.95884387981453],[178.42905072310012,-7.958572540720058],[178.42893879186173,-7.958301640665815],[178.4285023985817,-7.957760571913843],[178.42766791732902,-7.957134668659834],[178.4273955817811,-7.957073576368245],[178.42712419066606,-7.957285469086065],[178.42679373062657,-7.957766449217199],[178.4267481932514,-7.95803789147818],[178.42685563943695,-7.9583184251291],[178.42734151376965,-7.958578422727909],[178.42738945042746,-7.9588495434956315],[178.42724012871733,-7.95966391401446],[178.42740554748102,-7.959953223649169],[178.42767817467043,-7.960097982701269],[178.42795023936532,-7.9600802534636435],[178.4282839544711,-7.959660322447034],[178.42849149010397,-7.9592137935034275],[178.4287628842782,-7.95900271631465],[178.42899231551715,-7.959115312746657],[178.42878449383312,-7.9596585992734505],[178.4287463407242,-7.960201301580385],[178.4290061144081,-7.960742977867198],[178.42903272213076,-7.961014171648198],[178.42894523131176,-7.961557043852758],[178.42904426107015,-7.961672319116399],[178.4293407736885,-7.9615556812486]],[[178.43240210350544,-7.978364788062464],[178.43346536965345,-7.9772759691075015],[178.43399272418867,-7.976087365341307],[178.43500769928787,-7.975371634881495],[178.43589256011182,-7.974621257492637],[178.43673554426803,-7.973737938241303],[178.43729394268723,-7.972922148156968],[178.43744704161176,-7.972379048339551],[178.43749901040493,-7.9718362993967125],[178.4374034240881,-7.971294062345152],[178.437098492794,-7.970481266890836],[178.43523984948544,-7.967232292859154],[178.4348430930137,-7.966419812182984],[178.43422836252583,-7.965607988731332],[178.43315281656004,-7.963712809265792],[178.43240305930433,-7.962630259316493],[178.4312191996808,-7.961074185877614],[178.4309467849943,-7.960991104556915],[178.43067517531128,-7.961140003467193],[178.4301329190132,-7.961715633771956],[178.43006936657528,-7.961824455628012],[178.43009569080195,-7.962366935457909],[178.43002189002692,-7.962638475174344],[178.42978093576463,-7.962910591104601],[178.4298655490375,-7.963087129214315],[178.43041057301502,-7.963308559587653],[178.4307476196052,-7.9637211134063595],[178.4308563622368,-7.964263308620792],[178.4306911595545,-7.965077734132262],[178.43123671927702,-7.966119766476847],[178.43178084194997,-7.966080450429592],[178.43205358780057,-7.966257776763508],[178.43216753915834,-7.966429062851001],[178.43241455862957,-7.96751334936287],[178.432388798201,-7.968327293235893],[178.43253304347533,-7.969140649542867],[178.43248450804057,-7.969954672063036],[178.4321565335904,-7.9718548001912675],[178.43156252164982,-7.97375584790332],[178.43101783642962,-7.975114155073512],[178.4302530065802,-7.976744507569438],[178.42924996209777,-7.978646967211299],[178.4286730740491,-7.979462814165078],[178.42856301581563,-7.979836345839645],[178.42829152773348,-7.980023824671385],[178.4272081937747,-7.98152902079008],[178.42630035201248,-7.982455136766149],[178.42602882188405,-7.982998643596986],[178.4256394033473,-7.983542556584232],[178.42486743709935,-7.9843590726759475],[178.4245649627991,-7.985173971264807],[178.42427937592782,-7.9857175259974715],[178.42331761614577,-7.987077265345269],[178.422332407104,-7.988102605519528],[178.42193208477417,-7.988981032730185],[178.4213332032448,-7.989796949715096],[178.42071128721594,-7.990341659364497],[178.41987708110642,-7.991429669777638],[178.4189011516689,-7.992246879601269],[178.41852438899753,-7.992790745339025],[178.41778101830812,-7.993335868806549],[178.41686585705398,-7.994152866735159],[178.41574587190792,-7.995513138148286],[178.41445914629188,-7.996873978699553],[178.41327685733452,-7.997963172494753],[178.41230055216647,-7.999017593239658],[178.41175782697596,-7.999477441736425],[178.41134068300565,-8.000140088907367],[178.4111316902898,-8.000954664112218],[178.41094722594943,-8.001181727939398],[178.40954001548343,-8.002316536850266],[178.40850524162127,-8.003340746515082],[178.40755965051167,-8.004493592900708],[178.40618973869627,-8.006397275221635],[178.40519788949828,-8.007485804633486],[178.40457844583338,-8.008030489348958],[178.4039914808383,-8.008846350527833],[178.4034321123413,-8.009390829604405],[178.40348411718887,-8.009661940366888],[178.40362825009288,-8.009718988703858],[178.40417202677565,-8.009559442918649],[178.40444359979702,-8.009387721648032]],[[178.40444393049702,-8.00938738546106],[178.40484066305117,-8.008843459190087],[178.4053654203562,-8.008299096551443],[178.40708894240052,-8.00693678433681],[178.40891548785993,-8.005031540701461],[178.41136119914083,-8.00122516655952],[178.41234583551778,-7.999865365207535],[178.41311744804926,-7.999143946511368],[178.41388456058252,-7.99823237929499],[178.41501098121705,-7.997143375305148],[178.41593523731856,-7.996055062168714],[178.41664248374428,-7.995389531354753],[178.417455774348,-7.994473849403443],[178.4181866029852,-7.993877049651988],[178.4201684854765,-7.991932914434919],[178.4209984815652,-7.991425816178187],[178.4213812084848,-7.990610642488887],[178.42206577126376,-7.989694404815941],[178.4227248781743,-7.988435733940488],[178.42387929846527,-7.987346617589992],[178.42450343308445,-7.986332726868295],[178.4249103505952,-7.985958268272935]],[[178.4250304911257,-7.985850581776077],[178.42518167100437,-7.98572088248112]],[[178.42529832027756,-7.985578373420072],[178.4254526131013,-7.985374497948558]],[[178.42549323124447,-7.9853064162367495],[178.4257654929961,-7.9846272641539215],[178.42599375986867,-7.984469517588996]],[[178.42706350567406,-7.9831307190527],[178.42717640627632,-7.982723401596886],[178.42748313102675,-7.982334762959149],[178.428298242306,-7.98195729106023],[178.42888136828068,-7.981361091645937],[178.43037394360334,-7.980270795560911],[178.43122049168844,-7.979182729452262],[178.43236793759635,-7.978394043724039]],[[178.3405722114034,-7.98925282662719],[178.3408152582042,-7.988980743680572],[178.34109641994772,-7.98843724219361],[178.34117060964502,-7.988165706749491],[178.34095882712006,-7.987860795455883],[178.34067021609985,-7.9878960344843914],[178.3402800464392,-7.988168594141312],[178.34009054699814,-7.988440503230868],[178.3398707557741,-7.988983805385223],[178.33990849346338,-7.9892549780455635],[178.3401474115245,-7.989408170630115],[178.3405722114034,-7.98925282662719]],[[178.3488778461903,-7.991124871935128],[178.34923273972086,-7.990852419803616],[178.34925181745442,-7.990581063611237],[178.34891970707778,-7.989768265515846],[178.3483267034039,-7.9889563177407945],[178.34803758936783,-7.988703721271685],[178.34776501415342,-7.988575282168419],[178.34694771030942,-7.988318371408278],[178.3466756944367,-7.988360450780235],[178.34654207516738,-7.988690839164009],[178.34652528763164,-7.989233482313329],[178.34668010014917,-7.989704624881903],[178.3471817498841,-7.990587814706864],[178.3475004166064,-7.99087909487503],[178.34804583657132,-7.991217084213331],[178.3483181652666,-7.991269829880454],[178.3488778461903,-7.991124871935128]],[[178.40173840745217,-8.011838180418476],[178.40251191997646,-8.011021686643094],[178.40310695904662,-8.010205799154939],[178.40308529703512,-8.01011923135972],[178.40282639846194,-8.009935465804025],[178.4025411839461,-8.01018089547784],[178.4019547089634,-8.011023581414372],[178.401461835393,-8.011567832635775],[178.4013609475227,-8.011839463455418],[178.40145891979589,-8.012047454708318],[178.40173840745217,-8.011838180418476]],[[178.40076221927012,-8.012926649872687],[178.40099594348052,-8.012654567727227],[178.40091598012953,-8.012453163321826],[178.40042064936492,-8.012927810273936],[178.40064574955613,-8.013018568976387],[178.40076221927012,-8.012926649872687]],[[178.39931873062665,-8.015373145034742],[178.39940262958532,-8.015101572065157],[178.39956329921904,-8.014834964750277],[178.3995631660632,-8.014796002298807],[178.39929152228012,-8.014948709055655],[178.3992204935941,-8.015102190425866],[178.39921460702942,-8.015373498539821],[178.39931873062665,-8.015373145034742]],[[178.37878814931636,-8.074040985982153],[178.3796923384359,-8.073224069887265],[178.37996895530978,-8.072680558198027],[178.380401376383,-8.071051362946998],[178.38033679292158,-8.070237712088684],[178.3803756114131,-8.069966291670301],[178.38080648978263,-8.068879680763558],[178.38091614992993,-8.068336731969223],[178.38078047133456,-8.066166873190129],[178.38048237639572,-8.063997561161361],[178.38008807060814,-8.062099861840602],[178.37997714227257,-8.061015076602448],[178.3799442901508,-8.05911615919702],[178.3801672269638,-8.056945091013702],[178.38037232771256,-8.056130531538738],[178.38110150726874,-8.053957759438761],[178.38198266239627,-8.052327054481145],[178.3821885060097,-8.052055071552315],[178.38313621919548,-8.051238009647292],[178.38423552807592,-8.050149145505728],[178.3847115329719,-8.049477266907331],[178.3854304249742,-8.048788667472039],[178.38558885837824,-8.048516843478025],[178.3857412572392,-8.047431172144737],[178.38587394602808,-8.047159435038472],[178.38596567073176,-8.04580267931546],[178.38591031899946,-8.043632552160345],[178.38571696231085,-8.04254804738016],[178.38567691572226,-8.04146302524062],[178.38601495166532,-8.039291570689382],[178.38657768035478,-8.037946535447661],[178.38730842614353,-8.036574314451885],[178.3888007411586,-8.034941541415174],[178.38928697225384,-8.034262710168111],[178.3899790192081,-8.033581115284305],[178.39062775226245,-8.032493766605315],[178.39118478767853,-8.032077225904885],[178.39172625072692,-8.031227784729264],[178.39236910576864,-8.030588854382586],[178.39355963227365,-8.028414514577836],[178.39377741680647,-8.02787119982521],[178.39530176829638,-8.025967015274086],[178.39540617019466,-8.025695372936147],[178.39550932857657,-8.024881157963915],[178.39568967315216,-8.024337969768244],[178.39633141197334,-8.02297935199503],[178.3967453666104,-8.021892794773988],[178.39848629302827,-8.018247605974151],[178.39870098045637,-8.017002970999156],[178.39848200539498,-8.016992487428034],[178.39833243386948,-8.017275510016194],[178.3982101173313,-8.017547213303247],[178.39802152082532,-8.018633006153763],[178.39765899970396,-8.019176812681286],[178.39676761655875,-8.021078854330549],[178.3959529599042,-8.022438058369094],[178.39566235037168,-8.023795485557072],[178.39532384143968,-8.02433920979609],[178.39383372353635,-8.026243277608282],[178.39280317015547,-8.027767679569756],[178.39144745554088,-8.029283865837352],[178.39013787051,-8.031681555849858],[178.38918346566317,-8.033041225408937],[178.38799851989134,-8.034401671981106],[178.38765697817348,-8.035170714207343],[178.38652643384782,-8.036848241969894],[178.38577467833503,-8.038207223634927],[178.38565311920436,-8.039021501521903],[178.38512551083335,-8.04065101646678],[178.38519297919598,-8.041193367769033],[178.38513470368636,-8.042550011076676],[178.38502627833992,-8.043364244755093],[178.38522509095318,-8.04444873165976],[178.38510381551077,-8.045263008687316],[178.38479682068711,-8.045806622747243],[178.38477096107002,-8.046349288666232],[178.3845051311459,-8.046892763850728],[178.38334787953212,-8.04868099928902],[178.38250379999138,-8.050154982540258],[178.38156587655934,-8.051243299506467],[178.38143566129685,-8.051786317194885],[178.38045639496528,-8.053688641069307],[178.37921801098878,-8.057490864256485],[178.3789195102593,-8.059390897098726],[178.3787173947358,-8.059662866731678],[178.3763143735421,-8.061542237056834],[178.375810340447,-8.062114244773865],[178.3755004377265,-8.062330189906666],[178.37386910965597,-8.062884896146668],[178.37332590155955,-8.063238481027255],[178.3727833014161,-8.063772615600794],[178.37251166001903,-8.063938627118853],[178.37196726963592,-8.063942301457404],[178.37177941122172,-8.064026791072827],[178.37169587123753,-8.064180567268705],[178.3717460814518,-8.064840774348585],[178.37197097122575,-8.06504031124188],[178.37251491318415,-8.064903245603178],[178.372753074497,-8.065108691898516],[178.37274687697658,-8.065380003108372],[178.37257999589636,-8.065923143190028],[178.37279137059784,-8.06616462197214],[178.3730632666019,-8.066073707897928],[178.37333469685,-8.065844841739011],[178.37360666729967,-8.065776094216737],[178.37397402419913,-8.065918469822693],[178.37447293518966,-8.066459376595148],[178.37465802383255,-8.067543916323471],[178.3746699704528,-8.068086456625082],[178.37482029193353,-8.068628532367164],[178.37476410644607,-8.068900011171817],[178.37399920184242,-8.06971644920431],[178.37380275062887,-8.069988398662142],[178.37372718760273,-8.070259942470297],[178.37384892907681,-8.07053082423422],[178.37416830403203,-8.070877005113122],[178.37468573765875,-8.072155756242276],[178.37523464730901,-8.072967782661419],[178.3758956101144,-8.073508141252308],[178.37717365907497,-8.074151769709626],[178.37771847001014,-8.074268494064466],[178.3782629109051,-8.074276030569777],[178.3785348733357,-8.074203731749286],[178.37878814931636,-8.074040985982153]],[[178.31186479009105,-8.022985823675322],[178.31169156160126,-8.022715077996253],[178.31158676169358,-8.02271541180497],[178.31154270345402,-8.022986849670122],[178.31167860445345,-8.023057089442998],[178.31186479009105,-8.022985823675322]],[[178.31394985651286,-8.030575498322731],[178.31420209326163,-8.030303395472268],[178.31469494387068,-8.03001035096787],[178.31496695501355,-8.02995633689245],[178.31523927940833,-8.029999706306498],[178.31544438515087,-8.030299425263342],[178.315228513996,-8.0308427095407],[178.31527948653067,-8.031113843619867],[178.31544624517068,-8.03124895892139]],[[178.31565194459216,-8.031362837128057],[178.31592461315248,-8.03151279141112]],[[178.31815816471,-8.031511574662117],[178.3182193230056,-8.031104433581527],[178.31814167361605,-8.030833385653498],[178.31653995208467,-8.02866813927017],[178.31513548248492,-8.02623095641768],[178.31495269068802,-8.025521082984326],[178.31467950579048,-8.025209063774486],[178.31440689387074,-8.025075206533376],[178.31413487454213,-8.02512573551309],[178.31223338104363,-8.026303590807705],[178.31196162367453,-8.026436174090021],[178.311689542272,-8.026467799474064],[178.31141688821566,-8.026320878508885],[178.31047156489208,-8.025431938637013],[178.31005226466166,-8.025162969776323],[178.30977990682308,-8.025108122819478],[178.30969435792105,-8.025163114372265],[178.30968708963158,-8.025434435198466],[178.30978143791808,-8.025586218752698],[178.31005454842673,-8.025875928565664],[178.31059949223405,-8.026056458235136],[178.3107880222519,-8.02624482384303],[178.31093938358623,-8.026515639363723],[178.3110560358213,-8.027057862895093],[178.3108752971989,-8.02718641075331],[178.31060252316774,-8.027002156287814],[178.31005556981697,-8.026194770818934],[178.3089657725624,-8.025861867021515],[178.30869357527598,-8.025857332708114],[178.30842190866971,-8.026018674163229],[178.30787776473608,-8.026525379138487],[178.30744664297956,-8.027069344652727],[178.30642114659628,-8.028700389135553],[178.30585369089107,-8.030329978625483],[178.3057505990961,-8.03087290193042],[178.30578833334505,-8.031144080198217],[178.30593193299674,-8.031414922375758],[178.3065357413954,-8.031999237386009],[178.3100819672146,-8.034430579026274],[178.31117224458157,-8.03490544936365],[178.31170446970532,-8.034923422015204],[178.3126690097293,-8.034820963500437]],[[178.31385272022945,-8.033424428964913],[178.31401343182716,-8.032745672624628],[178.31397725232156,-8.032474491049568],[178.3133392948909,-8.031652220948809],[178.31279379719732,-8.03130191101813],[178.31252071224378,-8.031021997533712],[178.3122482108063,-8.030923705407181],[178.31170400026326,-8.030973898976256],[178.31116188645524,-8.031677705975731],[178.31089032516522,-8.03187258443893],[178.31061811214173,-8.031864339227633],[178.3103523369486,-8.031672162800149],[178.3102873997263,-8.031401072092514],[178.3103021054888,-8.02977323981573],[178.31001751043945,-8.028960253208309],[178.31006406612352,-8.028846513084222],[178.3103362407444,-8.028843393170304],[178.3106279946416,-8.02895830917429],[178.31068109315018,-8.029500735143202],[178.31115699893948,-8.03015421925717],[178.31142984030436,-8.030358671844379],[178.3117021606108,-8.030400682415316],[178.31190265023085,-8.030310734307404],[178.31200884856298,-8.030039098252301],[178.31224467583993,-8.02982265927997],[178.31278991805127,-8.030094213937542],[178.31312257948932,-8.030578139695528],[178.31333634887284,-8.03073547399417],[178.31360863223006,-8.030765909741337],[178.31388047054665,-8.030657902253747]],[[178.31483629017063,-8.03164346548228],[178.31470027947577,-8.031669049938921],[178.3146404451892,-8.032065426195835]],[[178.31461107309605,-8.03260811426816],[178.31453146704132,-8.033693557088025]],[[178.31842017845582,-8.03368110852142],[178.31848629131323,-8.033273951548331],[178.31837482495703,-8.033138660541544]],[[178.32097088982653,-8.034867029443552],[178.3205882903211,-8.034623689546244],[178.32007804353574,-8.034082734930255],[178.31997509246452,-8.033811768889569],[178.3200330451711,-8.033268989846244],[178.31987629950174,-8.033059337885769],[178.31960394171747,-8.033006278915213],[178.31906005828262,-8.033157882379186],[178.3189509061337,-8.033272461760546],[178.31888729670314,-8.033679610706205]],[[178.3211013857986,-8.036114171453914],[178.32131463541552,-8.035706541620643],[178.3213209436274,-8.035435224996514],[178.32123289908537,-8.035164211569734],[178.32101200926778,-8.034893624916936]],[[178.3281239633437,-8.041110513580703],[178.3305152511819,-8.040335255129262],[178.3316032094849,-8.0400893956503],[178.33187437622465,-8.039775805313088],[178.33190806650822,-8.039470493236415],[178.33160032303653,-8.039204453774891],[178.3305126699827,-8.03954328001955],[178.32996788703437,-8.039419361476503],[178.32860487961443,-8.038786584096203],[178.32778733801524,-8.038487207666996],[178.32642394515383,-8.037734055602149],[178.32615205385105,-8.037825674327701],[178.32610849939394,-8.03813276978381],[178.32657353640943,-8.039216452162199],[178.32653882866282,-8.039487859946405],[178.3262949627811,-8.03992346196012]],[[178.327387926723,-8.041215967650256],[178.3281239633437,-8.041110513580703]],[[178.3673359559044,-8.062785722482335],[178.36761463351118,-8.062684258427772],[178.3676546632659,-8.062412833800533],[178.3676065959797,-8.06232107124368],[178.36706242613042,-8.062390105508408],[178.36702821687695,-8.062686215049036]]]}},{"type":"Feature","properties":{"year":2023,"certainty":"unstable data"},"geometry":{"type":"MultiLineString","coordinates":[[[178.4249103505952,-7.985958268272935],[178.4250304911257,-7.985850581776077]],[[178.42518167100437,-7.98572088248112],[178.42529832027756,-7.985578373420072]],[[178.4254526131013,-7.985374497948558],[178.42549323124447,-7.9853064162367495]],[[178.42599375986867,-7.984469517588996],[178.42647758571948,-7.9840822384883525],[178.42694266529833,-7.983434363195426],[178.42706350567406,-7.9831307190527]],[[178.31544624517068,-8.03124895892139],[178.31565194459216,-8.031362837128057]],[[178.31592461315248,-8.03151279141112],[178.31633381584902,-8.031799663301491],[178.31687812286816,-8.031779551518797],[178.3176951925059,-8.031938382950212],[178.31796699506387,-8.03181953037225],[178.31815816471,-8.031511574662117]],[[178.3126690097293,-8.034820963500437],[178.31280514798985,-8.034834683442913],[178.3130780630932,-8.035060781446706],[178.3133501968356,-8.035043766963554],[178.31346706647415,-8.034917795417876],[178.31370540128225,-8.034374439691218],[178.31385272022945,-8.033424428964913]],[[178.31472002686587,-8.034913791098347],[178.31522968133018,-8.033555676159553],[178.3156343477283,-8.03274049084513],[178.31551978802048,-8.03258558882825],[178.31533001385782,-8.031927573164795],[178.31497231994405,-8.031623817670068],[178.31483629017063,-8.03164346548228]],[[178.3146404451892,-8.032065426195835],[178.31461107309605,-8.03260811426816]],[[178.31453146704132,-8.033693557088025],[178.31426592265714,-8.03464394570079],[178.31429637310578,-8.034915145474955],[178.31443887422083,-8.035020127065396],[178.31471074644622,-8.034921927462245]],[[178.31678772584777,-8.036534955581997],[178.31716481526053,-8.036279014169432],[178.31741681164155,-8.035990346586717],[178.31765665573815,-8.035175687750664],[178.31791143092192,-8.034632277766727],[178.31830069494205,-8.034088436596344],[178.31842017845582,-8.03368110852142]],[[178.31837482495703,-8.033138660541544],[178.31824297410688,-8.032995355601361],[178.31797088224033,-8.033024709910649],[178.31769931388263,-8.033216412394614],[178.31755574646147,-8.03354823053811],[178.31752614860724,-8.033819622136884],[178.3172387965628,-8.034363136258632],[178.31575232670937,-8.035995676874945],[178.3157194257956,-8.036267079102327],[178.31580426164783,-8.036400366170557],[178.31634922147444,-8.03658086135714],[178.31678772584777,-8.036534955581997]],[[178.31888729670314,-8.033679610706205],[178.31879083050538,-8.03407451848115],[178.31846936118095,-8.034630489185453],[178.31833392065312,-8.035173516791705],[178.31836778361202,-8.035716001543832],[178.31825123099483,-8.036530265268635],[178.31852840285205,-8.037097890990681],[178.31880137412415,-8.037340055614349],[178.3190739038167,-8.037445416976972],[178.31989073889073,-8.037528008296865],[178.3201626724777,-8.037448886959702],[178.3211013857986,-8.036114171453914]],[[178.32451662038494,-8.037116740785128],[178.32478830581655,-8.03696162990772],[178.32494477871407,-8.03678004301522],[178.3249819202167,-8.036508627355666],[178.32451417733716,-8.036363454097213],[178.32424220004614,-8.036428481517232],[178.3241783340271,-8.036782512563043],[178.3244286706425,-8.03705300212048]],[[178.3262949627811,-8.03992346196012],[178.32588813572528,-8.040372495797305],[178.32561555769146,-8.040253207244751],[178.32539801697686,-8.040305428445054],[178.3253118995295,-8.040577002075324],[178.32589000650373,-8.040948446988907],[178.32616309378687,-8.041224305716465],[178.32643568215994,-8.04134653043684],[178.32670791490668,-8.041359304322361],[178.327387926723,-8.041215967650256]]]}}]}
