{"type":"FeatureCollection","features":[{"type":"Feature","properties":{},"geometry":{"type":"MultiPolygon","coordinates":[[[[167.5315,-22.58709],[167.54469,-22.59824],[167.5547,-22.61224],[167.55519,-22.63844],[167.54298,-22.63014],[167.53094,-22.60556],[167.52101,-22.60369],[167.51612,-22.61126],[167.51661,-22.62412],[167.52101,-22.6487],[167.50733,-22.67067],[167.47584,-22.66709],[167.41871,-22.64528],[167.424,-22.62029],[167.42449,-22.5617],[167.4323,-22.54225],[167.45021,-22.53802],[167.4769,-22.54339],[167.50343,-22.55495],[167.52101,-22.56959],[167.5315,-22.58709]]],[[[166.64829,-20.43279],[166.67335,-20.44573],[166.67823,-20.45241],[166.67384,-20.46364],[166.6631,-20.46738],[166.63347,-20.466],[166.62078,-20.46933],[166.61134,-20.47723],[166.60572,-20.4874],[166.60377,-20.49717],[166.60092,-20.49993],[166.5857,-20.53802],[166.57927,-20.54957],[166.57862,-20.56487],[166.58204,-20.59295],[166.58766,-20.59987],[166.60092,-20.60019],[166.62973,-20.59637],[166.59148,-20.66513],[166.57521,-20.68515],[166.55958,-20.69508],[166.53728,-20.70469],[166.51352,-20.71152],[166.49391,-20.71307],[166.48585,-20.70623],[166.47967,-20.6994],[166.49513,-20.69345],[166.50896,-20.68353],[166.53419,-20.65846],[166.55079,-20.63714],[166.55828,-20.62444],[166.56137,-20.60662],[166.55958,-20.54567],[166.56495,-20.53151],[166.57651,-20.51727],[166.58888,-20.49765],[166.59889,-20.47674],[166.60377,-20.45859],[166.59938,-20.43963],[166.58033,-20.41473],[166.57146,-20.40594],[166.56723,-20.40732],[166.56137,-20.41082],[166.56373,-20.40195],[166.57455,-20.39235],[166.58953,-20.38543],[166.60377,-20.38348],[166.61598,-20.38942],[166.62355,-20.40065],[166.62965,-20.41375],[166.63722,-20.42506],[166.64829,-20.43279]]],[[[169.86052,-20.15553],[169.87615,-20.16416],[169.88885,-20.17392],[169.89894,-20.19232],[169.88844,-20.21746],[169.8816,-20.22959],[169.87159,-20.23943],[169.86052,-20.2444],[169.83815,-20.24863],[169.83009,-20.25311],[169.82049,-20.2444],[169.80787,-20.23895],[169.78224,-20.23268],[169.7518,-20.21901],[169.73797,-20.20892],[169.73634,-20.1858],[169.74342,-20.16058],[169.75554,-20.14381],[169.7684,-20.14023],[169.79396,-20.136],[169.82114,-20.13502],[169.84034,-20.1408],[169.86052,-20.15553]]],[[[169.46518,-19.50937],[169.48064,-19.52011],[169.50172,-19.52752],[169.49562,-19.53981],[169.46013,-19.58221],[169.4533,-19.62615],[169.44565,-19.64804],[169.43621,-19.65732],[169.41684,-19.65545],[169.3742,-19.64373],[169.35768,-19.63616],[169.31642,-19.58978],[169.30616,-19.58221],[169.28614,-19.58123],[169.27833,-19.5783],[169.27508,-19.5722],[169.27198,-19.56097],[169.2649,-19.55299],[169.25782,-19.54778],[169.25465,-19.54437],[169.25213,-19.53655],[169.21852,-19.49017],[169.21437,-19.47975],[169.21323,-19.46478],[169.21453,-19.43914],[169.21998,-19.41481],[169.23113,-19.40399],[169.23894,-19.39853],[169.23894,-19.38567],[169.23471,-19.36248],[169.23878,-19.35068],[169.24342,-19.34197],[169.2505,-19.33506],[169.26149,-19.3283],[169.2815,-19.32293],[169.32008,-19.32244],[169.3366,-19.31463],[169.35288,-19.32806],[169.35377,-19.34157],[169.34791,-19.35817],[169.344,-19.38014],[169.35768,-19.45525],[169.36647,-19.46966],[169.38746,-19.47796],[169.41228,-19.48414],[169.43279,-19.49285],[169.46518,-19.50937]]],[[[178.43816,-18.95469],[178.47462,-18.96063],[178.48561,-18.9651],[178.49317,-18.9782],[178.49838,-18.99676],[178.49659,-19.01328],[178.4756,-19.02321],[178.46095,-19.03265],[178.45387,-19.02679],[178.44386,-19.02386],[178.42408,-19.02044],[178.42856,-19.02939],[178.42897,-19.0368],[178.42514,-19.04306],[178.41668,-19.04778],[178.40504,-19.04453],[178.38258,-19.0429],[178.35841,-19.04372],[178.34148,-19.04778],[178.34392,-19.04111],[178.34636,-19.02728],[178.34832,-19.02044],[178.33937,-19.02459],[178.33286,-19.02565],[178.32716,-19.02418],[178.32049,-19.02044],[178.32521,-19.01588],[178.33009,-19.00954],[178.33399,-19.00677],[178.3073,-18.99717],[178.2815,-19.00742],[178.23854,-19.04095],[178.22299,-19.04485],[178.20729,-19.0451],[178.19508,-19.04746],[178.19011,-19.05771],[178.19044,-19.07871],[178.18873,-19.08359],[178.18385,-19.06894],[178.17433,-19.07586],[178.17091,-19.08717],[178.17311,-19.09775],[178.18019,-19.10231],[178.195,-19.10556],[178.19947,-19.11403],[178.19752,-19.13934],[178.19467,-19.14658],[178.18784,-19.15325],[178.17897,-19.15748],[178.17018,-19.157],[178.16163,-19.15057],[178.16017,-19.14186],[178.16285,-19.11598],[178.1482,-19.12754],[178.14291,-19.12965],[178.12867,-19.12965],[178.11915,-19.13958],[178.11378,-19.14837],[178.10662,-19.15455],[178.09164,-19.157],[178.07602,-19.15472],[178.05014,-19.14495],[178.03712,-19.14275],[178.01539,-19.15594],[178.00367,-19.15748],[177.99887,-19.14275],[177.99204,-19.14275],[177.98414,-19.14707],[177.97397,-19.14479],[177.96266,-19.13812],[177.95118,-19.12965],[177.98146,-19.10125],[177.99952,-19.09482],[178.01938,-19.10231],[178.0298,-19.09385],[178.03346,-19.07204],[178.04119,-19.06146],[178.05177,-19.05674],[178.06324,-19.05641],[178.11948,-19.07041],[178.12867,-19.06894],[178.13494,-19.06146],[178.13649,-19.05169],[178.13941,-19.04192],[178.14975,-19.03411],[178.16326,-19.04404],[178.17213,-19.03533],[178.17644,-19.01735],[178.17644,-18.99928],[178.19068,-18.97723],[178.22608,-18.96413],[178.26588,-18.96209],[178.29371,-18.97259],[178.30193,-18.94402],[178.30885,-18.93955],[178.32407,-18.93857],[178.32862,-18.93629],[178.3322,-18.93174],[178.33676,-18.92702],[178.34498,-18.9249],[178.35499,-18.92669],[178.36345,-18.92978],[178.37192,-18.93035],[178.38258,-18.9249],[178.38982,-18.93816],[178.4227,-18.93971],[178.43035,-18.95525],[178.43816,-18.95469]]],[[[179.36085,-18.02597],[179.36297,-18.07977],[179.35027,-18.11883],[179.32097,-18.10182],[179.31088,-18.08978],[179.30323,-18.06219],[179.29737,-18.05039],[179.27833,-18.0276],[179.27174,-18.01572],[179.26694,-17.99879],[179.26303,-18.00954],[179.2658,-18.02988],[179.26295,-18.03672],[179.25408,-18.03916],[179.24952,-18.03216],[179.24537,-18.00359],[179.24643,-17.97487],[179.2444,-17.97015],[179.23512,-17.95469],[179.23276,-17.94476],[179.24342,-17.95094],[179.25034,-17.95127],[179.27215,-17.9345],[179.27752,-17.93401],[179.28395,-17.93629],[179.29737,-17.93792],[179.31251,-17.94744],[179.33676,-17.98935],[179.34547,-17.99879],[179.36085,-18.02597]]],[[[178.78262,-17.6229],[178.79789,-17.61861],[178.81676,-17.62895],[178.82572,-17.6521],[178.83019,-17.66577],[178.83196,-17.67945],[178.83554,-17.69316],[178.83283,-17.70772],[178.82922,-17.71886],[178.82291,-17.72913],[178.79771,-17.73595],[178.78511,-17.74022],[178.76808,-17.74717],[178.75819,-17.72992],[178.75261,-17.71299],[178.73935,-17.67333],[178.75109,-17.64336],[178.77638,-17.62884],[178.78262,-17.6229]]],[[[168.17937,-16.80633],[168.14991,-16.77858],[168.14422,-16.76922],[168.14649,-16.74163],[168.14422,-16.73138],[168.12843,-16.71836],[168.12037,-16.70916],[168.12062,-16.70062],[168.12485,-16.68865],[168.12672,-16.65163],[168.13111,-16.63584],[168.13746,-16.62859],[168.14381,-16.62371],[168.1491,-16.61696],[168.15113,-16.60442],[168.15065,-16.59482],[168.14918,-16.58807],[168.14422,-16.57301],[168.15406,-16.5792],[168.16017,-16.57855],[168.16627,-16.57513],[168.1753,-16.57301],[168.18507,-16.57537],[168.18995,-16.58025],[168.19264,-16.58514],[168.19581,-16.58733],[168.20281,-16.59588],[168.22023,-16.63348],[168.23024,-16.64202],[168.23219,-16.6491],[168.23455,-16.66473],[168.23894,-16.68125],[168.24733,-16.69036],[168.25514,-16.68939],[168.27166,-16.67913],[168.2815,-16.67685],[168.29021,-16.6784],[168.29811,-16.68206],[168.3047,-16.68646],[168.30934,-16.69036],[168.31983,-16.7055],[168.32635,-16.72096],[168.33522,-16.73317],[168.35336,-16.73821],[168.35662,-16.74358],[168.36085,-16.7553],[168.37029,-16.76702],[168.38819,-16.77223],[168.44117,-16.77044],[168.46412,-16.77801],[168.48072,-16.80023],[168.46754,-16.80592],[168.46998,-16.81951],[168.47592,-16.83522],[168.47389,-16.84808],[168.46339,-16.84352],[168.45338,-16.84808],[168.4004,-16.81911],[168.38413,-16.8025],[168.36769,-16.79485],[168.34832,-16.789],[168.33326,-16.78672],[168.29168,-16.79534],[168.26205,-16.81211],[168.23292,-16.82293],[168.19207,-16.8139],[168.17937,-16.80633]]],[[[168.19256,-15.52695],[168.1989,-15.52955],[168.20379,-15.53444],[168.20574,-15.54957],[168.19793,-15.61094],[168.19947,-15.6277],[168.21315,-15.65936],[168.21315,-15.68987],[168.21608,-15.70379],[168.23951,-15.76816],[168.24733,-15.81951],[168.25213,-15.83424],[168.26401,-15.85711],[168.26783,-15.87477],[168.27036,-15.91424],[168.26775,-15.94915],[168.25489,-15.97576],[168.22682,-15.9909],[168.20427,-15.99245],[168.19239,-15.98553],[168.18751,-15.97112],[168.18385,-15.93084],[168.16603,-15.87038],[168.15504,-15.79363],[168.13111,-15.73756],[168.12224,-15.70208],[168.11964,-15.66277],[168.12452,-15.62135],[168.14894,-15.54323],[168.15455,-15.46331],[168.17652,-15.4616],[168.18287,-15.50799],[168.1858,-15.51784],[168.19256,-15.52695]]],[[[167.93621,-15.41025],[167.92791,-15.4236],[167.86158,-15.47674],[167.83855,-15.4848],[167.73414,-15.48431],[167.7129,-15.47763],[167.67872,-15.46103],[167.67286,-15.4498],[167.68238,-15.43255],[167.80445,-15.32],[167.82618,-15.31308],[167.84311,-15.31032],[167.89161,-15.29192],[167.9769,-15.27776],[168.00245,-15.28183],[168.00327,-15.2916],[167.98032,-15.31308],[167.9673,-15.3283],[167.95395,-15.34881],[167.94361,-15.37119],[167.93946,-15.39186],[167.93621,-15.41025]]],[[[168.09816,-14.97259],[168.10084,-14.96754],[168.10043,-14.96209],[168.09327,-14.95306],[168.09051,-14.94354],[168.09409,-14.93141],[168.10174,-14.92083],[168.11069,-14.91579],[168.12289,-14.92278],[168.13364,-14.94036],[168.14137,-14.96014],[168.14422,-14.97357],[168.14584,-14.99668],[168.15797,-15.05242],[168.15838,-15.06268],[168.15699,-15.08367],[168.15797,-15.09393],[168.16977,-15.12656],[168.17164,-15.13795],[168.17164,-15.17278],[168.17482,-15.18141],[168.18881,-15.19752],[168.19207,-15.20631],[168.18898,-15.27459],[168.19435,-15.28916],[168.19256,-15.30804],[168.1858,-15.33636],[168.18491,-15.36549],[168.17897,-15.39511],[168.16603,-15.39031],[168.15528,-15.39031],[168.13111,-15.39511],[168.13689,-15.37184],[168.13543,-15.34686],[168.12379,-15.29941],[168.13054,-15.26474],[168.13014,-15.15765],[168.12062,-15.13494],[168.09645,-14.9804],[168.09816,-14.97259]]],[[[167.52508,-14.14332],[167.58644,-14.17246],[167.59539,-14.17938],[167.60304,-14.18906],[167.59645,-14.24179],[167.59344,-14.25042],[167.58774,-14.25652],[167.56202,-14.29892],[167.54802,-14.31308],[167.53712,-14.31894],[167.52613,-14.31992],[167.45899,-14.31439],[167.44532,-14.31943],[167.43092,-14.31845],[167.41863,-14.31341],[167.40846,-14.30771],[167.40122,-14.30511],[167.39682,-14.29957],[167.40105,-14.28753],[167.41114,-14.26784],[167.40504,-14.21299],[167.40748,-14.19492],[167.41424,-14.18621],[167.42408,-14.1806],[167.44793,-14.16139],[167.45509,-14.16009],[167.46388,-14.16188],[167.48072,-14.16107],[167.48951,-14.15691],[167.50489,-14.14365],[167.5149,-14.14056],[167.52508,-14.14332]]],[[[167.45216,-13.89788],[167.44842,-13.88502],[167.43824,-13.87444],[167.41871,-13.86004],[167.39503,-13.82497],[167.38917,-13.80429],[167.3908,-13.77752],[167.39861,-13.75604],[167.41228,-13.73952],[167.43051,-13.72674],[167.47381,-13.70843],[167.48894,-13.70818],[167.5031,-13.71689],[167.52101,-13.7365],[167.54965,-13.78948],[167.56202,-13.79803],[167.54957,-13.81406],[167.54217,-13.81854],[167.54859,-13.83278],[167.55681,-13.83807],[167.56617,-13.84051],[167.57569,-13.84637],[167.58107,-13.84873],[167.5857,-13.84759],[167.58872,-13.8484],[167.59002,-13.85662],[167.58717,-13.86053],[167.58107,-13.86028],[167.57374,-13.85906],[167.56813,-13.86004],[167.55177,-13.87184],[167.5337,-13.88047],[167.51246,-13.88551],[167.48699,-13.88738],[167.49041,-13.89023],[167.49366,-13.89186],[167.49342,-13.89495],[167.48699,-13.90106],[167.49855,-13.92449],[167.48487,-13.94215],[167.46388,-13.94394],[167.45281,-13.91863],[167.45216,-13.89788]]],[[[166.9252,-11.6549],[166.92402,-11.67429],[166.97845,-11.67049],[166.98415,-11.70986],[166.90928,-11.71494],[166.88824,-11.71742],[166.87152,-11.71687],[166.84302,-11.71332],[166.82811,-11.69335],[166.81617,-11.68231],[166.8025,-11.67718],[166.79708,-11.66979],[166.77968,-11.64862],[166.76725,-11.63349],[166.7672,-11.61712],[166.77523,-11.60679],[166.78513,-11.60132],[166.80553,-11.59157],[166.82411,-11.59153],[166.84701,-11.59268],[166.86988,-11.58896],[166.89345,-11.59378],[166.93556,-11.60881],[166.92392,-11.64097],[166.9252,-11.6549]]],[[[166.13702,-10.70532],[166.13299,-10.72479],[166.09569,-10.73923],[166.08372,-10.74984],[166.06539,-10.75829],[166.0545,-10.76673],[166.035,-10.76539],[166.02817,-10.76727],[166.00238,-10.75722],[165.98978,-10.76681],[165.9808,-10.77337],[165.96957,-10.7702],[165.93422,-10.77574],[165.8918,-10.82411],[165.86196,-10.86854],[165.84936,-10.85615],[165.85239,-10.82862],[165.84042,-10.81457],[165.82837,-10.8123],[165.80008,-10.83754],[165.77024,-10.83582],[165.75647,-10.81216],[165.75363,-10.77274],[165.75303,-10.75189],[165.77215,-10.7385],[165.78117,-10.7249],[165.79263,-10.70914],[165.80181,-10.70859],[165.79742,-10.74306],[165.81217,-10.75932],[165.82195,-10.76216],[165.82709,-10.74921],[165.82821,-10.73399],[165.83122,-10.70765],[165.84784,-10.68461],[165.87806,-10.65685],[165.92334,-10.65354],[165.99453,-10.66114],[166.02666,-10.64702],[166.06117,-10.65403],[166.07814,-10.66302],[166.0809,-10.66766],[166.08497,-10.67205],[166.11467,-10.66816],[166.14276,-10.66925],[166.1479,-10.69405],[166.13702,-10.70532]]],[[[179.99898,-16.96461],[179.9922,-16.97503],[179.98121,-16.98431],[179.96681,-16.99334],[179.95395,-16.99879],[179.94109,-17.00189],[179.92872,-17.00213],[179.91749,-16.99879],[179.91245,-16.98301],[179.89422,-16.96746],[179.89015,-16.95387],[179.89527,-16.93914],[179.90724,-16.92702],[179.93116,-16.90944],[179.9673,-16.85833],[179.97299,-16.84482],[179.97755,-16.82822],[179.99921,-16.78685],[180.0,-16.78535],[180.0,-16.96278],[179.99898,-16.96461]]]]}},{"type":"Feature","properties":{},"geometry":{"type":"MultiPolygon","coordinates":[[[[179.20004,-8.52955],[179.20411,-8.51898],[179.20232,-8.5097],[179.19809,-8.49782],[179.19752,-8.48154],[179.19939,-8.46063],[179.20639,-8.47405],[179.2072,-8.49847],[179.21551,-8.51133],[179.21754,-8.5206],[179.20973,-8.52996],[179.19125,-8.54209],[179.20004,-8.52955]]],[[[178.3733,-8.06902],[178.3755,-8.05608],[178.38315,-8.03924],[178.39064,-8.02654],[178.38054,-8.07],[178.3733,-8.06902]]],[[[179.44988,-17.31609],[179.44337,-17.33864],[179.43287,-17.35833],[179.41782,-17.37566],[179.39088,-17.39625],[179.38347,-17.39056],[179.38347,-17.33123],[179.38136,-17.3152],[179.37631,-17.30055],[179.36883,-17.2868],[179.37208,-17.27337],[179.37135,-17.25986],[179.37867,-17.24944],[179.41969,-17.24375],[179.42921,-17.24114],[179.43784,-17.24179],[179.44825,-17.24912],[179.44809,-17.25514],[179.45191,-17.2903],[179.44988,-17.31609]]],[[[177.27589,-17.07415],[177.28582,-17.04664],[177.29225,-17.05853],[177.29265,-17.07236],[177.28785,-17.08522],[177.27955,-17.09441],[177.27174,-17.11273],[177.24171,-17.13275],[177.23805,-17.1491],[177.23365,-17.14568],[177.23032,-17.14381],[177.22739,-17.14121],[177.22429,-17.13543],[177.21461,-17.14129],[177.20753,-17.14821],[177.20379,-17.15732],[177.20379,-17.16961],[177.17595,-17.16334],[177.17595,-17.15594],[177.18678,-17.15635],[177.1902,-17.15594],[177.18637,-17.14625],[177.18442,-17.13258],[177.18605,-17.12029],[177.19361,-17.11492],[177.20248,-17.11102],[177.20623,-17.1015],[177.20777,-17.09026],[177.21119,-17.08082],[177.21827,-17.07383],[177.24057,-17.05682],[177.24855,-17.05348],[177.24969,-17.05771],[177.2614,-17.07594],[177.26588,-17.08082],[177.27215,-17.08082],[177.27589,-17.07415]]],[[[177.12908,-12.50164],[177.11362,-12.51141],[177.09108,-12.51637],[177.07342,-12.51686],[177.05958,-12.51198],[177.04363,-12.50848],[177.02711,-12.50726],[177.01149,-12.50945],[177.0066,-12.49472],[177.00587,-12.48952],[177.02084,-12.49358],[177.03297,-12.49139],[177.05974,-12.47527],[177.07521,-12.48065],[177.11118,-12.48065],[177.12477,-12.4861],[177.12908,-12.50164]]],[[[174.59685,-21.69842],[174.58888,-21.68157],[174.594,-21.66872],[174.61411,-21.66823],[174.62664,-21.67653],[174.6312,-21.68963],[174.62778,-21.70257],[174.6159,-21.71111],[174.59685,-21.69842]]],[[[178.66798,-7.46364],[178.66521,-7.45403],[178.68832,-7.47438],[178.69109,-7.47536],[178.69337,-7.48398],[178.6941,-7.49383],[178.69142,-7.49863],[178.68279,-7.49147],[178.66798,-7.46364]]],[[[179.99922,-16.54145],[179.99252,-16.54315],[179.98748,-16.54241],[179.98455,-16.53826],[179.98439,-16.53021],[179.98715,-16.51832],[179.99915,-16.49133],[180.0,-16.48952],[180.0,-16.54127],[179.99922,-16.54145]]],[[[166.2671,-10.26426],[166.27996,-10.27304],[166.27003,-10.29192],[166.25148,-10.30918],[166.23732,-10.31113],[166.23609,-10.29656],[166.23805,-10.28346],[166.23146,-10.28289],[166.22869,-10.27606],[166.23585,-10.2553],[166.23927,-10.23431],[166.23854,-10.21502],[166.24252,-10.2208],[166.24244,-10.26898],[166.24903,-10.2667],[166.25245,-10.26491],[166.2671,-10.26426]]]]}},{"type":"Feature","properties":{},"geometry":{"type":"MultiPolygon","coordinates":[[[[167.03175,-22.24668],[167.02556,-22.24814],[167.01832,-22.24847],[167.01344,-22.25482],[167.0158,-22.26116],[167.02215,-22.26824],[167.02711,-22.27646],[167.02394,-22.28558],[167.02052,-22.29217],[167.01344,-22.31634],[167.00587,-22.32977],[167.00074,-22.33668],[166.99342,-22.34433],[166.99155,-22.33953],[166.98854,-22.33506],[166.98268,-22.33758],[166.97755,-22.34246],[166.96559,-22.34726],[166.96079,-22.35076],[166.96192,-22.35589],[166.96616,-22.36468],[166.93458,-22.38844],[166.9157,-22.3956],[166.89096,-22.39202],[166.91163,-22.38502],[166.91969,-22.38006],[166.9253,-22.37086],[166.90984,-22.37127],[166.90309,-22.3733],[166.89527,-22.36492],[166.88982,-22.35198],[166.8816,-22.33766],[166.87745,-22.33367],[166.87428,-22.32204],[166.86793,-22.32928],[166.86183,-22.34303],[166.86004,-22.35052],[166.85182,-22.34645],[166.84653,-22.33709],[166.84181,-22.32586],[166.83579,-22.31634],[166.84018,-22.31512],[166.84946,-22.31015],[166.84034,-22.29795],[166.83139,-22.30088],[166.82472,-22.31422],[166.82097,-22.34303],[166.81918,-22.34808],[166.81886,-22.35361],[166.82228,-22.36468],[166.82504,-22.36598],[166.84327,-22.37835],[166.83229,-22.38079],[166.81853,-22.37859],[166.80665,-22.37518],[166.80177,-22.37469],[166.79908,-22.37982],[166.79274,-22.38551],[166.78484,-22.39007],[166.77768,-22.39202],[166.75261,-22.38665],[166.73927,-22.37428],[166.74057,-22.36045],[166.76002,-22.35052],[166.76002,-22.34433],[166.74195,-22.34612],[166.71998,-22.34385],[166.70607,-22.33473],[166.71225,-22.31634],[166.70558,-22.31015],[166.6906,-22.31512],[166.66749,-22.30722],[166.64649,-22.29274],[166.63722,-22.27874],[166.63282,-22.27695],[166.61004,-22.28631],[166.59962,-22.289],[166.59164,-22.2872],[166.56658,-22.27711],[166.55795,-22.27191],[166.55445,-22.26214],[166.56121,-22.25652],[166.56568,-22.25066],[166.55454,-22.24066],[166.54558,-22.23756],[166.51629,-22.23358],[166.5062,-22.23447],[166.49513,-22.24912],[166.48829,-22.27142],[166.47836,-22.2872],[166.45851,-22.28216],[166.45826,-22.28623],[166.45777,-22.28802],[166.45607,-22.28867],[166.45232,-22.289],[166.46013,-22.30771],[166.44988,-22.31243],[166.4367,-22.30804],[166.43474,-22.29925],[166.43767,-22.29062],[166.4393,-22.26523],[166.44606,-22.25482],[166.44606,-22.24814],[166.43141,-22.24896],[166.41814,-22.2457],[166.40675,-22.23838],[166.39763,-22.22682],[166.43002,-22.22812],[166.4441,-22.22438],[166.45232,-22.21396],[166.43426,-22.21299],[166.42823,-22.20428],[166.43181,-22.1723],[166.42189,-22.17303],[166.40024,-22.16969],[166.39088,-22.1723],[166.38754,-22.17816],[166.38331,-22.19638],[166.38054,-22.20029],[166.36793,-22.20208],[166.36305,-22.20713],[166.36012,-22.21453],[166.35328,-22.22381],[166.344,-22.22747],[166.33937,-22.22137],[166.34099,-22.21063],[166.34986,-22.20029],[166.33961,-22.19443],[166.31511,-22.1723],[166.31511,-22.16611],[166.32154,-22.16277],[166.32488,-22.15911],[166.32683,-22.1535],[166.32814,-22.14495],[166.32195,-22.14495],[166.31202,-22.15472],[166.2859,-22.14935],[166.28777,-22.15862],[166.26873,-22.16579],[166.25213,-22.15993],[166.23618,-22.15179],[166.21876,-22.15179],[166.21795,-22.13275],[166.20883,-22.11777],[166.19532,-22.10768],[166.18133,-22.1041],[166.16896,-22.09759],[166.15748,-22.08668],[166.14527,-22.08457],[166.13014,-22.1041],[166.11931,-22.09808],[166.1089,-22.09043],[166.11354,-22.08522],[166.1159,-22.07985],[166.11655,-22.07269],[166.11647,-22.06243],[166.12273,-22.06243],[166.13111,-22.07147],[166.1421,-22.07586],[166.1504,-22.07195],[166.15065,-22.05625],[166.14454,-22.04656],[166.12501,-22.03851],[166.11647,-22.02842],[166.14373,-22.02858],[166.15504,-22.03069],[166.16432,-22.03509],[166.16334,-22.02459],[166.15895,-22.01832],[166.15122,-22.01539],[166.14039,-22.01474],[166.13526,-22.00856],[166.13689,-21.99554],[166.14096,-21.98358],[166.14381,-21.98056],[166.13575,-21.95827],[166.12306,-21.94883],[166.08855,-21.9389],[166.07643,-21.9459],[166.07,-21.94305],[166.0713,-21.93483],[166.08229,-21.92523],[166.07179,-21.92051],[166.06446,-21.91302],[166.06072,-21.90325],[166.06121,-21.89121],[166.04558,-21.90065],[166.03989,-21.90993],[166.04078,-21.93548],[166.03614,-21.94158],[166.02556,-21.9415],[166.01401,-21.93939],[166.0066,-21.9389],[166.01043,-21.94378],[166.00961,-21.95582],[166.00318,-21.96396],[165.98951,-21.95631],[165.97511,-21.93768],[165.96599,-21.92889],[165.93491,-21.91774],[165.91432,-21.88494],[165.89991,-21.87754],[165.89308,-21.87575],[165.88551,-21.87135],[165.87281,-21.86102],[165.86671,-21.85784],[165.86158,-21.85963],[165.85621,-21.86321],[165.84962,-21.86443],[165.82057,-21.86395],[165.81088,-21.85858],[165.8086,-21.84336],[165.8296,-21.85215],[165.82293,-21.84222],[165.79493,-21.81666],[165.79493,-21.80885],[165.79916,-21.79957],[165.8003,-21.79209],[165.79127,-21.78875],[165.78077,-21.79111],[165.77662,-21.79713],[165.77711,-21.80608],[165.78077,-21.81666],[165.76401,-21.81121],[165.76059,-21.7999],[165.76197,-21.78509],[165.75953,-21.76881],[165.75115,-21.75872],[165.74073,-21.75026],[165.73292,-21.73895],[165.73292,-21.71982],[165.72535,-21.71982],[165.7173,-21.73553],[165.70688,-21.7483],[165.69386,-21.75742],[165.67774,-21.76141],[165.67856,-21.7409],[165.6775,-21.72942],[165.66993,-21.72527],[165.65089,-21.72674],[165.65024,-21.72894],[165.65065,-21.73366],[165.64942,-21.73846],[165.6434,-21.7409],[165.63795,-21.74017],[165.50457,-21.67816],[165.47389,-21.65179],[165.48585,-21.63104],[165.48585,-21.62363],[165.47153,-21.62851],[165.46315,-21.62591],[165.46461,-21.62054],[165.47901,-21.61688],[165.46315,-21.60565],[165.44654,-21.60931],[165.42986,-21.61858],[165.41342,-21.62363],[165.39601,-21.62054],[165.29078,-21.57676],[165.27703,-21.56618],[165.26881,-21.55267],[165.25953,-21.52117],[165.25685,-21.51507],[165.23797,-21.51295],[165.2256,-21.50709],[165.19776,-21.48707],[165.18971,-21.48504],[165.18067,-21.4848],[165.17351,-21.48301],[165.17058,-21.4765],[165.15699,-21.46217],[165.15382,-21.45973],[165.11655,-21.39772],[165.11476,-21.38836],[165.11801,-21.3834],[165.1185,-21.37884],[165.11166,-21.37314],[165.10914,-21.37103],[165.10222,-21.37119],[165.09327,-21.37444],[165.08709,-21.37762],[165.0879,-21.37721],[165.08448,-21.39137],[165.07569,-21.39609],[165.06666,-21.39121],[165.06186,-21.37721],[165.05437,-21.3834],[165.04664,-21.38836],[165.03785,-21.38942],[165.02662,-21.38397],[165.04542,-21.36468],[165.04314,-21.34808],[165.02752,-21.33913],[165.00554,-21.34303],[165.01393,-21.32806],[165.00929,-21.31805],[164.98552,-21.30202],[164.97657,-21.31552],[164.97967,-21.3366],[164.97193,-21.34987],[164.96119,-21.35605],[164.95143,-21.35377],[164.94337,-21.34629],[164.93775,-21.33563],[164.94174,-21.32773],[164.94239,-21.31911],[164.94565,-21.31048],[164.95143,-21.30202],[164.94386,-21.29339],[164.93678,-21.29127],[164.92921,-21.29022],[164.92042,-21.28509],[164.91481,-21.27874],[164.90797,-21.26735],[164.83416,-21.18328],[164.82927,-21.16953],[164.82781,-21.14813],[164.82846,-21.13242],[164.82716,-21.11468],[164.81918,-21.1041],[164.80006,-21.11028],[164.80128,-21.09726],[164.80291,-21.09417],[164.80738,-21.08978],[164.80738,-21.08229],[164.80079,-21.08221],[164.79607,-21.08066],[164.78639,-21.07627],[164.79225,-21.06854],[164.79103,-21.06439],[164.78395,-21.06439],[164.77272,-21.06943],[164.77027,-21.08099],[164.75896,-21.08245],[164.74977,-21.0748],[164.74594,-21.05918],[164.73959,-21.05836],[164.72731,-21.06024],[164.71925,-21.06585],[164.72543,-21.07627],[164.719,-21.08343],[164.71176,-21.08978],[164.69337,-21.0429],[164.68067,-21.0237],[164.66407,-21.01409],[164.68328,-21.00115],[164.67457,-20.99261],[164.65358,-20.98447],[164.63673,-20.97243],[164.65252,-20.97112],[164.66082,-20.96478],[164.66188,-20.95566],[164.65659,-20.9459],[164.64422,-20.93914],[164.63136,-20.93776],[164.62281,-20.93353],[164.62241,-20.9179],[164.61622,-20.9179],[164.6006,-20.92767],[164.58497,-20.92059],[164.56105,-20.89804],[164.55055,-20.89528],[164.53004,-20.89471],[164.51938,-20.89056],[164.51515,-20.88535],[164.50261,-20.86321],[164.48032,-20.85914],[164.46241,-20.84857],[164.41879,-20.80625],[164.38893,-20.78737],[164.3755,-20.77402],[164.36557,-20.75807],[164.37208,-20.75726],[164.38689,-20.7597],[164.40268,-20.75408],[164.41041,-20.73846],[164.40431,-20.72536],[164.38966,-20.7164],[164.37208,-20.71307],[164.35719,-20.70233],[164.33513,-20.65545],[164.31674,-20.64479],[164.28663,-20.57586],[164.28102,-20.57952],[164.27638,-20.5805],[164.27174,-20.58115],[164.26612,-20.5827],[164.25603,-20.56504],[164.19256,-20.52581],[164.17742,-20.504],[164.16586,-20.46307],[164.16375,-20.44899],[164.1587,-20.43255],[164.14698,-20.42506],[164.13347,-20.4201],[164.12338,-20.41082],[164.11866,-20.39031],[164.13014,-20.38812],[164.15699,-20.39715],[164.16651,-20.38665],[164.17042,-20.36972],[164.17058,-20.33913],[164.16651,-20.33213],[164.15626,-20.31902],[164.14381,-20.30657],[164.1325,-20.30096],[164.08546,-20.29876],[164.07374,-20.29412],[164.08041,-20.28094],[164.08123,-20.26784],[164.07488,-20.26116],[164.06072,-20.26678],[164.06495,-20.27679],[164.05934,-20.28802],[164.04949,-20.29713],[164.04021,-20.30096],[164.0254,-20.29705],[164.02076,-20.28777],[164.01808,-20.2785],[164.00953,-20.27418],[164.0,-20.26776],[164.0,-20.24325],[164.01661,-20.23105],[164.04713,-20.23943],[164.05641,-20.22763],[164.0525,-20.21551],[164.03346,-20.19232],[164.04518,-20.1876],[164.0525,-20.17783],[164.05372,-20.16497],[164.04713,-20.15146],[164.03224,-20.14031],[164.02027,-20.14235],[164.00766,-20.14886],[164.0,-20.15013],[164.0,-20.13581],[164.00034,-20.13535],[164.00554,-20.12347],[164.0,-20.12172],[164.0,-20.08414],[164.01352,-20.0831],[164.03224,-20.09385],[164.05177,-20.10931],[164.06739,-20.12607],[164.0774,-20.14983],[164.08676,-20.15545],[164.10914,-20.16497],[164.18295,-20.24733],[164.19793,-20.26051],[164.24431,-20.28533],[164.26433,-20.28867],[164.28663,-20.28102],[164.29282,-20.28102],[164.30592,-20.30877],[164.31658,-20.31911],[164.33448,-20.32147],[164.32545,-20.30918],[164.31088,-20.27516],[164.30437,-20.24277],[164.30649,-20.23504],[164.31577,-20.2348],[164.49562,-20.30023],[164.52752,-20.32659],[164.58082,-20.39088],[164.59523,-20.40358],[164.61524,-20.41709],[164.63624,-20.4275],[164.65349,-20.43182],[164.68458,-20.45859],[164.69483,-20.46307],[164.72543,-20.47283],[164.73976,-20.48553],[164.76775,-20.52077],[164.78321,-20.52809],[164.79176,-20.53509],[164.82781,-20.5827],[164.87965,-20.62656],[164.88941,-20.62737],[164.91977,-20.64511],[164.93523,-20.65911],[164.93035,-20.67213],[164.94793,-20.68369],[164.98854,-20.68532],[165.00554,-20.6994],[165.02442,-20.70574],[165.06153,-20.73406],[165.16717,-20.75408],[165.17018,-20.75604],[165.17823,-20.76531],[165.18409,-20.76824],[165.18751,-20.76702],[165.19256,-20.7636],[165.19858,-20.76051],[165.20525,-20.76019],[165.21754,-20.76442],[165.22202,-20.768],[165.22511,-20.77288],[165.23268,-20.78069],[165.25685,-20.80006],[165.26441,-20.81325],[165.25994,-20.82855],[165.27003,-20.86956],[165.28045,-20.88388],[165.29558,-20.89422],[165.31105,-20.9026],[165.32325,-20.91277],[165.3283,-20.9284],[165.33668,-20.93157],[165.38966,-20.93841],[165.40773,-20.94394],[165.4131,-20.94915],[165.40886,-20.98252],[165.40252,-21.00506],[165.39991,-21.011],[165.39552,-21.01824],[165.39715,-21.02483],[165.40113,-21.03135],[165.40333,-21.03826],[165.40675,-21.05543],[165.41505,-21.06634],[165.44809,-21.08953],[165.47625,-21.10377],[165.48927,-21.1137],[165.50221,-21.12713],[165.50978,-21.12998],[165.53566,-21.13152],[165.54298,-21.1347],[165.54493,-21.14121],[165.54103,-21.15195],[165.54689,-21.14967],[165.54949,-21.14918],[165.55128,-21.14813],[165.55486,-21.14446],[165.58546,-21.16839],[165.59864,-21.18174],[165.60255,-21.19215],[165.60776,-21.19541],[165.61052,-21.19834],[165.61541,-21.20648],[165.59864,-21.20623],[165.58326,-21.20233],[165.56886,-21.19549],[165.55486,-21.18613],[165.55926,-21.19557],[165.56861,-21.20696],[165.58058,-21.21624],[165.5923,-21.22015],[165.60255,-21.2265],[165.61012,-21.24114],[165.61647,-21.25726],[165.62306,-21.268],[165.64625,-21.2776],[165.70655,-21.29217],[165.72535,-21.3095],[165.75441,-21.30234],[165.78126,-21.31618],[165.80112,-21.34026],[165.8086,-21.36354],[165.82618,-21.35963],[165.83668,-21.40203],[165.85629,-21.41872],[165.84588,-21.39886],[165.8449,-21.39137],[165.84962,-21.38397],[165.85873,-21.37884],[165.86817,-21.37916],[165.8768,-21.38543],[165.88364,-21.39772],[165.88917,-21.38885],[165.89039,-21.37802],[165.8864,-21.36679],[165.87615,-21.3567],[165.89405,-21.3611],[165.90838,-21.37802],[165.94313,-21.43873],[165.94988,-21.45574],[165.94532,-21.46429],[165.92408,-21.45973],[165.93133,-21.47015],[165.97234,-21.49383],[165.96648,-21.50302],[165.97446,-21.504],[165.98666,-21.50075],[165.99293,-21.49725],[165.99041,-21.48447],[165.98455,-21.47503],[165.97771,-21.46738],[165.97234,-21.45973],[165.96404,-21.4358],[165.96192,-21.41741],[165.96941,-21.41041],[165.98951,-21.42156],[166.02027,-21.45289],[166.03061,-21.45566],[166.05543,-21.45859],[166.06463,-21.46315],[166.06674,-21.4699],[166.05974,-21.47308],[166.05104,-21.47536],[166.04819,-21.47967],[166.0525,-21.48398],[166.05926,-21.48594],[166.06804,-21.48707],[166.07049,-21.49765],[166.07228,-21.51621],[166.07488,-21.52801],[166.09799,-21.51735],[166.11647,-21.51727],[166.13315,-21.52597],[166.18474,-21.56959],[166.19093,-21.57269],[166.20411,-21.5761],[166.20883,-21.57952],[166.21876,-21.59694],[166.25392,-21.61875],[166.29103,-21.63543],[166.37037,-21.65895],[166.37037,-21.66522],[166.34246,-21.66522],[166.34246,-21.67205],[166.34962,-21.67653],[166.35182,-21.68231],[166.35304,-21.68825],[166.3567,-21.69313],[166.36329,-21.69598],[166.37696,-21.69704],[166.41131,-21.7055],[166.42555,-21.71233],[166.43702,-21.73154],[166.47584,-21.7584],[166.48024,-21.76539],[166.48365,-21.78346],[166.48976,-21.79217],[166.49578,-21.79608],[166.51368,-21.80299],[166.5062,-21.80926],[166.52914,-21.82789],[166.57342,-21.87493],[166.59254,-21.88437],[166.61061,-21.89764],[166.63746,-21.92344],[166.66139,-21.93963],[166.67123,-21.92523],[166.70607,-21.94801],[166.71909,-21.95257],[166.71909,-21.96006],[166.71144,-21.96494],[166.7033,-21.96868],[166.69451,-21.97137],[166.68507,-21.97308],[166.68507,-21.98056],[166.69321,-21.98406],[166.7225,-21.98056],[166.73552,-21.98317],[166.7461,-21.98805],[166.75424,-21.99082],[166.76002,-21.98675],[166.76734,-22.00482],[166.77833,-22.01458],[166.7942,-22.01914],[166.81544,-22.02158],[166.87371,-22.03509],[166.88795,-22.04258],[166.93881,-22.07985],[166.94825,-22.09205],[166.95932,-22.11094],[166.96079,-22.11924],[166.95932,-22.14495],[166.95525,-22.15065],[166.94825,-22.15781],[166.94801,-22.16367],[166.96274,-22.16611],[166.97153,-22.17018],[166.97975,-22.18011],[166.99342,-22.20029],[167.02882,-22.22682],[167.03443,-22.23748],[167.03175,-22.24668]]],[[[167.10271,-15.58001],[167.09409,-15.58636],[167.0857,-15.59051],[167.07643,-15.59287],[167.0652,-15.59368],[167.05323,-15.59189],[167.03639,-15.58318],[167.02711,-15.58001],[166.98911,-15.57562],[166.9463,-15.57676],[166.90797,-15.58636],[166.88347,-15.60801],[166.89324,-15.61777],[166.8851,-15.61891],[166.86378,-15.61484],[166.85141,-15.62265],[166.84645,-15.63095],[166.84295,-15.63974],[166.83579,-15.64886],[166.8156,-15.6583],[166.79314,-15.65635],[166.77149,-15.6452],[166.75392,-15.6277],[166.76645,-15.60882],[166.76677,-15.58392],[166.7562,-15.56243],[166.72169,-15.5473],[166.7072,-15.53281],[166.68507,-15.49814],[166.67408,-15.46803],[166.66782,-15.46014],[166.64137,-15.43475],[166.63722,-15.42571],[166.63404,-15.41318],[166.6194,-15.39463],[166.61606,-15.38502],[166.61834,-15.37607],[166.62761,-15.35565],[166.63282,-15.32635],[166.64617,-15.28558],[166.65008,-15.26474],[166.64918,-15.21836],[166.64381,-15.19525],[166.6198,-15.16155],[166.61394,-15.14186],[166.60987,-15.10027],[166.59962,-15.06211],[166.60035,-15.04844],[166.60987,-15.03191],[166.59262,-15.0263],[166.58204,-15.01141],[166.57667,-14.99228],[166.57521,-14.97357],[166.57081,-14.95623],[166.54933,-14.92506],[166.54103,-14.90838],[166.52263,-14.83213],[166.52394,-14.81585],[166.5311,-14.79949],[166.53468,-14.77532],[166.5337,-14.75164],[166.52735,-14.73707],[166.55454,-14.68239],[166.55258,-14.65765],[166.55616,-14.64593],[166.58766,-14.63641],[166.59376,-14.62859],[166.5984,-14.62526],[166.60987,-14.6347],[166.61394,-14.64284],[166.62371,-14.66937],[166.62672,-14.67498],[166.63502,-14.67946],[166.64031,-14.69004],[166.64324,-14.70257],[166.64405,-14.71315],[166.64796,-14.71502],[166.67123,-14.74391],[166.68002,-14.76849],[166.68621,-14.77996],[166.70639,-14.78973],[166.74708,-14.81959],[166.73732,-14.82952],[166.74195,-14.85272],[166.76002,-14.90154],[166.76987,-14.94793],[166.77426,-14.99774],[166.77296,-15.0097],[166.77809,-15.01629],[166.78468,-15.02142],[166.7881,-15.0285],[166.80177,-15.15228],[166.81316,-15.16041],[166.83888,-15.1609],[166.88347,-15.15602],[166.90919,-15.15691],[166.91977,-15.15594],[166.92612,-15.14813],[166.93881,-15.12811],[166.94695,-15.11989],[166.9559,-15.11297],[166.96323,-15.10418],[166.96616,-15.09026],[166.97193,-14.97991],[166.9699,-14.96705],[166.96453,-14.95135],[166.97592,-14.93727],[166.99391,-14.92685],[167.00766,-14.92205],[167.08286,-14.92889],[167.08286,-14.93629],[167.06471,-14.93922],[167.05616,-14.94769],[167.05405,-14.96038],[167.05681,-15.00205],[167.05291,-15.0123],[167.04127,-15.02508],[167.05787,-15.02695],[167.06463,-15.03883],[167.06861,-15.07293],[167.0857,-15.122],[167.08912,-15.14121],[167.11329,-15.1242],[167.12574,-15.12135],[167.14422,-15.12811],[167.13941,-15.14642],[167.1574,-15.22682],[167.1526,-15.24277],[167.14422,-15.24635],[167.1408,-15.24977],[167.15113,-15.26474],[167.15561,-15.26719],[167.17164,-15.27288],[167.17848,-15.27776],[167.18214,-15.2833],[167.19174,-15.3056],[167.18946,-15.32464],[167.18507,-15.341],[167.17888,-15.34661],[167.17164,-15.33294],[167.16481,-15.33294],[167.17172,-15.36639],[167.18946,-15.41717],[167.2129,-15.46356],[167.23683,-15.48382],[167.24537,-15.48805],[167.24724,-15.49822],[167.24464,-15.50954],[167.24057,-15.51784],[167.23341,-15.52361],[167.22755,-15.52304],[167.22039,-15.51979],[167.20916,-15.51784],[167.17172,-15.51784],[167.1574,-15.52288],[167.14064,-15.53558],[167.10271,-15.58001]]]]}},{"type":"Feature","properties":{},"geometry":{"type":"MultiPolygon","coordinates":[[[[179.4992,-10.76808],[179.50465,-10.76914],[179.5031,-10.77207],[179.4992,-10.76808]]],[[[165.7995,-10.65391],[165.80696,-10.6511],[165.82303,-10.66241],[165.82708,-10.67485],[165.81688,-10.69298],[165.80929,-10.69735],[165.79437,-10.69844],[165.78002,-10.7018],[165.78175,-10.69617],[165.79151,-10.68605],[165.7961,-10.67592],[165.79549,-10.66743],[165.7995,-10.65391]]],[[[178.42685,-7.97446],[178.42888,-7.97047],[178.4297,-7.97332],[178.42685,-7.97446]]],[[[177.16961,-7.28997],[177.17156,-7.29127],[177.16684,-7.29656],[177.16171,-7.29404],[177.16456,-7.2903],[177.16961,-7.28997]]],[[[172.05934,-22.3978],[172.05723,-22.40017],[172.05433,-22.39727],[172.05644,-22.39463],[172.05934,-22.3978]]],[[[171.34377,-22.34634],[171.34192,-22.34924],[171.33902,-22.34766],[171.3406,-22.34476],[171.34377,-22.34634]]]]}},{"type":"Feature","properties":{},"geometry":{"type":"MultiPolygon","coordinates":[[[[168.14422,-21.45273],[168.14373,-21.4887],[168.13649,-21.52728],[168.12379,-21.55535],[168.12908,-21.60133],[168.1268,-21.62225],[168.11411,-21.63104],[168.1019,-21.63299],[168.06422,-21.643],[168.03541,-21.65846],[167.99293,-21.65496],[167.95818,-21.63844],[167.95997,-21.61061],[167.93898,-21.60166],[167.91261,-21.59564],[167.88575,-21.59539],[167.86362,-21.60369],[167.86118,-21.60068],[167.85922,-21.59734],[167.85776,-21.59385],[167.85678,-21.58953],[167.86744,-21.58278],[167.87989,-21.57269],[167.8895,-21.55901],[167.89161,-21.54168],[167.8864,-21.53346],[167.86394,-21.51067],[167.85678,-21.50075],[167.85084,-21.48284],[167.84791,-21.45623],[167.84392,-21.43922],[167.83611,-21.42262],[167.80844,-21.38397],[167.82301,-21.37705],[167.83595,-21.37428],[167.84881,-21.37477],[167.86362,-21.37721],[167.88917,-21.3886],[167.90496,-21.39275],[167.92221,-21.37819],[167.9878,-21.33563],[167.99041,-21.34873],[167.97193,-21.37526],[167.96664,-21.3943],[167.97193,-21.41123],[167.98365,-21.42938],[167.99733,-21.44459],[168.00766,-21.45289],[168.03875,-21.45973],[168.07447,-21.45574],[168.10922,-21.445],[168.13746,-21.43182],[168.14422,-21.45273]]],[[[167.44483,-21.0368],[167.45948,-21.05088],[167.46469,-21.06365],[167.43181,-21.07488],[167.4253,-21.08913],[167.42547,-21.12737],[167.42335,-21.14756],[167.417,-21.16009],[167.4061,-21.16904],[167.3908,-21.17864],[167.37387,-21.17181],[167.35108,-21.17181],[167.33107,-21.16416],[167.32244,-21.13421],[167.31495,-21.12957],[167.29859,-21.12737],[167.28207,-21.12347],[167.27467,-21.1137],[167.27296,-21.09694],[167.26759,-21.09149],[167.17604,-21.08221],[167.14633,-21.07301],[167.12013,-21.05193],[167.09645,-21.02776],[167.09392,-21.02077],[167.0923,-21.01165],[167.08839,-21.00384],[167.06739,-20.99635],[167.06153,-20.98626],[167.06202,-20.97308],[167.06861,-20.95957],[167.02849,-20.92539],[167.02084,-20.91172],[167.0822,-20.91619],[167.10271,-20.91172],[167.12159,-20.90154],[167.13347,-20.89007],[167.15113,-20.86321],[167.18116,-20.82985],[167.19093,-20.80999],[167.18531,-20.78818],[167.17286,-20.78143],[167.12013,-20.76019],[167.04444,-20.76824],[167.04249,-20.75856],[167.04705,-20.73724],[167.05885,-20.716],[167.07911,-20.70623],[167.11313,-20.7011],[167.12013,-20.70281],[167.12696,-20.70867],[167.13429,-20.71168],[167.14308,-20.71299],[167.15431,-20.71307],[167.16432,-20.71014],[167.17189,-20.70257],[167.17677,-20.69256],[167.17848,-20.68206],[167.21258,-20.67213],[167.28777,-20.71152],[167.30128,-20.71307],[167.30828,-20.73089],[167.30047,-20.74814],[167.28793,-20.76556],[167.2815,-20.78444],[167.28224,-20.79632],[167.28834,-20.82236],[167.30128,-20.8497],[167.29754,-20.86224],[167.28435,-20.88226],[167.2815,-20.8943],[167.28468,-20.90179],[167.29249,-20.90569],[167.3025,-20.90911],[167.31227,-20.91481],[167.32252,-20.92376],[167.33107,-20.92946],[167.3567,-20.93841],[167.36842,-20.93955],[167.37818,-20.93906],[167.38551,-20.94166],[167.3908,-20.95273],[167.39438,-20.9577],[167.4004,-20.96795],[167.40504,-20.97243],[167.39389,-20.98992],[167.39039,-20.99944],[167.3908,-21.00791],[167.39918,-21.01922],[167.40984,-21.02321],[167.4214,-21.02451],[167.4323,-21.02776],[167.44483,-21.0368]]],[[[169.32781,-18.96038],[169.30787,-18.97283],[169.28696,-18.98235],[169.27508,-18.99928],[169.25489,-18.9848],[169.16651,-18.93922],[169.15447,-18.93621],[169.14226,-18.94134],[169.13413,-18.94085],[169.10279,-18.93222],[169.09392,-18.92799],[169.08351,-18.91863],[169.05926,-18.90195],[169.04249,-18.89414],[168.98732,-18.87656],[168.98552,-18.85963],[169.00196,-18.81504],[169.00221,-18.80169],[168.99855,-18.79022],[168.99236,-18.77988],[168.98406,-18.76995],[168.98227,-18.76263],[168.98878,-18.69061],[168.99488,-18.66969],[169.00815,-18.65],[169.03842,-18.62916],[169.07781,-18.61826],[169.11842,-18.6194],[169.15235,-18.63633],[169.16245,-18.65228],[169.16651,-18.67205],[169.16651,-18.70827],[169.17213,-18.7265],[169.18678,-18.73496],[169.22731,-18.73935],[169.2269,-18.73797],[169.2317,-18.73561],[169.23862,-18.73349],[169.24399,-18.73252],[169.24806,-18.73447],[169.24741,-18.74342],[169.25611,-18.74822],[169.26157,-18.75482],[169.26629,-18.76295],[169.26832,-18.76995],[169.2566,-18.77068],[169.19321,-18.78704],[169.21746,-18.81536],[169.22047,-18.82497],[169.22706,-18.82684],[169.25807,-18.84197],[169.26832,-18.84922],[169.29859,-18.86419],[169.31983,-18.88201],[169.33237,-18.90488],[169.3366,-18.93483],[169.32781,-18.96038]]],[[[168.55974,-17.69313],[168.56983,-17.69158],[168.57838,-17.68816],[168.58375,-17.68418],[168.58546,-17.70127],[168.55567,-17.75921],[168.54762,-17.7846],[168.54021,-17.79664],[168.52687,-17.80193],[168.50115,-17.80706],[168.49903,-17.80934],[168.49627,-17.81406],[168.49155,-17.81862],[168.48414,-17.82073],[168.47901,-17.81854],[168.47267,-17.8139],[168.46778,-17.80926],[168.46697,-17.80706],[168.39601,-17.8235],[168.38836,-17.82366],[168.37086,-17.8139],[168.36695,-17.80641],[168.36476,-17.79664],[168.36036,-17.79372],[168.34962,-17.80706],[168.34881,-17.79876],[168.34457,-17.78867],[168.34352,-17.78037],[168.33912,-17.78183],[168.33855,-17.78232],[168.33855,-17.78346],[168.33668,-17.78655],[168.32846,-17.78427],[168.32065,-17.7846],[168.31422,-17.78786],[168.30934,-17.79404],[168.3156,-17.75921],[168.30934,-17.75921],[168.29908,-17.77191],[168.28305,-17.77858],[168.24733,-17.78655],[168.24733,-17.78037],[168.26466,-17.76784],[168.28688,-17.76133],[168.3047,-17.75205],[168.30934,-17.73122],[168.30104,-17.73626],[168.2942,-17.73675],[168.28981,-17.73203],[168.28663,-17.71087],[168.28224,-17.70761],[168.27565,-17.7068],[168.26783,-17.70403],[168.25172,-17.69557],[168.23845,-17.69378],[168.22625,-17.69695],[168.21315,-17.70403],[168.20607,-17.71136],[168.19256,-17.7326],[168.1858,-17.7387],[168.17482,-17.74098],[168.16814,-17.73699],[168.16521,-17.72682],[168.15113,-17.71819],[168.15414,-17.70582],[168.17897,-17.65618],[168.19068,-17.64398],[168.21648,-17.62623],[168.22682,-17.61517],[168.26661,-17.55853],[168.29274,-17.53769],[168.32301,-17.53265],[168.32814,-17.53883],[168.33172,-17.54925],[168.33668,-17.5556],[168.35418,-17.54534],[168.42311,-17.53427],[168.43922,-17.53704],[168.45338,-17.54632],[168.45574,-17.5525],[168.45916,-17.57057],[168.46323,-17.57431],[168.47169,-17.57586],[168.47755,-17.58017],[168.48748,-17.59482],[168.49562,-17.61338],[168.50115,-17.63299],[168.51043,-17.64886],[168.52906,-17.65618],[168.53517,-17.66611],[168.54314,-17.68499],[168.54957,-17.69101],[168.55974,-17.69313]]],[[[168.16863,-16.35125],[168.15406,-16.35784],[168.13998,-16.36191],[168.12745,-16.35735],[168.1159,-16.34783],[168.10255,-16.33994],[168.08912,-16.33652],[168.07651,-16.34043],[168.05006,-16.32244],[168.03663,-16.32008],[168.02198,-16.32659],[168.01238,-16.31471],[167.97918,-16.29518],[167.96339,-16.28265],[167.94899,-16.27435],[167.93165,-16.26751],[167.92091,-16.25888],[167.92644,-16.24481],[167.91285,-16.23309],[167.92579,-16.21982],[167.95037,-16.20892],[167.97967,-16.20224],[167.99448,-16.19232],[168.00424,-16.19012],[168.04868,-16.19012],[168.06951,-16.17978],[168.10694,-16.143],[168.12062,-16.13494],[168.1255,-16.12908],[168.14096,-16.08978],[168.14991,-16.08571],[168.17164,-16.08025],[168.19142,-16.10125],[168.20729,-16.13445],[168.22682,-16.19695],[168.23072,-16.22772],[168.24969,-16.24619],[168.3213,-16.28289],[168.32862,-16.29144],[168.32984,-16.30625],[168.32228,-16.31829],[168.28826,-16.34401],[168.18238,-16.34783],[168.16863,-16.35125]]]]}},{"type":"Feature","properties":{},"geometry":{"type":"MultiPolygon","coordinates":[[[[167.82276,-16.41904],[167.83058,-16.43141],[167.83717,-16.44736],[167.84392,-16.4577],[167.82032,-16.48105],[167.81251,-16.48431],[167.79957,-16.48699],[167.79347,-16.49407],[167.78842,-16.50384],[167.77801,-16.51507],[167.77166,-16.52451],[167.77247,-16.53297],[167.77198,-16.54046],[167.76059,-16.54632],[167.7444,-16.54648],[167.73732,-16.53818],[167.73341,-16.52679],[167.72657,-16.51784],[167.7173,-16.51531],[167.69093,-16.511],[167.68556,-16.50888],[167.67937,-16.49993],[167.66505,-16.49977],[167.64991,-16.50237],[167.64088,-16.50164],[167.62192,-16.49424],[167.59978,-16.50213],[167.57984,-16.5158],[167.56813,-16.52597],[167.57488,-16.53191],[167.57748,-16.53574],[167.58107,-16.53802],[167.59002,-16.53965],[167.58025,-16.55218],[167.56837,-16.55682],[167.54217,-16.56015],[167.52101,-16.5805],[167.51515,-16.57936],[167.50831,-16.57448],[167.50294,-16.5744],[167.50066,-16.58733],[167.4944,-16.58733],[167.48618,-16.57708],[167.45875,-16.56797],[167.44654,-16.54502],[167.43312,-16.53436],[167.42107,-16.5202],[167.41871,-16.49798],[167.42547,-16.49798],[167.42945,-16.50457],[167.43572,-16.51035],[167.44361,-16.51491],[167.45281,-16.51784],[167.45021,-16.50189],[167.44435,-16.48187],[167.43572,-16.46282],[167.41082,-16.43084],[167.4065,-16.42002],[167.40504,-16.40521],[167.40577,-16.38681],[167.40504,-16.38128],[167.4004,-16.37493],[167.39381,-16.37151],[167.38754,-16.36972],[167.38453,-16.36826],[167.38152,-16.34677],[167.38258,-16.28541],[167.38771,-16.27264],[167.37713,-16.2243],[167.37648,-16.21844],[167.37713,-16.20062],[167.37485,-16.19297],[167.37029,-16.19061],[167.36557,-16.18987],[167.36345,-16.1867],[167.35816,-16.16912],[167.32244,-16.115],[167.30649,-16.12428],[167.30128,-16.12868],[167.29518,-16.12127],[167.27906,-16.14007],[167.23308,-16.16961],[167.20932,-16.14886],[167.19597,-16.14365],[167.18531,-16.1491],[167.17856,-16.13893],[167.17612,-16.12908],[167.17482,-16.11891],[167.17164,-16.10817],[167.16391,-16.09808],[167.15504,-16.091],[167.14747,-16.08294],[167.14422,-16.07],[167.14845,-16.04632],[167.17848,-15.9909],[167.17416,-15.9249],[167.17506,-15.91204],[167.18019,-15.9039],[167.18181,-15.89625],[167.18531,-15.89072],[167.19557,-15.88844],[167.22625,-15.86736],[167.33611,-15.90895],[167.33481,-15.94411],[167.3947,-16.018],[167.37713,-16.05291],[167.38998,-16.05779],[167.4004,-16.06471],[167.40431,-16.0744],[167.39763,-16.08709],[167.4065,-16.09433],[167.41521,-16.10361],[167.42449,-16.11159],[167.44435,-16.1181],[167.45965,-16.13177],[167.46998,-16.13494],[167.4734,-16.13104],[167.47185,-16.122],[167.46648,-16.10442],[167.47071,-16.1028],[167.48015,-16.11321],[167.4944,-16.13494],[167.49342,-16.14381],[167.48569,-16.15488],[167.48699,-16.16277],[167.50953,-16.17303],[167.5149,-16.17645],[167.52101,-16.17645],[167.52418,-16.17099],[167.52719,-16.16815],[167.53061,-16.16611],[167.53468,-16.16277],[167.53745,-16.17425],[167.54176,-16.18548],[167.54762,-16.1959],[167.55519,-16.20436],[167.56666,-16.21152],[167.58985,-16.21795],[167.60304,-16.2243],[167.6255,-16.24489],[167.63844,-16.26247],[167.65268,-16.26971],[167.67937,-16.25897],[167.68873,-16.26385],[167.69239,-16.26523],[167.69239,-16.27264],[167.68572,-16.28704],[167.70362,-16.30625],[167.74692,-16.34043],[167.77247,-16.33603],[167.78614,-16.35858],[167.79469,-16.40797],[167.77589,-16.44118],[167.77394,-16.45957],[167.78924,-16.47064],[167.79038,-16.45135],[167.79444,-16.43865],[167.80152,-16.42913],[167.81251,-16.41953],[167.82276,-16.41904]]],[[[179.99898,-16.16988],[179.938,-16.2243],[179.92994,-16.22715],[179.91212,-16.22796],[179.90382,-16.23113],[179.89568,-16.2387],[179.88649,-16.25449],[179.87965,-16.26214],[179.86541,-16.27451],[179.85825,-16.28265],[179.85914,-16.28631],[179.85125,-16.29095],[179.83815,-16.31406],[179.79811,-16.36956],[179.78094,-16.38128],[179.78102,-16.40301],[179.76344,-16.43279],[179.73845,-16.45924],[179.71583,-16.47064],[179.69386,-16.47731],[179.59791,-16.53981],[179.59181,-16.54534],[179.58766,-16.55291],[179.58229,-16.56699],[179.58074,-16.57928],[179.58107,-16.59498],[179.57911,-16.61142],[179.57146,-16.62558],[179.56007,-16.63454],[179.53443,-16.65049],[179.52361,-16.65895],[179.51873,-16.66513],[179.5066,-16.68353],[179.50066,-16.68719],[179.48422,-16.69313],[179.47869,-16.6972],[179.48878,-16.70761],[179.4922,-16.72503],[179.48878,-16.74383],[179.47869,-16.75872],[179.48609,-16.76605],[179.50196,-16.75465],[179.52027,-16.74961],[179.53712,-16.75262],[179.54811,-16.76605],[179.56251,-16.75482],[179.58522,-16.72942],[179.59938,-16.72454],[179.60955,-16.72275],[179.62208,-16.71787],[179.63258,-16.71022],[179.63697,-16.70062],[179.64088,-16.68727],[179.65056,-16.68222],[179.66188,-16.68027],[179.67107,-16.67685],[179.6727,-16.67295],[179.67612,-16.65936],[179.67791,-16.65553],[179.68214,-16.65407],[179.69451,-16.65146],[179.69842,-16.64951],[179.70582,-16.63812],[179.71616,-16.61346],[179.72267,-16.60442],[179.73211,-16.59922],[179.74204,-16.59637],[179.74977,-16.59246],[179.75294,-16.58392],[179.75668,-16.57676],[179.76539,-16.57195],[179.78094,-16.56699],[179.81414,-16.54632],[179.83326,-16.53037],[179.84181,-16.51507],[179.85108,-16.50856],[179.90382,-16.48431],[179.90895,-16.47877],[179.91261,-16.47234],[179.91717,-16.46689],[179.92433,-16.4638],[179.93946,-16.46331],[179.94239,-16.46746],[179.94239,-16.47584],[179.95346,-16.49961],[179.94907,-16.50905],[179.94174,-16.51653],[179.93621,-16.52467],[179.92433,-16.55316],[179.89015,-16.61468],[179.88941,-16.6194],[179.89112,-16.63128],[179.89015,-16.63584],[179.88624,-16.63681],[179.87371,-16.63486],[179.86964,-16.63584],[179.84864,-16.66237],[179.87501,-16.66432],[179.89194,-16.67596],[179.90113,-16.69476],[179.90382,-16.71771],[179.91749,-16.71657],[179.93556,-16.72039],[179.94972,-16.73008],[179.95167,-16.7457],[179.94191,-16.75262],[179.92652,-16.74961],[179.89633,-16.73821],[179.89991,-16.74424],[179.90707,-16.76002],[179.91066,-16.76605],[179.89576,-16.76181],[179.89015,-16.75872],[179.87574,-16.76946],[179.86362,-16.76483],[179.85792,-16.75189],[179.86215,-16.73821],[179.82635,-16.73707],[179.81202,-16.73122],[179.80201,-16.71771],[179.78077,-16.72503],[179.75929,-16.72373],[179.74024,-16.71933],[179.72633,-16.71771],[179.71648,-16.72194],[179.69988,-16.73528],[179.68832,-16.73821],[179.67604,-16.73846],[179.66627,-16.74066],[179.65984,-16.74676],[179.65675,-16.75872],[179.65187,-16.74928],[179.65056,-16.7457],[179.64381,-16.7457],[179.63331,-16.76588],[179.59685,-16.78875],[179.58229,-16.80706],[179.56511,-16.79168],[179.54493,-16.79079],[179.50318,-16.80023],[179.47145,-16.8012],[179.45395,-16.80511],[179.43824,-16.8139],[179.40382,-16.80234],[179.37574,-16.80104],[179.29689,-16.80682],[179.29786,-16.80446],[179.30795,-16.79746],[179.31422,-16.7833],[179.32342,-16.77117],[179.34148,-16.76507],[179.35475,-16.75848],[179.34889,-16.7457],[179.35141,-16.73138],[179.33961,-16.72438],[179.30795,-16.71771],[179.28297,-16.69891],[179.26637,-16.68987],[179.25896,-16.69378],[179.24822,-16.69411],[179.17205,-16.72259],[179.15284,-16.73447],[179.12289,-16.75872],[179.12941,-16.77581],[179.12338,-16.78965],[179.1102,-16.79998],[179.09571,-16.80706],[179.06544,-16.79892],[179.04444,-16.82383],[179.01987,-16.8952],[179.04542,-16.88014],[179.05665,-16.87802],[179.07521,-16.88152],[179.0656,-16.89349],[179.03728,-16.91269],[179.02687,-16.92311],[179.01987,-16.92311],[179.00685,-16.91774],[178.96746,-16.90635],[178.95444,-16.89902],[178.95021,-16.89072],[178.9489,-16.88299],[178.94532,-16.87754],[178.92595,-16.87314],[178.92026,-16.86696],[178.91725,-16.85833],[178.917,-16.84808],[178.91,-16.84808],[178.91,-16.86785],[178.89454,-16.85931],[178.8838,-16.85768],[178.87403,-16.8611],[178.86166,-16.86785],[178.8213,-16.9026],[178.81707,-16.91204],[178.80714,-16.95045],[178.79949,-16.95721],[178.79021,-16.96201],[178.78777,-16.96787],[178.80095,-16.97772],[178.76547,-17.00115],[178.76271,-17.00506],[178.7339,-17.00701],[178.72088,-17.00555],[178.70533,-16.99879],[178.69191,-16.98577],[178.68067,-16.95827],[178.67319,-16.92604],[178.67042,-16.89902],[178.66041,-16.87949],[178.64064,-16.86053],[178.62745,-16.83766],[178.6364,-16.80706],[178.615,-16.79974],[178.60621,-16.7929],[178.60231,-16.77972],[178.5407,-16.80918],[178.51157,-16.81422],[178.48561,-16.79339],[178.49024,-16.79119],[178.49041,-16.79022],[178.49244,-16.78672],[178.48121,-16.77728],[178.47901,-16.76588],[178.48357,-16.75994],[178.49244,-16.76605],[178.49928,-16.76605],[178.49659,-16.74717],[178.50652,-16.7304],[178.54021,-16.70403],[178.54021,-16.72454],[178.54851,-16.71624],[178.5525,-16.70485],[178.55714,-16.69834],[178.56804,-16.70403],[178.57293,-16.6889],[178.58562,-16.66513],[178.58863,-16.64951],[178.56707,-16.66009],[178.55274,-16.65895],[178.54282,-16.64788],[178.53395,-16.629],[178.57179,-16.61549],[178.5818,-16.61468],[178.5892,-16.6194],[178.60076,-16.63551],[178.60841,-16.64202],[178.61883,-16.6452],[178.65008,-16.64951],[178.68092,-16.66806],[178.69109,-16.66985],[178.70427,-16.66709],[178.70899,-16.66302],[178.71144,-16.65732],[178.71762,-16.64951],[178.77329,-16.60329],[178.78834,-16.59694],[178.7977,-16.60662],[178.80095,-16.63584],[178.81398,-16.62998],[178.81739,-16.62274],[178.81398,-16.59759],[178.81837,-16.58685],[178.84864,-16.54632],[178.85035,-16.55145],[178.85467,-16.56032],[178.85548,-16.56699],[178.86345,-16.56219],[178.86793,-16.55706],[178.86964,-16.55006],[178.86915,-16.53965],[178.87599,-16.53965],[178.88624,-16.55234],[178.89763,-16.54306],[178.90943,-16.52654],[178.92042,-16.51784],[178.93092,-16.51263],[178.92791,-16.49993],[178.92042,-16.48447],[178.917,-16.47064],[178.92123,-16.47275],[178.93287,-16.47617],[178.93735,-16.47812],[178.94272,-16.46038],[178.95216,-16.45965],[178.96111,-16.4664],[178.9651,-16.47064],[178.98015,-16.46819],[179.00782,-16.45957],[179.05421,-16.45403],[179.10662,-16.43613],[179.13673,-16.42978],[179.16749,-16.43133],[179.17758,-16.42978],[179.18019,-16.42636],[179.18784,-16.4122],[179.19125,-16.40797],[179.19899,-16.40537],[179.21632,-16.40244],[179.22234,-16.39902],[179.24041,-16.39813],[179.26979,-16.40569],[179.29835,-16.40911],[179.31422,-16.3956],[179.32927,-16.40797],[179.33823,-16.40399],[179.3462,-16.39381],[179.35873,-16.38812],[179.36573,-16.39129],[179.37208,-16.40488],[179.37965,-16.40797],[179.38803,-16.40716],[179.39243,-16.40602],[179.39649,-16.40569],[179.40358,-16.40797],[179.40203,-16.393],[179.39576,-16.37884],[179.38649,-16.36745],[179.37615,-16.36077],[179.38649,-16.35133],[179.39772,-16.34783],[179.40854,-16.34905],[179.41782,-16.35394],[179.42262,-16.33685],[179.43141,-16.31902],[179.44321,-16.31024],[179.45818,-16.31992],[179.4651,-16.30267],[179.46681,-16.28688],[179.4712,-16.27402],[179.48609,-16.26523],[179.52166,-16.268],[179.53566,-16.26247],[179.52027,-16.24481],[179.53346,-16.24489],[179.54249,-16.25075],[179.549,-16.26051],[179.55437,-16.27264],[179.56316,-16.2374],[179.56804,-16.2243],[179.57293,-16.23642],[179.58188,-16.24196],[179.59295,-16.2457],[179.60279,-16.25213],[179.6115,-16.24334],[179.61891,-16.24261],[179.62485,-16.2483],[179.63014,-16.25897],[179.63014,-16.24342],[179.63404,-16.23789],[179.64015,-16.23756],[179.64715,-16.23854],[179.65333,-16.23528],[179.65602,-16.22796],[179.6565,-16.22064],[179.65642,-16.21746],[179.66334,-16.21819],[179.66749,-16.22064],[179.67066,-16.22308],[179.67449,-16.2243],[179.69353,-16.22576],[179.70183,-16.22308],[179.70525,-16.21404],[179.7103,-16.20778],[179.73471,-16.19793],[179.76441,-16.18141],[179.77068,-16.19655],[179.77272,-16.21941],[179.78094,-16.23113],[179.79298,-16.2265],[179.81446,-16.2077],[179.82879,-16.20436],[179.83961,-16.2077],[179.84132,-16.21347],[179.8366,-16.2195],[179.82879,-16.2243],[179.83961,-16.22812],[179.85084,-16.22796],[179.85597,-16.23113],[179.86817,-16.216],[179.90333,-16.18865],[179.91066,-16.17986],[179.98316,-16.1491],[179.99882,-16.1491],[180.0,-16.14911],[180.0,-16.16895],[179.99898,-16.16988]]]]}},{"type":"Feature","properties":{},"geometry":{"type":"MultiPolygon","coordinates":[[[[179.94812,-18.5635],[179.9524,-18.56854],[179.9447,-18.58062],[179.92079,-18.58604],[179.90977,-18.59591],[179.89183,-18.60964],[179.89884,-18.61747],[179.91278,-18.61147],[179.91744,-18.6115],[179.92102,-18.62264],[179.90187,-18.63815],[179.90079,-18.6586],[179.88275,-18.66252],[179.87221,-18.64593],[179.87157,-18.62882],[179.8605,-18.62103],[179.85293,-18.61105],[179.83307,-18.60025],[179.83067,-18.5893],[179.85045,-18.5809],[179.88819,-18.56693],[179.92767,-18.55799],[179.94343,-18.55635],[179.94812,-18.5635]]],[[[177.57993,-16.67816],[177.59116,-16.68621],[177.594,-16.69997],[177.58741,-16.71771],[177.58033,-16.72845],[177.56398,-16.73992],[177.56072,-16.74871],[177.55649,-16.75384],[177.49342,-16.80267],[177.47926,-16.81707],[177.47136,-16.83441],[177.46144,-16.83017],[177.45777,-16.82757],[177.45314,-16.83318],[177.44557,-16.83856],[177.43719,-16.84002],[177.4297,-16.83441],[177.43035,-16.82822],[177.43637,-16.80364],[177.43719,-16.79339],[177.44402,-16.79339],[177.45655,-16.8056],[177.47535,-16.79664],[177.51295,-16.75872],[177.5586,-16.72145],[177.57252,-16.69948],[177.56072,-16.67685],[177.57993,-16.67816]]],[[[167.17644,-15.53151],[167.1902,-15.53167],[167.19272,-15.53541],[167.17848,-15.539],[167.17848,-15.54583],[167.18873,-15.54852],[167.19264,-15.55389],[167.19109,-15.56048],[167.18531,-15.56699],[167.20834,-15.57903],[167.20948,-15.59637],[167.19483,-15.60752],[167.17164,-15.60101],[167.1683,-15.60508],[167.16505,-15.60654],[167.1574,-15.60801],[167.14283,-15.60589],[167.13233,-15.60223],[167.10955,-15.5875],[167.1574,-15.539],[167.17644,-15.53151]]],[[[166.56935,-13.15716],[166.56813,-13.16131],[166.56861,-13.16717],[166.56837,-13.1749],[166.56642,-13.17897],[166.56381,-13.18255],[166.56007,-13.18564],[166.55454,-13.18841],[166.53842,-13.17995],[166.52963,-13.16985],[166.52662,-13.15537],[166.52735,-13.13388],[166.53321,-13.10638],[166.53419,-13.09564],[166.53175,-13.08815],[166.52638,-13.08318],[166.52166,-13.07676],[166.52052,-13.06487],[166.55445,-13.07399],[166.56137,-13.07871],[166.56666,-13.08913],[166.57081,-13.11175],[166.57521,-13.12021],[166.57521,-13.1264],[166.57032,-13.13209],[166.56837,-13.13828],[166.56967,-13.14528],[166.57521,-13.15439],[166.56935,-13.15716]]],[[[166.53416,-11.30809],[166.52652,-11.3089],[166.51645,-11.31128],[166.50883,-11.30932],[166.50048,-11.3046],[166.50021,-11.29791],[166.50076,-11.28888],[166.50685,-11.2814],[166.51032,-11.27468],[166.50913,-11.26091],[166.49497,-11.26927],[166.48345,-11.27866],[166.47769,-11.26998],[166.47976,-11.24742],[166.49427,-11.22928],[166.51186,-11.21342],[166.52511,-11.20905],[166.54042,-11.21456],[166.55576,-11.22679],[166.5639,-11.24103],[166.56471,-11.25993],[166.55725,-11.28364],[166.53416,-11.30809]]]]}},{"type":"Feature","properties":{},"geometry":{"type":"Polygon","coordinates":[[[178.70899,-17.9992],[178.70069,-18.01287],[178.69842,-18.0193],[178.69793,-18.03379],[178.69842,-18.04315],[178.69451,-18.0569],[178.68458,-18.07041],[178.67311,-18.08148],[178.66358,-18.08815],[178.61297,-18.1124],[178.58863,-18.136],[178.58863,-18.11549],[178.55974,-18.12705],[178.54762,-18.12908],[178.55934,-18.11273],[178.56056,-18.10866],[178.55502,-18.09922],[178.55079,-18.09775],[178.54566,-18.09726],[178.53696,-18.09124],[178.52711,-18.09002],[178.49838,-18.10442],[178.48561,-18.10866],[178.4878,-18.12908],[178.47023,-18.14186],[178.44842,-18.14756],[178.43775,-18.14658],[178.43881,-18.13161],[178.43995,-18.12607],[178.43816,-18.12298],[178.42164,-18.10801],[178.4131,-18.10345],[178.40309,-18.10133],[178.3899,-18.10182],[178.39259,-18.10622],[178.3934,-18.10662],[178.39617,-18.10866],[178.39129,-18.1181],[178.38575,-18.12379],[178.37843,-18.12721],[178.36891,-18.12908],[178.3694,-18.12664],[178.36606,-18.122],[178.36085,-18.11745],[178.35524,-18.11549],[178.3484,-18.11688],[178.33644,-18.12127],[178.3309,-18.12225],[178.32293,-18.12558],[178.31691,-18.13291],[178.30934,-18.14023],[178.29689,-18.14349],[178.28419,-18.14414],[178.27703,-18.14625],[178.27182,-18.15032],[178.26588,-18.15643],[178.26189,-18.16277],[178.2566,-18.17767],[178.25221,-18.18377],[178.2435,-18.18865],[178.22291,-18.19606],[178.2142,-18.2011],[178.18539,-18.23382],[178.1683,-18.24847],[178.14975,-18.2527],[178.14137,-18.2527],[178.13551,-18.25945],[178.11305,-18.23943],[178.03891,-18.26491],[178.00636,-18.25945],[177.99147,-18.25888],[177.9852,-18.25742],[177.97836,-18.2527],[177.97193,-18.25872],[177.95981,-18.26572],[177.94581,-18.26873],[177.93409,-18.26287],[177.92107,-18.26067],[177.9061,-18.2693],[177.89405,-18.27313],[177.88901,-18.25604],[177.88575,-18.25164],[177.87843,-18.25368],[177.87045,-18.25856],[177.86541,-18.26287],[177.85939,-18.2658],[177.85369,-18.26312],[177.83448,-18.24668],[177.83139,-18.23992],[177.82716,-18.23447],[177.78338,-18.22316],[177.69858,-18.20135],[177.67302,-18.19801],[177.64503,-18.19109],[177.59164,-18.16668],[177.56764,-18.1701],[177.53688,-18.15683],[177.52491,-18.15537],[177.47446,-18.15781],[177.4651,-18.15643],[177.45427,-18.15195],[177.4476,-18.14609],[177.44256,-18.14023],[177.43719,-18.136],[177.36671,-18.11907],[177.33595,-18.10556],[177.31365,-18.07391],[177.30681,-18.08131],[177.30226,-18.0709],[177.30161,-18.05104],[177.30006,-18.03973],[177.29664,-18.03427],[177.29184,-18.02947],[177.28761,-18.02215],[177.28582,-18.00897],[177.2811,-18.00368],[177.26295,-17.99383],[177.26246,-17.98854],[177.26645,-17.97942],[177.26205,-17.97137],[177.25514,-17.96282],[177.25164,-17.95224],[177.25457,-17.94459],[177.26791,-17.92718],[177.27215,-17.91692],[177.27149,-17.90423],[177.26677,-17.89642],[177.26157,-17.88934],[177.25904,-17.87933],[177.26564,-17.85955],[177.28207,-17.85174],[177.32732,-17.84857],[177.35418,-17.83864],[177.3615,-17.83489],[177.37143,-17.82342],[177.37289,-17.8152],[177.37062,-17.80779],[177.36891,-17.79746],[177.36891,-17.76263],[177.37029,-17.74969],[177.37428,-17.74749],[177.38087,-17.75018],[177.41603,-17.75986],[177.42351,-17.75921],[177.43434,-17.75018],[177.43531,-17.74326],[177.43198,-17.7365],[177.4297,-17.7282],[177.42872,-17.71705],[177.42449,-17.69752],[177.42351,-17.6876],[177.42058,-17.67832],[177.41326,-17.67409],[177.40398,-17.67059],[177.39568,-17.66302],[177.38893,-17.64056],[177.40211,-17.63055],[177.42042,-17.62233],[177.4297,-17.60467],[177.43434,-17.59791],[177.45655,-17.59271],[177.4651,-17.58799],[177.469,-17.57635],[177.46713,-17.56536],[177.46746,-17.55535],[177.4782,-17.54632],[177.48959,-17.55885],[177.49952,-17.55576],[177.50392,-17.54453],[177.49928,-17.53265],[177.50636,-17.51784],[177.51515,-17.50506],[177.52442,-17.50075],[177.53338,-17.51214],[177.53956,-17.51214],[177.58131,-17.47812],[177.62208,-17.45469],[177.62501,-17.45078],[177.62818,-17.4485],[177.62892,-17.44394],[177.63111,-17.43922],[177.63893,-17.43711],[177.64536,-17.43816],[177.6526,-17.44052],[177.65626,-17.4428],[177.6526,-17.44394],[177.64682,-17.45176],[177.65008,-17.46941],[177.65724,-17.48797],[177.6631,-17.49847],[177.66928,-17.49236],[177.6631,-17.47967],[177.65919,-17.46803],[177.65895,-17.45664],[177.6631,-17.44394],[177.67058,-17.43841],[177.70411,-17.42034],[177.71013,-17.4179],[177.74879,-17.43027],[177.75392,-17.4249],[177.7562,-17.41326],[177.76092,-17.40154],[177.76547,-17.39666],[177.77361,-17.39275],[177.78028,-17.38828],[177.78728,-17.38454],[177.80763,-17.38095],[177.81153,-17.37615],[177.81414,-17.37127],[177.82545,-17.36663],[177.82993,-17.36403],[177.83326,-17.36647],[177.83448,-17.37933],[177.83367,-17.39023],[177.83107,-17.39983],[177.82667,-17.40879],[177.82016,-17.41717],[177.83627,-17.42132],[177.84986,-17.41318],[177.86232,-17.40008],[177.87599,-17.38934],[177.89731,-17.40293],[177.92661,-17.40594],[177.95623,-17.40252],[177.97836,-17.39666],[178.00717,-17.38348],[178.01938,-17.37518],[178.03004,-17.36541],[178.04225,-17.35687],[178.06593,-17.35589],[178.08139,-17.34832],[178.11378,-17.3532],[178.15105,-17.34686],[178.18084,-17.32928],[178.19011,-17.30055],[178.21168,-17.30771],[178.23911,-17.32008],[178.26271,-17.33563],[178.27272,-17.35174],[178.27556,-17.3637],[178.28647,-17.38372],[178.28631,-17.39666],[178.27955,-17.4074],[178.25441,-17.43182],[178.24537,-17.44394],[178.25603,-17.44964],[178.25807,-17.45745],[178.25375,-17.46551],[178.24537,-17.47129],[178.25864,-17.46893],[178.28598,-17.43808],[178.30372,-17.43027],[178.32748,-17.43279],[178.34832,-17.44012],[178.36459,-17.45289],[178.37574,-17.47129],[178.37721,-17.47975],[178.37428,-17.49139],[178.37574,-17.49847],[178.37941,-17.50026],[178.39747,-17.51531],[178.39991,-17.51898],[178.40358,-17.52239],[178.44549,-17.5499],[178.45558,-17.5512],[178.46608,-17.55096],[178.47877,-17.55316],[178.49627,-17.56512],[178.52296,-17.60084],[178.53028,-17.60833],[178.55193,-17.61077],[178.57301,-17.61793],[178.59083,-17.63095],[178.60231,-17.65],[178.60328,-17.67457],[178.59295,-17.69345],[178.58058,-17.71006],[178.57423,-17.7282],[178.57252,-17.73773],[178.56935,-17.74651],[178.56772,-17.75498],[178.57114,-17.76263],[178.57895,-17.76922],[178.5975,-17.78183],[178.60231,-17.78655],[178.60304,-17.79844],[178.59962,-17.80934],[178.59889,-17.81943],[178.60841,-17.82806],[178.62062,-17.8235],[178.62721,-17.82684],[178.62631,-17.83408],[178.6159,-17.84108],[178.62794,-17.8458],[178.63502,-17.85345],[178.636,-17.8637],[178.62957,-17.87591],[178.62582,-17.87363],[178.6159,-17.86907],[178.61793,-17.87379],[178.62273,-17.89023],[178.59108,-17.89756],[178.5949,-17.92604],[178.61313,-17.95696],[178.62615,-17.97145],[178.64576,-17.97324],[178.65431,-17.97845],[178.65968,-17.98699],[178.67042,-17.99879],[178.67416,-18.00433],[178.67457,-18.00872],[178.67701,-18.01141],[178.68767,-18.01238],[178.69386,-18.00994],[178.69923,-18.00384],[178.7033,-17.997],[178.70533,-17.99196],[178.71144,-17.99196],[178.70899,-17.9992]]]}},{"type":"Feature","properties":{},"geometry":{"type":"MultiPolygon","coordinates":[[[[167.16578,-9.86834],[167.17018,-9.85914],[167.18084,-9.86012],[167.19223,-9.87298],[167.19597,-9.88592],[167.19337,-9.89373],[167.18531,-9.89463],[167.17335,-9.88641],[167.16578,-9.86834]]],[[[167.1045,-9.80185],[167.10825,-9.80462],[167.10401,-9.80657],[167.09181,-9.80332],[167.1045,-9.80185]]],[[[177.15235,-7.19508],[177.1504,-7.19036],[177.15008,-7.18816],[177.15301,-7.195],[177.15333,-7.19915],[177.1526,-7.20029],[177.1526,-7.19736],[177.15235,-7.19508]]],[[[176.31918,-6.28924],[176.32293,-6.28883],[176.32244,-6.2951],[176.3143,-6.30234],[176.31918,-6.28924]]],[[[177.33985,-6.11452],[177.33815,-6.11102],[177.33717,-6.10817],[177.34881,-6.11053],[177.35662,-6.11452],[177.35629,-6.11875],[177.34409,-6.12103],[177.33985,-6.11452]]],[[[166.81479,-22.39511],[166.82545,-22.39568],[166.83432,-22.40146],[166.84327,-22.41253],[166.84344,-22.42441],[166.84059,-22.43125],[166.8357,-22.43206],[166.82895,-22.42555],[166.8213,-22.43141],[166.81577,-22.43483],[166.80177,-22.43987],[166.80177,-22.44598],[166.82097,-22.44883],[166.81886,-22.45582],[166.80812,-22.46233],[166.80177,-22.46307],[166.79444,-22.46054],[166.78028,-22.45761],[166.77076,-22.45062],[166.77768,-22.43646],[166.78517,-22.42474],[166.78639,-22.41513],[166.7894,-22.40667],[166.80177,-22.39886],[166.81479,-22.39511]]],[[[166.43295,-20.71901],[166.45851,-20.7199],[166.45338,-20.72894],[166.44353,-20.73349],[166.41814,-20.74041],[166.41261,-20.73512],[166.4074,-20.73154],[166.40065,-20.72894],[166.39088,-20.72674],[166.39845,-20.72194],[166.40642,-20.71966],[166.41521,-20.71901],[166.42498,-20.7199],[166.43295,-20.71901]]],[[[164.24024,-20.1583],[164.22104,-20.1535],[164.19264,-20.13909],[164.1692,-20.1233],[164.16432,-20.10508],[164.16375,-20.06194],[164.17058,-20.06194],[164.21502,-20.11785],[164.22462,-20.13763],[164.24024,-20.1583]]],[[[179.78858,-19.13047],[179.79412,-19.14804],[179.79754,-19.16839],[179.80201,-19.18426],[179.77215,-19.19134],[179.76043,-19.19232],[179.74594,-19.19012],[179.74187,-19.18621],[179.74,-19.17742],[179.74724,-19.17392],[179.74903,-19.17327],[179.74952,-19.17148],[179.75294,-19.16383],[179.75799,-19.1657],[179.76922,-19.16855],[179.7741,-19.17067],[179.76783,-19.15545],[179.75782,-19.13991],[179.7566,-19.1277],[179.77752,-19.12282],[179.78858,-19.13047]]],[[[178.53484,-18.88454],[178.53826,-18.89227],[178.53761,-18.90049],[178.53395,-18.91058],[178.52052,-18.90618],[178.51368,-18.91595],[178.50831,-18.92645],[178.49928,-18.9249],[178.47193,-18.90716],[178.47413,-18.89528],[178.48341,-18.8803],[178.48561,-18.87314],[178.49586,-18.86297],[178.51637,-18.85735],[178.53159,-18.86045],[178.52654,-18.87656],[178.53484,-18.88454]]],[[[177.65406,-18.50408],[177.65594,-18.51702],[177.65626,-18.5407],[177.6631,-18.58847],[177.64877,-18.57928],[177.63649,-18.56276],[177.62696,-18.54372],[177.62159,-18.52703],[177.61899,-18.5119],[177.62078,-18.50408],[177.6351,-18.48602],[177.63844,-18.48968],[177.64177,-18.49098],[177.64503,-18.49163],[177.64877,-18.49285],[177.65406,-18.50408]]],[[[178.12761,-18.35166],[178.13893,-18.34873],[178.15008,-18.35784],[178.15602,-18.37615],[178.1526,-18.39739],[178.14234,-18.41188],[178.12696,-18.41546],[178.10873,-18.4035],[178.11817,-18.40154],[178.12184,-18.39918],[178.12086,-18.39568],[178.11622,-18.38983],[178.12037,-18.38494],[178.12143,-18.38047],[178.12159,-18.37542],[178.12233,-18.36932],[178.12761,-18.35166]]],[[[179.43084,-17.79852],[179.42945,-17.80136],[179.42408,-17.80706],[179.42726,-17.81365],[179.43051,-17.82293],[179.4323,-17.83278],[179.43084,-17.84108],[179.42262,-17.85052],[179.41684,-17.84547],[179.41041,-17.82806],[179.40268,-17.81862],[179.39503,-17.80641],[179.39177,-17.79306],[179.39674,-17.78037],[179.41375,-17.789],[179.43084,-17.79404],[179.43084,-17.79852]]],[[[178.74191,-17.74958],[178.76271,-17.76198],[178.77955,-17.76605],[178.77711,-17.77321],[178.77565,-17.77646],[178.77272,-17.78037],[178.76588,-17.77288],[178.75913,-17.77752],[178.75261,-17.77614],[178.74781,-17.76995],[178.73469,-17.76757],[178.71945,-17.72984],[178.71319,-17.71098],[178.72576,-17.72471],[178.74191,-17.74958]]],[[[178.99741,-17.60801],[178.99855,-17.5971],[179.00685,-17.59319],[179.0197,-17.60084],[179.02605,-17.61061],[179.0381,-17.64202],[179.04078,-17.65618],[179.03338,-17.65618],[179.02898,-17.6443],[179.0232,-17.63543],[179.01564,-17.62819],[179.00538,-17.62135],[178.99741,-17.60801]]],[[[168.20786,-17.55039],[168.23894,-17.52191],[168.27565,-17.50937],[168.29542,-17.52646],[168.28273,-17.53069],[168.26043,-17.5429],[168.24708,-17.54632],[168.22381,-17.56146],[168.21339,-17.57008],[168.20541,-17.58115],[168.20786,-17.55039]]],[[[168.3274,-17.41937],[168.33855,-17.41448],[168.35206,-17.42498],[168.36378,-17.44394],[168.37208,-17.4791],[168.35629,-17.48414],[168.33416,-17.46998],[168.32276,-17.44736],[168.3274,-17.41937]]],[[[177.12013,-17.25547],[177.13258,-17.25449],[177.14918,-17.24529],[177.16285,-17.2658],[177.15602,-17.26702],[177.15309,-17.27068],[177.15187,-17.27516],[177.13771,-17.29485],[177.12452,-17.30682],[177.11183,-17.31032],[177.10133,-17.30055],[177.09946,-17.28395],[177.10401,-17.27028],[177.10524,-17.2597],[177.09392,-17.2527],[177.09392,-17.24529],[177.12013,-17.25547]]],[[[168.38575,-17.07334],[168.38185,-17.08001],[168.37648,-17.08538],[168.34327,-17.09344],[168.33302,-17.09441],[168.32276,-17.08945],[168.32781,-17.07806],[168.33953,-17.06618],[168.34938,-17.05967],[168.38836,-17.04119],[168.40203,-17.04095],[168.42514,-17.04664],[168.41676,-17.05316],[168.39112,-17.06715],[168.38575,-17.07334]]],[[[168.54298,-16.94232],[168.53273,-16.93792],[168.5298,-16.92946],[168.535,-16.9157],[168.53395,-16.89446],[168.55274,-16.87908],[168.57838,-16.87689],[168.59702,-16.8952],[168.57032,-16.9376],[168.55926,-16.94362],[168.54298,-16.94232]]],[[[177.41293,-16.89129],[177.40366,-16.9026],[177.41651,-16.90944],[177.41326,-16.91725],[177.40846,-16.92449],[177.4026,-16.93108],[177.39536,-16.93678],[177.39259,-16.93133],[177.38559,-16.92246],[177.37306,-16.90293],[177.37892,-16.89365],[177.40284,-16.88152],[177.39576,-16.86614],[177.40821,-16.8611],[177.42823,-16.86289],[177.4437,-16.86785],[177.41293,-16.89129]]],[[[178.33009,-16.81406],[178.33562,-16.82513],[178.33367,-16.82887],[178.30738,-16.82757],[178.29021,-16.83441],[178.28297,-16.82236],[178.28004,-16.78672],[178.28631,-16.78672],[178.29469,-16.79209],[178.30641,-16.79388],[178.33399,-16.79339],[178.33009,-16.81406]]],[[[179.88331,-16.65553],[179.90008,-16.65016],[179.90724,-16.64951],[179.9109,-16.64625],[179.91017,-16.63209],[179.91407,-16.629],[179.92335,-16.62819],[179.93458,-16.6251],[179.945,-16.61875],[179.95167,-16.60784],[179.95265,-16.62835],[179.94744,-16.64446],[179.9358,-16.65407],[179.91749,-16.65553],[179.88331,-16.65553]]],[[[178.59669,-16.57838],[178.60515,-16.58001],[178.61378,-16.57806],[178.62257,-16.57301],[178.61573,-16.58375],[178.60613,-16.59173],[178.59246,-16.59564],[178.57399,-16.59417],[178.56674,-16.59246],[178.56365,-16.59092],[178.56039,-16.58733],[178.58823,-16.57301],[178.59669,-16.57838]]],[[[168.31593,-16.53582],[168.30763,-16.52459],[168.29542,-16.49798],[168.32447,-16.49228],[168.33725,-16.49188],[168.34938,-16.49798],[168.36118,-16.51426],[168.36134,-16.52939],[168.35043,-16.53924],[168.3296,-16.53965],[168.31593,-16.53582]]],[[[168.22267,-16.44061],[168.23414,-16.43231],[168.261,-16.42978],[168.25172,-16.44476],[168.25082,-16.47959],[168.24383,-16.49456],[168.22625,-16.50482],[168.21013,-16.50465],[168.20314,-16.49538],[168.21315,-16.47812],[168.22267,-16.44061]]],[[[179.37664,-16.32887],[179.38966,-16.33359],[179.37745,-16.33904],[179.36118,-16.34075],[179.34376,-16.33896],[179.32814,-16.33359],[179.32814,-16.32659],[179.36232,-16.32659],[179.37664,-16.32887]]],[[[167.18588,-15.75075],[167.17205,-15.74424],[167.14422,-15.72405],[167.12941,-15.71836],[167.10141,-15.7112],[167.08912,-15.70355],[167.07228,-15.6762],[167.07569,-15.64959],[167.09498,-15.62957],[167.12696,-15.62151],[167.19776,-15.62998],[167.23357,-15.64153],[167.23683,-15.65936],[167.22495,-15.69004],[167.23211,-15.71901],[167.23373,-15.74139],[167.20574,-15.75123],[167.18588,-15.75075]]],[[[167.10108,-14.93963],[167.09645,-14.92889],[167.11411,-14.93385],[167.13982,-14.9533],[167.1574,-14.95623],[167.14861,-14.96559],[167.13966,-14.96966],[167.13103,-14.96893],[167.12322,-14.96364],[167.10108,-14.93963]]],[[[167.71176,-13.62591],[167.71648,-13.64023],[167.71664,-13.65635],[167.7129,-13.66823],[167.70427,-13.67254],[167.68751,-13.67799],[167.66765,-13.68206],[167.65073,-13.6819],[167.64357,-13.6928],[167.63502,-13.69354],[167.63347,-13.68426],[167.66993,-13.63649],[167.68393,-13.62469],[167.70265,-13.61981],[167.71176,-13.62591]]],[[[167.33676,-13.52353],[167.34693,-13.52801],[167.35865,-13.52557],[167.37086,-13.51735],[167.36866,-13.54339],[167.3567,-13.5534],[167.33806,-13.55397],[167.3156,-13.55153],[167.30519,-13.53672],[167.29705,-13.5206],[167.29664,-13.50449],[167.30885,-13.49017],[167.33481,-13.48358],[167.35133,-13.49293],[167.35141,-13.50595],[167.32927,-13.51051],[167.33676,-13.52353]]],[[[166.59067,-13.22275],[166.61158,-13.21526],[166.63152,-13.21673],[166.64405,-13.23008],[166.64283,-13.24774],[166.63054,-13.26165],[166.61305,-13.26824],[166.59571,-13.26426],[166.58815,-13.25848],[166.58277,-13.25254],[166.57879,-13.24529],[166.57521,-13.23626],[166.59067,-13.22275]]],[[[166.65846,-13.41546],[166.67384,-13.40765],[166.68873,-13.42344],[166.6727,-13.45501],[166.65846,-13.41546]]],[[[168.82293,-12.26727],[168.82586,-12.28151],[168.81861,-12.28493],[168.80242,-12.29062],[168.79786,-12.28191],[168.80567,-12.2741],[168.81227,-12.26629],[168.82293,-12.26727]]],[[[165.73561,-10.42457],[165.72779,-10.42246],[165.72291,-10.41286],[165.72381,-10.40154],[165.72625,-10.39463],[165.73219,-10.38991],[165.74635,-10.39349],[165.75506,-10.40691],[165.75294,-10.41676],[165.74529,-10.42164],[165.73561,-10.42457]]],[[[179.9061,-9.41863],[179.90528,-9.42067],[179.90406,-9.40049],[179.89861,-9.38681],[179.90122,-9.38795],[179.90675,-9.39935],[179.9061,-9.41863]]],[[[179.8733,-9.34686],[179.87843,-9.36077],[179.87696,-9.36297],[179.87176,-9.35019],[179.86744,-9.34433],[179.86785,-9.34319],[179.8733,-9.34686]]],[[[166.98552,-11.6233],[166.97967,-11.6386],[166.96323,-11.65032],[166.94565,-11.65325],[166.93898,-11.64202],[166.94435,-11.62542],[166.95769,-11.61256],[166.97584,-11.61102],[166.98487,-11.61435],[166.98552,-11.6233]]]]}},{"type":"Feature","properties":{},"geometry":{"type":"MultiPolygon","coordinates":[[[[-173.94127,-18.57285],[-173.93427,-18.57928],[-173.92797,-18.58668],[-173.91539,-18.59531],[-173.91426,-18.60613],[-173.91515,-18.62689],[-173.92296,-18.63698],[-173.94209,-18.61582],[-173.95295,-18.6207],[-173.95861,-18.62672],[-173.95763,-18.63421],[-173.94896,-18.64316],[-173.95722,-18.65301],[-173.9626,-18.66351],[-173.97663,-18.66058],[-173.98595,-18.67099],[-173.99059,-18.68808],[-173.99055,-18.70517],[-174.00304,-18.6985],[-174.00996,-18.68711],[-174.0172,-18.66351],[-174.00117,-18.6574],[-174.00036,-18.64568],[-174.00646,-18.63437],[-174.01098,-18.62949],[-174.02233,-18.63885],[-174.02562,-18.65374],[-174.03014,-18.66334],[-174.04516,-18.65683],[-174.04613,-18.66237],[-174.04906,-18.66351],[-174.05358,-18.66318],[-174.05944,-18.66351],[-174.0725,-18.63397],[-174.05358,-18.61907],[-174.02546,-18.60491],[-174.01098,-18.57789],[-174.00414,-18.57098],[-173.98811,-18.56732],[-173.96984,-18.56618],[-173.95637,-18.56732],[-173.94127,-18.57285]]],[[[-175.05464,-21.13152],[-175.05089,-21.13934],[-175.05187,-21.15496],[-175.0605,-21.16375],[-175.11738,-21.20306],[-175.12096,-21.21168],[-175.11933,-21.22234],[-175.11592,-21.23358],[-175.11396,-21.24407],[-175.11762,-21.25595],[-175.12654,-21.26279],[-175.13781,-21.26621],[-175.14875,-21.268],[-175.17036,-21.26336],[-175.18049,-21.25506],[-175.19652,-21.22633],[-175.20967,-21.21445],[-175.25731,-21.19215],[-175.26484,-21.19964],[-175.28962,-21.18597],[-175.30378,-21.18076],[-175.31627,-21.17864],[-175.32575,-21.1736],[-175.35045,-21.14105],[-175.36482,-21.11395],[-175.3553,-21.08961],[-175.33214,-21.07122],[-175.30578,-21.0626],[-175.31823,-21.07684],[-175.33406,-21.08961],[-175.34081,-21.10263],[-175.32624,-21.11712],[-175.31542,-21.12135],[-175.30651,-21.12168],[-175.24983,-21.11126],[-175.24059,-21.1137],[-175.2331,-21.11932],[-175.22521,-21.12379],[-175.21886,-21.13006],[-175.21638,-21.14105],[-175.23131,-21.15008],[-175.23823,-21.15838],[-175.23408,-21.16863],[-175.22358,-21.17254],[-175.21357,-21.16839],[-175.20356,-21.16155],[-175.1931,-21.15814],[-175.18078,-21.16009],[-175.16308,-21.16937],[-175.15498,-21.17181],[-175.14013,-21.16839],[-175.13423,-21.15789],[-175.12841,-21.14414],[-175.11396,-21.13079],[-175.10371,-21.12623],[-175.09081,-21.12274],[-175.07738,-21.12151],[-175.06554,-21.12396],[-175.05464,-21.13152]]],[[[-169.82531,-18.96795],[-169.82262,-18.97259],[-169.79426,-19.04713],[-169.78291,-19.06894],[-169.79686,-19.07391],[-169.80598,-19.08196],[-169.82384,-19.10231],[-169.86543,-19.12965],[-169.873,-19.12591],[-169.88097,-19.12908],[-169.89892,-19.14275],[-169.90205,-19.13299],[-169.90998,-19.12859],[-169.92109,-19.12802],[-169.93371,-19.12965],[-169.93053,-19.1264],[-169.92797,-19.12282],[-169.92479,-19.11932],[-169.91942,-19.11598],[-169.92406,-19.09938],[-169.92626,-19.0949],[-169.95043,-19.08733],[-169.9477,-19.06943],[-169.92626,-19.03753],[-169.92797,-19.03183],[-169.93159,-19.02654],[-169.9344,-19.02093],[-169.93371,-19.0136],[-169.93025,-19.0084],[-169.92638,-19.00742],[-169.92182,-19.00701],[-169.91601,-19.00311],[-169.89582,-18.9651],[-169.86372,-18.96404],[-169.85114,-18.9651],[-169.82531,-18.96795]]],[[[-179.98986,-16.77117],[-179.91588,-16.69451],[-179.89765,-16.68353],[-179.87715,-16.67783],[-179.86408,-16.68133],[-179.8557,-16.69305],[-179.84651,-16.72129],[-179.84288,-16.73821],[-179.8424,-16.74871],[-179.83003,-16.75612],[-179.82091,-16.76344],[-179.81566,-16.77223],[-179.82099,-16.77996],[-179.85664,-16.8139],[-179.86653,-16.83164],[-179.86933,-16.84059],[-179.87157,-16.86386],[-179.87531,-16.86549],[-179.88146,-16.86452],[-179.89013,-16.86785],[-179.95116,-16.90594],[-179.9829,-16.93239],[-180.0,-16.96414],[-180.0,-16.78673],[-179.98986,-16.77117]]],[[[-170.57624,-14.25254],[-170.56725,-14.25856],[-170.56847,-14.27093],[-170.58418,-14.27776],[-170.64232,-14.28069],[-170.65929,-14.28525],[-170.68358,-14.30283],[-170.72179,-14.35345],[-170.74865,-14.37469],[-170.75548,-14.36712],[-170.79646,-14.33994],[-170.82282,-14.32676],[-170.83125,-14.31943],[-170.78864,-14.29453],[-170.77257,-14.29144],[-170.73786,-14.29209],[-170.72151,-14.28924],[-170.69848,-14.26051],[-170.66145,-14.25237],[-170.62007,-14.25457],[-170.59101,-14.26483],[-170.57624,-14.25254]]]]}},{"type":"Feature","properties":{},"geometry":{"type":"MultiPolygon","coordinates":[[[[-178.58198,-19.1373],[-178.56635,-19.15106],[-178.54804,-19.15927],[-178.53331,-19.157],[-178.53698,-19.17718],[-178.55586,-19.17498],[-178.59166,-19.157],[-178.60033,-19.14772],[-178.59712,-19.12851],[-178.58165,-19.1115],[-178.55382,-19.10914],[-178.55968,-19.11883],[-178.56635,-19.12086],[-178.57543,-19.12054],[-178.58857,-19.12282],[-178.58198,-19.1373]]],[[[-179.86286,-18.9651],[-179.84968,-18.92344],[-179.81269,-18.92734],[-179.78718,-18.95534],[-179.80822,-18.98642],[-179.81676,-18.95224],[-179.83776,-18.94883],[-179.85521,-18.96315],[-179.85289,-18.9826],[-179.84435,-19.00213],[-179.85827,-19.00595],[-179.87194,-18.99375],[-179.86307,-18.96583],[-179.86286,-18.9651]]],[[[-178.74913,-18.20322],[-178.74568,-18.22161],[-178.75182,-18.23846],[-178.7633,-18.24586],[-178.79743,-18.24586],[-178.80659,-18.24375],[-178.8142,-18.23895],[-178.82026,-18.23431],[-178.82478,-18.23211],[-178.84541,-18.21738],[-178.8249,-18.18914],[-178.78978,-18.17213],[-178.76671,-18.19126],[-178.74913,-18.20322]]],[[[-179.03183,-17.96633],[-179.02797,-17.9899],[-179.02787,-18.00301],[-179.04622,-18.00752],[-179.05912,-18.00066],[-179.06934,-17.98932],[-179.0787,-17.96664],[-179.05951,-17.95252],[-179.05029,-17.95595],[-179.03183,-17.96633]]],[[[-178.28108,-17.88877],[-178.26293,-17.9013],[-178.24641,-17.91758],[-178.23913,-17.93426],[-178.24865,-17.95257],[-178.27123,-17.96168],[-178.29829,-17.96331],[-178.32103,-17.95843],[-178.35228,-17.94573],[-178.35778,-17.91432],[-178.33788,-17.886],[-178.29316,-17.88275],[-178.28108,-17.88877]]],[[[-178.93293,-17.1915],[-178.91735,-17.20127],[-178.91072,-17.21453],[-178.92597,-17.24725],[-178.92748,-17.2527],[-178.94628,-17.25921],[-178.96593,-17.27508],[-178.98095,-17.29502],[-178.98583,-17.31357],[-179.00068,-17.3025],[-178.99767,-17.28314],[-178.98534,-17.26377],[-178.97216,-17.2527],[-178.97578,-17.23984],[-178.97065,-17.23382],[-178.96284,-17.23024],[-178.95849,-17.22479],[-178.95832,-17.21136],[-178.96028,-17.2055],[-178.97216,-17.19744],[-178.98205,-17.19256],[-179.00377,-17.18865],[-179.01313,-17.18385],[-179.01708,-17.17653],[-179.01854,-17.15691],[-179.01997,-17.1491],[-179.00605,-17.15472],[-178.9969,-17.16611],[-178.98542,-17.17588],[-178.96471,-17.17693],[-178.93293,-17.1915]]],[[[-178.10814,-14.27899],[-178.10509,-14.28525],[-178.09248,-14.289],[-178.04674,-14.3126],[-178.04674,-14.31943],[-178.10005,-14.31601],[-178.10884,-14.31943],[-178.12145,-14.3139],[-178.14692,-14.31015],[-178.15661,-14.30511],[-178.17524,-14.27703],[-178.18574,-14.24822],[-178.17805,-14.2326],[-178.14232,-14.24358],[-178.10814,-14.27899]]],[[[-174.90852,-21.32936],[-174.90905,-21.3445],[-174.91474,-21.38144],[-174.91393,-21.44411],[-174.92028,-21.4542],[-174.93586,-21.44549],[-174.94221,-21.43027],[-174.9549,-21.41806],[-174.98363,-21.39772],[-174.98363,-21.39088],[-174.97969,-21.38942],[-174.96996,-21.38397],[-174.97582,-21.37314],[-174.97688,-21.35955],[-174.97175,-21.34791],[-174.95185,-21.33978],[-174.94551,-21.33213],[-174.93586,-21.31569],[-174.93354,-21.3095],[-174.92614,-21.29461],[-174.91841,-21.28444],[-174.91474,-21.29217],[-174.90852,-21.32936]]],[[[-159.77843,-21.18694],[-159.75841,-21.19183],[-159.74275,-21.20159],[-159.7364,-21.21673],[-159.73603,-21.23699],[-159.73786,-21.24627],[-159.74323,-21.25433],[-159.77086,-21.25018],[-159.77428,-21.25091],[-159.79328,-21.24163],[-159.83308,-21.24456],[-159.84626,-21.23382],[-159.83882,-21.22633],[-159.83283,-21.20761],[-159.83141,-21.19557],[-159.82344,-21.18906],[-159.79784,-21.18613],[-159.77843,-21.18694]]],[[[-176.14302,-13.23073],[-176.13056,-13.24765],[-176.1256,-13.26409],[-176.13561,-13.28476],[-176.13215,-13.28851],[-176.13056,-13.29119],[-176.12816,-13.29827],[-176.14448,-13.30088],[-176.14765,-13.31048],[-176.14184,-13.33587],[-176.14717,-13.34775],[-176.15949,-13.35027],[-176.17321,-13.34645],[-176.18281,-13.33929],[-176.18391,-13.32383],[-176.19477,-13.30674],[-176.19957,-13.29062],[-176.18281,-13.27793],[-176.19017,-13.25701],[-176.18403,-13.23789],[-176.1704,-13.22145],[-176.15547,-13.20892],[-176.14302,-13.23073]]],[[[-178.72724,-20.66473],[-178.73103,-20.65765],[-178.7303,-20.65008],[-178.72496,-20.64235],[-178.72423,-20.65097],[-178.72081,-20.65927],[-178.71528,-20.66619],[-178.70812,-20.67132],[-178.71101,-20.67181],[-178.71906,-20.67099],[-178.72724,-20.66473]]],[[[-171.19551,-9.35068],[-171.1997,-9.34433],[-171.2032,-9.33766],[-171.2058,-9.33099],[-171.1977,-9.33636],[-171.19135,-9.34336],[-171.18733,-9.35174],[-171.18566,-9.36126],[-171.1883,-9.36175],[-171.18895,-9.36045],[-171.18932,-9.35817],[-171.19066,-9.35638],[-171.19551,-9.35068]]],[[[-172.49494,-8.55478],[-172.50255,-8.54323],[-172.49169,-8.55185],[-172.48302,-8.5626],[-172.47936,-8.57448],[-172.48363,-8.58652],[-172.48384,-8.58131],[-172.48607,-8.56536],[-172.49494,-8.55478]]],[[[-173.72024,-15.93182],[-173.71524,-15.93206],[-173.71585,-15.94573],[-173.72659,-15.96299],[-173.74124,-15.97674],[-173.75687,-15.97658],[-173.76521,-15.96608],[-173.76472,-15.95859],[-173.7543,-15.94956],[-173.73339,-15.93971],[-173.72024,-15.93182]]],[[[-177.97671,-14.348],[-177.9842,-14.35377],[-178.00349,-14.36207],[-178.01765,-14.37176],[-178.0242,-14.37859],[-178.03291,-14.37892],[-178.05899,-14.36769],[-178.0677,-14.36061],[-178.06599,-14.35247],[-178.05915,-14.34596],[-178.02554,-14.33066],[-178.01509,-14.3331],[-178.00349,-14.3388],[-177.99413,-14.34035],[-177.9901,-14.33994],[-177.9816,-14.34393],[-177.97671,-14.348]]]]}},{"type":"Feature","properties":{},"geometry":{"type":"MultiPolygon","coordinates":[[[[-179.9914,-16.47576],[-179.96471,-16.45745],[-179.95906,-16.44687],[-179.951,-16.44305],[-179.91181,-16.43157],[-179.89765,-16.42978],[-179.89765,-16.43646],[-179.90705,-16.43825],[-179.9112,-16.44118],[-179.91002,-16.44508],[-179.9038,-16.45029],[-179.9038,-16.4577],[-179.9099,-16.45957],[-179.9143,-16.4616],[-179.91963,-16.46315],[-179.92833,-16.4638],[-179.9333,-16.46803],[-179.93745,-16.47747],[-179.937,-16.48691],[-179.92833,-16.49114],[-179.92199,-16.49749],[-179.9348,-16.51084],[-179.95202,-16.52304],[-180.0,-16.54111],[-180.0,-16.48994],[-179.9914,-16.47576]]],[[[-179.98754,-16.13812],[-179.97301,-16.13104],[-179.93859,-16.12127],[-179.94848,-16.14219],[-179.96178,-16.15472],[-179.97887,-16.16277],[-180.0,-16.16961],[-180.0,-16.14911],[-179.98754,-16.13812]]]]}},{"type":"Feature","properties":{},"geometry":{"type":"MultiPolygon","coordinates":[[[[-174.78242,-20.23919],[-174.78071,-20.24562],[-174.78409,-20.25945],[-174.78909,-20.2671],[-174.80187,-20.26458],[-174.81286,-20.25539],[-174.81115,-20.24839],[-174.80529,-20.24424],[-174.79813,-20.24318],[-174.78242,-20.23919]]],[[[-175.02615,-19.65293],[-175.01399,-19.66343],[-175.01989,-19.68483],[-175.03478,-19.68833],[-175.03726,-19.67791],[-175.03494,-19.66098],[-175.02615,-19.65293]]],[[[-158.91369,-19.23732],[-158.90359,-19.24009],[-158.89851,-19.25449],[-158.90465,-19.26027],[-158.911,-19.25457],[-158.91169,-19.24928],[-158.91633,-19.2457],[-158.91759,-19.24293],[-158.91369,-19.23732]]],[[[-173.76366,-15.95208],[-173.76598,-15.95713],[-173.76948,-15.9542],[-173.76879,-15.9485],[-173.76452,-15.94858],[-173.76366,-15.95208]]],[[[-173.71817,-15.84726],[-173.71353,-15.85101],[-173.71369,-15.85914],[-173.71817,-15.84726]]],[[[-179.87877,-15.74407],[-179.86848,-15.75465],[-179.87279,-15.76149],[-179.88805,-15.75823],[-179.90404,-15.74424],[-179.92732,-15.73292],[-179.94506,-15.73146],[-179.94913,-15.72829],[-179.95706,-15.71649],[-179.95763,-15.7125],[-179.95246,-15.7112],[-179.89306,-15.73471],[-179.87877,-15.74407]]],[[[-163.17422,-13.28118],[-163.17618,-13.28135],[-163.17565,-13.27923],[-163.17422,-13.28118]]],[[[-163.08243,-13.25628],[-163.08239,-13.25807],[-163.08434,-13.25595],[-163.0845,-13.25384],[-163.08243,-13.25628]]],[[[-165.41291,-11.55918],[-165.41255,-11.5643],[-165.41849,-11.56072],[-165.41881,-11.55552],[-165.41291,-11.55918]]],[[[-165.80382,-10.94752],[-165.81522,-10.95298],[-165.82474,-10.94915],[-165.82307,-10.94695],[-165.81416,-10.94793],[-165.81208,-10.93947],[-165.80541,-10.9389],[-165.80382,-10.94752]]],[[[-171.21158,-9.41709],[-171.21333,-9.41937],[-171.21504,-9.41391],[-171.21561,-9.40854],[-171.21451,-9.40455],[-171.21268,-9.40504],[-171.21158,-9.41709]]],[[[-171.26631,-9.37355],[-171.26883,-9.3764],[-171.27147,-9.3733],[-171.26907,-9.37062],[-171.26631,-9.37355]]],[[[-171.83796,-9.18019],[-171.83698,-9.18467],[-171.83804,-9.18418],[-171.83821,-9.17995],[-171.83796,-9.18019]]],[[[-171.84207,-9.16912],[-171.84765,-9.157],[-171.8476,-9.15187],[-171.84309,-9.15911],[-171.83987,-9.17075],[-171.84207,-9.16912]]],[[[-158.01094,-9.06666],[-158.00935,-9.06618],[-158.0,-9.07861],[-158.0,-9.08264],[-158.01094,-9.06666]]],[[[-158.02998,-9.06162],[-158.03165,-9.06333],[-158.03759,-9.05942],[-158.06481,-9.01458],[-158.03185,-9.05991],[-158.02998,-9.06162]]]]}},{"type":"Feature","properties":{},"geometry":{"type":"MultiPolygon","coordinates":[[[[-172.19758,-13.60312],[-172.19567,-13.61386],[-172.19489,-13.6369],[-172.19026,-13.65602],[-172.18139,-13.66766],[-172.17565,-13.68027],[-172.18061,-13.70241],[-172.19066,-13.71795],[-172.20214,-13.73016],[-172.2115,-13.74456],[-172.21532,-13.76767],[-172.21235,-13.79062],[-172.21296,-13.80096],[-172.21906,-13.80535],[-172.24279,-13.80511],[-172.25324,-13.80291],[-172.26378,-13.79803],[-172.27953,-13.78484],[-172.28771,-13.775],[-172.29756,-13.76979],[-172.31843,-13.77125],[-172.36864,-13.789],[-172.52318,-13.80535],[-172.53291,-13.7986],[-172.54316,-13.78525],[-172.55114,-13.77752],[-172.56737,-13.76881],[-172.57514,-13.76279],[-172.57848,-13.754],[-172.58056,-13.74481],[-172.58996,-13.72479],[-172.59211,-13.71266],[-172.59712,-13.70062],[-172.60896,-13.69305],[-172.62255,-13.68776],[-172.63305,-13.6819],[-172.65453,-13.64918],[-172.66747,-13.63388],[-172.69335,-13.62412],[-172.70348,-13.61663],[-172.71874,-13.6028],[-172.72187,-13.59783],[-172.72301,-13.58733],[-172.72558,-13.58196],[-172.73127,-13.57887],[-172.7445,-13.58001],[-172.74975,-13.5783],[-172.76118,-13.56504],[-172.77648,-13.54209],[-172.78258,-13.52028],[-172.76655,-13.51051],[-172.73237,-13.51051],[-172.69514,-13.52418],[-172.6612,-13.52516],[-172.63899,-13.52207],[-172.61535,-13.50937],[-172.60399,-13.50644],[-172.58186,-13.50449],[-172.5692,-13.5014],[-172.54223,-13.48789],[-172.53063,-13.48398],[-172.45185,-13.48398],[-172.43147,-13.48089],[-172.38923,-13.46697],[-172.36616,-13.46282],[-172.34443,-13.46299],[-172.32238,-13.46689],[-172.30077,-13.4765],[-172.28051,-13.49358],[-172.22277,-13.55836],[-172.22187,-13.5626],[-172.22358,-13.57391],[-172.22277,-13.5783],[-172.21752,-13.58278],[-172.20531,-13.58766],[-172.20104,-13.59254],[-172.19758,-13.60312]]],[[[-171.51948,-13.94476],[-171.46935,-13.96941],[-171.43769,-14.00612],[-171.44819,-14.03753],[-171.4453,-14.04144],[-171.44074,-14.05185],[-171.46618,-14.05283],[-171.53694,-14.04567],[-171.57921,-14.04949],[-171.59883,-14.04778],[-171.6195,-14.03753],[-171.63581,-14.04616],[-171.65241,-14.04518],[-171.68403,-14.03753],[-171.70014,-14.039],[-171.74299,-14.05185],[-171.75329,-14.05153],[-171.76203,-14.04876],[-171.76806,-14.04323],[-171.77033,-14.03484],[-171.77453,-14.0263],[-171.78437,-14.02223],[-171.80443,-14.01775],[-171.82221,-14.00848],[-171.83796,-14.00319],[-171.85407,-14.00189],[-171.8935,-14.00701],[-171.91112,-14.00644],[-171.92663,-14.00115],[-171.94099,-13.99041],[-171.9619,-13.9581],[-171.9724,-13.94622],[-171.982,-13.9494],[-171.98884,-13.9494],[-172.0063,-13.92498],[-172.01802,-13.9179],[-172.04064,-13.91522],[-172.06102,-13.90618],[-172.06367,-13.88502],[-172.05561,-13.86191],[-172.04406,-13.84637],[-171.9652,-13.81854],[-171.8802,-13.80535],[-171.83454,-13.80739],[-171.79231,-13.8165],[-171.65022,-13.87127],[-171.60692,-13.87615],[-171.58515,-13.88388],[-171.56758,-13.89674],[-171.55744,-13.91522],[-171.55907,-13.92539],[-171.56574,-13.93141],[-171.57002,-13.93816],[-171.56428,-13.9494],[-171.51948,-13.94476]]]]}},{"type":"Feature","properties":{},"geometry":{"type":"MultiPolygon","coordinates":[[[[-178.96906,-18.94264],[-178.95788,-18.92791],[-178.94359,-18.92636],[-178.93122,-18.94411],[-178.93098,-18.97137],[-178.94445,-18.98724],[-178.96154,-18.98675],[-178.97216,-18.9651],[-178.96906,-18.94264]]],[[[-158.00829,-8.95289],[-158.00288,-8.94671],[-158.0,-8.948],[-158.0,-8.96161],[-158.00829,-8.95289]]],[[[-174.34752,-19.79681],[-174.33698,-19.78777],[-174.32966,-19.775],[-174.32567,-19.7597],[-174.32075,-19.76067],[-174.3098,-19.76474],[-174.30586,-19.76719],[-174.31379,-19.78476],[-174.31513,-19.80446],[-174.32018,-19.81927],[-174.33934,-19.82187],[-174.34699,-19.81813],[-174.35314,-19.81373],[-174.35786,-19.80836],[-174.36107,-19.80136],[-174.34752,-19.79681]]],[[[-175.05333,-19.72381],[-175.04601,-19.75115],[-175.04784,-19.78118],[-175.05932,-19.80136],[-175.05932,-19.79388],[-175.06554,-19.80136],[-175.07051,-19.79559],[-175.07575,-19.79225],[-175.08727,-19.78769],[-175.0865,-19.78729],[-175.08764,-19.78476],[-175.08727,-19.78086],[-175.09948,-19.74977],[-175.10033,-19.73984],[-175.09667,-19.7208],[-175.09065,-19.71266],[-175.08165,-19.71136],[-175.06928,-19.71201],[-175.05333,-19.72381]]],[[[-174.2882,-19.72373],[-174.27819,-19.71063],[-174.26997,-19.69687],[-174.25744,-19.68467],[-174.25219,-19.69931],[-174.2552,-19.71217],[-174.26106,-19.7243],[-174.26427,-19.73642],[-174.27168,-19.74912],[-174.28755,-19.75058],[-174.30219,-19.74407],[-174.30582,-19.73301],[-174.2882,-19.72373]]],[[[-174.248,-19.63592],[-174.24401,-19.64625],[-174.24926,-19.65374],[-174.26427,-19.65049],[-174.27522,-19.63567],[-174.28844,-19.6111],[-174.29304,-19.59271],[-174.2779,-19.59588],[-174.27278,-19.60426],[-174.26777,-19.62615],[-174.26085,-19.63055],[-174.248,-19.63592]]],[[[-175.61262,-15.57334],[-175.61779,-15.6015],[-175.63915,-15.62428],[-175.66889,-15.62151],[-175.68627,-15.60231],[-175.68334,-15.58213],[-175.66377,-15.56601],[-175.63134,-15.5595],[-175.61262,-15.57334]]],[[[-169.44404,-14.23065],[-169.44013,-14.24529],[-169.44713,-14.25563],[-169.46015,-14.25042],[-169.46809,-14.25872],[-169.47619,-14.26238],[-169.48497,-14.26198],[-169.49486,-14.25726],[-169.49836,-14.26605],[-169.50426,-14.2706],[-169.51252,-14.27174],[-169.52282,-14.27093],[-169.5255,-14.25897],[-169.52929,-14.24879],[-169.53478,-14.24114],[-169.54267,-14.23675],[-169.52754,-14.22601],[-169.50646,-14.22226],[-169.46386,-14.22324],[-169.44404,-14.23065]]],[[[-176.20421,-22.32692],[-176.19811,-22.33196],[-176.20185,-22.33611],[-176.20702,-22.3388],[-176.21019,-22.3388],[-176.21589,-22.33514],[-176.21931,-22.32985],[-176.21825,-22.32488],[-176.21349,-22.32391],[-176.20421,-22.32692]]],[[[-158.08178,-20.01279],[-158.09655,-20.01971],[-158.1151,-20.01572],[-158.12995,-20.00075],[-158.1352,-19.9765],[-158.12031,-19.97283],[-158.09736,-19.98154],[-158.07832,-19.99424],[-158.08178,-20.01279]]],[[[-158.28108,-19.82195],[-158.27636,-19.8235],[-158.2733,-19.82627],[-158.2683,-19.83261],[-158.28108,-19.82195]]],[[[-178.23054,-19.83522],[-178.22895,-19.82903],[-178.22362,-19.8222],[-178.21614,-19.8152],[-178.2176,-19.82187],[-178.22004,-19.82789],[-178.2268,-19.84002],[-178.23054,-19.83522]]],[[[-158.29377,-19.81658],[-158.29735,-19.81732],[-158.29597,-19.81455],[-158.28767,-19.81064],[-158.29377,-19.81658]]],[[[-158.93745,-19.26426],[-158.95018,-19.25449],[-158.95556,-19.24529],[-158.94567,-19.24212],[-158.94066,-19.24733],[-158.93798,-19.25709],[-158.9322,-19.26426],[-158.91808,-19.26116],[-158.91889,-19.26409],[-158.92036,-19.26605],[-158.92516,-19.26922],[-158.93745,-19.26426]]],[[[-178.40111,-19.13348],[-178.39293,-19.12754],[-178.38927,-19.14642],[-178.39196,-19.16579],[-178.39961,-19.17099],[-178.40937,-19.17181],[-178.41881,-19.17864],[-178.4217,-19.1762],[-178.42199,-19.17376],[-178.41979,-19.16741],[-178.40111,-19.13348]]],[[[-178.90722,-18.88152],[-178.91487,-18.88405],[-178.9226,-18.88437],[-178.93061,-18.88209],[-178.9195,-18.87265],[-178.9073,-18.86403],[-178.89399,-18.8576],[-178.87987,-18.85426],[-178.88386,-18.86077],[-178.88854,-18.86679],[-178.89379,-18.87225],[-178.89965,-18.87713],[-178.90722,-18.88152]]],[[[-174.66413,-18.80136],[-174.66124,-18.78688],[-174.64961,-18.77955],[-174.63386,-18.78533],[-174.62682,-18.79754],[-174.63024,-18.80901],[-174.64045,-18.81658],[-174.6538,-18.81748],[-174.66413,-18.80136]]],[[[-178.51631,-18.65],[-178.5111,-18.63795],[-178.49922,-18.63372],[-178.48799,-18.64137],[-178.48607,-18.65179],[-178.49031,-18.66074],[-178.49812,-18.66595],[-178.50715,-18.66522],[-178.51631,-18.65]]],[[[-179.33613,-17.75848],[-179.33422,-17.74],[-179.3203,-17.72487],[-179.29809,-17.72324],[-179.27973,-17.73943],[-179.28075,-17.76019],[-179.29646,-17.77418],[-179.32258,-17.7702],[-179.33613,-17.75848]]],[[[-179.1728,-17.45794],[-179.17549,-17.43971],[-179.16601,-17.42555],[-179.14558,-17.42425],[-179.13471,-17.43532],[-179.13081,-17.45371],[-179.13707,-17.46893],[-179.15661,-17.47137],[-179.1728,-17.45794]]],[[[-179.15669,-17.25408],[-179.14647,-17.24798],[-179.13439,-17.25213],[-179.12788,-17.26491],[-179.13081,-17.27703],[-179.13927,-17.2833],[-179.14948,-17.28216],[-179.1573,-17.27272],[-179.15669,-17.25408]]],[[[-168.17309,-14.5237],[-168.16352,-14.51979],[-168.16047,-14.52093],[-168.16157,-14.53289],[-168.17309,-14.5237]]],[[[-169.66816,-14.16912],[-169.65819,-14.16888],[-169.64717,-14.17213],[-169.63561,-14.17702],[-169.66015,-14.18914],[-169.66975,-14.18792],[-169.67622,-14.1749],[-169.66816,-14.16912]]],[[[-171.07348,-11.06211],[-171.08153,-11.06609],[-171.08654,-11.06032],[-171.08564,-11.05136],[-171.07282,-11.0525],[-171.07348,-11.06211]]],[[[-165.81587,-10.8803],[-165.81176,-10.88014],[-165.80769,-10.88128],[-165.81404,-10.88909],[-165.81871,-10.89153],[-165.82209,-10.88909],[-165.82453,-10.88177],[-165.81587,-10.8803]]],[[[-160.99433,-10.37469],[-160.99641,-10.37151],[-160.97993,-10.38095],[-160.9381,-10.42278],[-160.98624,-10.38209],[-160.99433,-10.37469]]],[[[-161.07006,-10.02744],[-161.07555,-10.03639],[-161.08727,-10.04461],[-161.088,-10.03509],[-161.07006,-10.02744]]],[[[-159.77261,-18.82895],[-159.76199,-18.83725],[-159.76138,-18.84539],[-159.76496,-18.84173],[-159.76663,-18.83522],[-159.76968,-18.83432],[-159.77925,-18.85288],[-159.77961,-18.85638],[-159.77648,-18.87819],[-159.78287,-18.88795],[-159.79361,-18.88747],[-159.80081,-18.87819],[-159.80232,-18.86582],[-159.79788,-18.84653],[-159.79385,-18.83994],[-159.7851,-18.83082],[-159.77261,-18.82895]]]]}},{"type":"Feature","properties":{},"geometry":{"type":"Polygon","coordinates":[[[172.05934,-22.3978],[172.05723,-22.40017],[172.05433,-22.39727],[172.05644,-22.39463],[172.05934,-22.3978]]]}},{"type":"Feature","properties":{},"geometry":{"type":"Polygon","coordinates":[[[171.34377,-22.34634],[171.34192,-22.34924],[171.33902,-22.34766],[171.3406,-22.34476],[171.34377,-22.34634]]]}},{"type":"Feature","properties":{},"geometry":{"type":"Polygon","coordinates":[[[179.4992,-10.76808],[179.50465,-10.76914],[179.5031,-10.77207],[179.4992,-10.76808]]]}},{"type":"Feature","properties":{},"geometry":{"type":"Polygon","coordinates":[[[165.7995,-10.65391],[165.80696,-10.6511],[165.82303,-10.66241],[165.82708,-10.67485],[165.81688,-10.69298],[165.80929,-10.69735],[165.79437,-10.69844],[165.78002,-10.7018],[165.78175,-10.69617],[165.79151,-10.68605],[165.7961,-10.67592],[165.79549,-10.66743],[165.7995,-10.65391]]]}},{"type":"Feature","properties":{},"geometry":{"type":"Polygon","coordinates":[[[178.42685,-7.97446],[178.42888,-7.97047],[178.4297,-7.97332],[178.42685,-7.97446]]]}},{"type":"Feature","properties":{},"geometry":{"type":"Polygon","coordinates":[[[177.16961,-7.28997],[177.17156,-7.29127],[177.16684,-7.29656],[177.16171,-7.29404],[177.16456,-7.2903],[177.16961,-7.28997]]]}},{"type":"Feature","properties":{},"geometry":{"type":"Polygon","coordinates":[[[-174.78242,-20.23919],[-174.78071,-20.24562],[-174.78409,-20.25945],[-174.78909,-20.2671],[-174.80187,-20.26458],[-174.81286,-20.25539],[-174.81115,-20.24839],[-174.80529,-20.24424],[-174.79813,-20.24318],[-174.78242,-20.23919]]]}},{"type":"Feature","properties":{},"geometry":{"type":"Polygon","coordinates":[[[-175.02615,-19.65293],[-175.01399,-19.66343],[-175.01989,-19.68483],[-175.03478,-19.68833],[-175.03726,-19.67791],[-175.03494,-19.66098],[-175.02615,-19.65293]]]}},{"type":"Feature","properties":{},"geometry":{"type":"Polygon","coordinates":[[[-158.91369,-19.23732],[-158.90359,-19.24009],[-158.89851,-19.25449],[-158.90465,-19.26027],[-158.911,-19.25457],[-158.91169,-19.24928],[-158.91633,-19.2457],[-158.91759,-19.24293],[-158.91369,-19.23732]]]}},{"type":"Feature","properties":{},"geometry":{"type":"Polygon","coordinates":[[[-173.72024,-15.93182],[-173.71524,-15.93206],[-173.71585,-15.94573],[-173.72659,-15.96299],[-173.74124,-15.97674],[-173.75687,-15.97658],[-173.76521,-15.96608],[-173.76472,-15.95859],[-173.7543,-15.94956],[-173.73339,-15.93971],[-173.72024,-15.93182]]]}},{"type":"Feature","properties":{},"geometry":{"type":"Polygon","coordinates":[[[-173.76366,-15.95208],[-173.76598,-15.95713],[-173.76948,-15.9542],[-173.76879,-15.9485],[-173.76452,-15.94858],[-173.76366,-15.95208]]]}},{"type":"Feature","properties":{},"geometry":{"type":"Polygon","coordinates":[[[-173.71817,-15.84726],[-173.71353,-15.85101],[-173.71369,-15.85914],[-173.71817,-15.84726]]]}},{"type":"Feature","properties":{},"geometry":{"type":"Polygon","coordinates":[[[-179.87877,-15.74407],[-179.86848,-15.75465],[-179.87279,-15.76149],[-179.88805,-15.75823],[-179.90404,-15.74424],[-179.92732,-15.73292],[-179.94506,-15.73146],[-179.94913,-15.72829],[-179.95706,-15.71649],[-179.95763,-15.7125],[-179.95246,-15.7112],[-179.89306,-15.73471],[-179.87877,-15.74407]]]}},{"type":"Feature","properties":{},"geometry":{"type":"Polygon","coordinates":[[[-177.97671,-14.348],[-177.9842,-14.35377],[-178.00349,-14.36207],[-178.01765,-14.37176],[-178.0242,-14.37859],[-178.03291,-14.37892],[-178.05899,-14.36769],[-178.0677,-14.36061],[-178.06599,-14.35247],[-178.05915,-14.34596],[-178.02554,-14.33066],[-178.01509,-14.3331],[-178.00349,-14.3388],[-177.99413,-14.34035],[-177.9901,-14.33994],[-177.9816,-14.34393],[-177.97671,-14.348]]]}},{"type":"Feature","properties":{},"geometry":{"type":"Polygon","coordinates":[[[-163.17422,-13.28118],[-163.17618,-13.28135],[-163.17565,-13.27923],[-163.17422,-13.28118]]]}},{"type":"Feature","properties":{},"geometry":{"type":"Polygon","coordinates":[[[-163.08243,-13.25628],[-163.08239,-13.25807],[-163.08434,-13.25595],[-163.0845,-13.25384],[-163.08243,-13.25628]]]}},{"type":"Feature","properties":{},"geometry":{"type":"Polygon","coordinates":[[[-165.41291,-11.55918],[-165.41255,-11.5643],[-165.41849,-11.56072],[-165.41881,-11.55552],[-165.41291,-11.55918]]]}},{"type":"Feature","properties":{},"geometry":{"type":"Polygon","coordinates":[[[-165.80382,-10.94752],[-165.81522,-10.95298],[-165.82474,-10.94915],[-165.82307,-10.94695],[-165.81416,-10.94793],[-165.81208,-10.93947],[-165.80541,-10.9389],[-165.80382,-10.94752]]]}},{"type":"Feature","properties":{},"geometry":{"type":"Polygon","coordinates":[[[-171.21158,-9.41709],[-171.21333,-9.41937],[-171.21504,-9.41391],[-171.21561,-9.40854],[-171.21451,-9.40455],[-171.21268,-9.40504],[-171.21158,-9.41709]]]}},{"type":"Feature","properties":{},"geometry":{"type":"Polygon","coordinates":[[[-171.26631,-9.37355],[-171.26883,-9.3764],[-171.27147,-9.3733],[-171.26907,-9.37062],[-171.26631,-9.37355]]]}},{"type":"Feature","properties":{},"geometry":{"type":"Polygon","coordinates":[[[-171.83796,-9.18019],[-171.83698,-9.18467],[-171.83804,-9.18418],[-171.83821,-9.17995],[-171.83796,-9.18019]]]}},{"type":"Feature","properties":{},"geometry":{"type":"Polygon","coordinates":[[[-171.84207,-9.16912],[-171.84765,-9.157],[-171.8476,-9.15187],[-171.84309,-9.15911],[-171.83987,-9.17075],[-171.84207,-9.16912]]]}},{"type":"Feature","properties":{},"geometry":{"type":"Polygon","coordinates":[[[-158.01094,-9.06666],[-158.00935,-9.06618],[-158.0,-9.07861],[-158.0,-9.08264],[-158.01094,-9.06666]]]}},{"type":"Feature","properties":{},"geometry":{"type":"Polygon","coordinates":[[[-158.02998,-9.06162],[-158.03165,-9.06333],[-158.03759,-9.05942],[-158.06481,-9.01458],[-158.03185,-9.05991],[-158.02998,-9.06162]]]}}]}